"repo","path","document","line","excerpt"
"core","app/app.go","review/REVIEW-2026-09-09.md","36","cube-core/app/app.go cube-core/app/registry.go cube-core/app/config_validation.go cube-core/app/app_test.go"
"core","app/app.go","review/REVIEW-2026-09-09.md","62","| 生命周期 | Core `app/app.go:285` 起收敛 Serve/Shutdown，再逆序停止 mods；`stopModsReverseWithContext:411` 在停止未完成时保留依赖 | 不只是调用 Stop 列表，而是在退出超时与依赖仍被使用之间做了明确取舍。超时不能等同于完成清理，进程级处置仍需部署策略 |"
"core","app/app_test.go","review/REVIEW-2026-09-09.md","36","cube-core/app/app.go cube-core/app/registry.go cube-core/app/config_validation.go cube-core/app/app_test.go"
"core","app/config_validation.go","review/REVIEW-2026-09-09.md","36","cube-core/app/app.go cube-core/app/registry.go cube-core/app/config_validation.go cube-core/app/app_test.go"
"core","app/config_validation.go","review/REVIEW-2026-09-09.md","91","**2. Core 的通用机制与业务部署策略仍有交织。** `app/config_validation.go:66` 起按 `game`、`instance`、`account` 等具体服务名检查 Redis、player、save_load 配置。安全默认值有价值；但通用 Core 如果绑定一种业务命名和持久化组合，会让不同接入方式承担额外耦合。这是架构观察，未确认运行时 bug。建议后续评估可注册的服务配置 validator/profile：通用机制留 Core，标准游戏接入策略由 Kit/模板选择。不要为“分层整齐”删除现有生产保护。"
"core","app/registry.go","review/REVIEW-2026-09-09.md","36","cube-core/app/app.go cube-core/app/registry.go cube-core/app/config_validation.go cube-core/app/app_test.go"
"core","cache/atomic_local.go","review/REVIEW-2026-09-13-02.md","17","coverage 包含 snapshot_l2.go、snapshot_l2_test.go、entity/remote_snapshot.go、cache/read_through.go、cache/atomic_local.go，并加 remoteentity/entity/cache scope，均无记录缺口和下一页；这不证明图谱已更新。Expiry 字段引用为 literal 源码检索，核查目标两个文件未调用 Expired，结论限定实际读取链。ledger 已知 partial 第 311 行读原文。未进行其他三仓功能的穷尽检查。"
"core","cache/atomic_local.go","review/REVIEW-2026-09-13-07.md","11","coverage 检查 remote_snapshot.go、interest.go、transaction_manager.go、read_through.go、atomic_local.go 及两个新增 promises 测试：旧文件 metadata_changed，新测试 not_tracked。相关实际源码直接阅读补证；entity scope 无记录缺口不代表完整。本轮不声称整个依赖图或全仓完成审查。"
"core","cache/mirror.go","review/IMPLEMENTATION-REMOTE-POLICY-MIRROR.md","23","| 通用缓存适配 | [cache/mirror.go](../../cache/mirror.go):94：Upsert 解码后 Set，Delete 直接 Delete | 不通用地比较 Envelope.Version；Delete 不携带版本给 Store。`VersionStale` 是策略，不是复制协议 |"
"core","cache/mirror.go","bug/REVIEW-2026-09-12-02.md","9","| Remote 接收删除直接失效缓存 | remoteentity/syncer.go:103–104 不比较 env.Version；cache/mirror.go:98–102 同样直接 Delete | 源码风险；真实 broker 顺序、旧删除投递与权威回填交错尚未端到端复现，后续单独验收，不扩大成已确认数据丢失 |"
"core","cache/read_through.go","review/REVIEW-2026-09-08.md","28","- cube-core/cache/read_through.go、store.go、read_through_promises_test.go；"
"core","cache/read_through.go","review/REVIEW-2026-09-08.md","39","| core | 缓存读穿透合并，版本存储插入/CAS 契约和内存实现 | cache/read_through.go；versionstore/versionstore.go、memory_store.go |"
"core","cache/read_through.go","review/REVIEW-2026-09-09.md","45","cube-core/cache/read_through.go"
"core","cache/read_through.go","review/REVIEW-2026-09-09.md","104","| RR-20260908-02 | Core `cache/read_through.go:91` | 无存活等待者仍拒绝新跟随者 | 每次 admission 的资源计数，是否在完成、取消、错误三条路径都归还？累计指标是否误作存量？ |"
"core","cache/read_through.go","review/REVIEW-2026-09-13-02.md","17","coverage 包含 snapshot_l2.go、snapshot_l2_test.go、entity/remote_snapshot.go、cache/read_through.go、cache/atomic_local.go，并加 remoteentity/entity/cache scope，均无记录缺口和下一页；这不证明图谱已更新。Expiry 字段引用为 literal 源码检索，核查目标两个文件未调用 Expired，结论限定实际读取链。ledger 已知 partial 第 311 行读原文。未进行其他三仓功能的穷尽检查。"
"core","cache/read_through.go","review/REVIEW-2026-09-13-07.md","11","coverage 检查 remote_snapshot.go、interest.go、transaction_manager.go、read_through.go、atomic_local.go 及两个新增 promises 测试：旧文件 metadata_changed，新测试 not_tracked。相关实际源码直接阅读补证；entity scope 无记录缺口不代表完整。本轮不声称整个依赖图或全仓完成审查。"
"core","cache/read_through.go","bug/REVIEW-2026-09-08.md","43","**P2，已复现，未修复。** core [cache/read_through.go](../../cache/read_through.go) 第 91–105 行。"
"core","cache/read_through.go","bug/REVIEW-2026-09-09.md","36","| RR-20260908-02 | Core `cache/read_through.go:91–105` | 取消等待后，新等待者仍被拒绝 |"
"core","cache/read_through.go","bug/REVIEW-2026-09-13-02.md","7","位置：[entity/remote_snapshot.go](../../entity/remote_snapshot.go):186–195 固定 `IgnoreRemoteError: true`；[cache/read_through.go](../../cache/read_through.go):182–195 对 remote.Set 的所有错误统一降级，再写 L1。"
"core","cache/read_through.go","bug/REVIEW-2026-09-13-02.md","17","位置：[cache/read_through.go](../../cache/read_through.go):146–148 的 L2 命中直接 `setLocal(value)`；[entity/remote_snapshot.go](../../entity/remote_snapshot.go):173–179 的 Stale 只比较 epoch/version，不比较相同版本内容；Publish 的专用冲突检查在 :315–320，但回填不经过它。"
"core","cache/read_through.go","bug/REVIEW-2026-09-13-07.md","7","原两个 Replicator 删除乱序复现均通过，说明直接 Publish 的墓碑有效。但 [DeleteAtVersion](../../entity/remote_snapshot.go)（520–536 行）只比较 L1，墓碑检查仅在 Publish（404 行），[ReadThrough.loadOne](../../cache/read_through.go)（137–159 行）不经过这道检查。"
"core","cache/read_through.go","bug/REVIEW-2026-09-13-07.md","16","[Publish](../../entity/remote_snapshot.go)（425–447 行）新增 cold L1 的 L2.Get 预检查，但 [ReadThrough.Set](../../cache/read_through.go)（192–202 行）仍在 IgnoreRemoteError 下吞掉实际 Set 的语义冲突。"
"core","cache/read_through_promises_test.go","review/REVIEW-2026-09-08.md","28","- cube-core/cache/read_through.go、store.go、read_through_promises_test.go；"
"core","dataengine/engine/assembly.go","review/IMPLEMENTATION-STATE-AND-LIFECYCLE.md","17","Core `dataengine/engine/assembly.go` 持有 Runtime；`runtime.go` 管理组件关闭。原问题是在 Shutdown 尚未成功时丢弃 Runtime，后一次调用因为没有对象而返回成功，形成“未完成却不可重试”。"
"core","dataengine/engine/assembly.go","review/REVIEW-2026-09-09-03.md","31","cube-core/dataengine/engine/assembly.go cube-core/dataengine/engine/runtime.go cube-core/dataengine/engine/projector.go cube-core/dataengine/engine/outbox_worker.go cube-core/dataengine/engine/projector_test.go cube-core/dataengine/engine/assembly_promises_test.go"
"core","dataengine/engine/assembly.go","review/REVIEW-2026-09-09.md","42","cube-core/dataengine/engine/assembly.go"
"core","dataengine/engine/assembly.go","review/REVIEW-2026-09-09.md","61","| Core/Kit 分工 | Core `dataengine/engine/assembly.go` 的 typed Config/Dependencies 与 Assemble/Start/Shutdown；Kit `dataengine/mod.go` 将配置和能力解析后交给 Assembly | 实现归属符合三仓目标。Core 可以承载必要的基础设施实现，不必退回“只有接口”的空壳；关键是契约与具体驱动的依赖方向 |"
"core","dataengine/engine/assembly.go","bug/REVIEW-2026-09-09-03.md","9","**位置：** `dataengine/engine/assembly.go:161–164` 调用 runtime.Shutdown 后，无论结果如何都清空 `a.runtime`；下次调用在 `runtime == nil` 时返回 nil。Kit `dataengine/mod.go` 的 StopWithContext 直接转发到该方法。"
"core","dataengine/engine/assembly_promises_test.go","review/REVIEW-2026-09-09-03.md","31","cube-core/dataengine/engine/assembly.go cube-core/dataengine/engine/runtime.go cube-core/dataengine/engine/projector.go cube-core/dataengine/engine/outbox_worker.go cube-core/dataengine/engine/projector_test.go cube-core/dataengine/engine/assembly_promises_test.go"
"core","dataengine/engine/outbox_worker.go","review/REVIEW-2026-09-09-03.md","31","cube-core/dataengine/engine/assembly.go cube-core/dataengine/engine/runtime.go cube-core/dataengine/engine/projector.go cube-core/dataengine/engine/outbox_worker.go cube-core/dataengine/engine/projector_test.go cube-core/dataengine/engine/assembly_promises_test.go"
"core","dataengine/engine/projector.go","review/REVIEW-2026-09-09-03.md","31","cube-core/dataengine/engine/assembly.go cube-core/dataengine/engine/runtime.go cube-core/dataengine/engine/projector.go cube-core/dataengine/engine/outbox_worker.go cube-core/dataengine/engine/projector_test.go cube-core/dataengine/engine/assembly_promises_test.go"
"core","dataengine/engine/projector_test.go","review/REVIEW-2026-09-09-03.md","31","cube-core/dataengine/engine/assembly.go cube-core/dataengine/engine/runtime.go cube-core/dataengine/engine/projector.go cube-core/dataengine/engine/outbox_worker.go cube-core/dataengine/engine/projector_test.go cube-core/dataengine/engine/assembly_promises_test.go"
"core","dataengine/engine/runtime.go","review/REVIEW-2026-09-09-03.md","31","cube-core/dataengine/engine/assembly.go cube-core/dataengine/engine/runtime.go cube-core/dataengine/engine/projector.go cube-core/dataengine/engine/outbox_worker.go cube-core/dataengine/engine/projector_test.go cube-core/dataengine/engine/assembly_promises_test.go"
"core","dependency_boundary_test.go","review/REVIEW-2026-09-09.md","44","cube-core/dependency_boundary_test.go"
"core","entity/category_order.go","review/IMPLEMENTATION-CATEGORY-REGISTRY-AND-GENERATION.md","15","category_order.go 中类别数值就是锁序：Remote=1，World=2，PlayerScoped=3，Player=4，Other=5；Unknown=255 保留。RegisterEntityCategories 提供名称与可选类别集合约束；不声明名称也会按注册 category 派生锁序。managed kind 强制派生到 Remote 档，ValidateEntityRegistry 同时报告其声明类别不为 Remote 的错误。"
"core","entity/category_order.go","review/REVIEW-2026-09-10-03.md","37","check_index_coverage 批量检查 19 个主要证据路径，随后补 4 个新增测试/Cancel 路径：已存在源码均 metadata_changed，category_order.go 和新增 marker/validate 测试 not_tracked；ledger 有 partial 311～311，已读该行和本轮第 8 行入口。图谱 snippet 因旧行号出现头尾错位，已读取当前完整函数与行号补证。没有改动或重启用户索引。"
"core","entity/entity_base.go","bug/REVIEW-2026-09-17-03.md","66","当前 `entity.EntityBase.Sync()`（Core `entity/entity_base.go:195`）可取同步状态，RoomManager.Create / RoomBroadcaster.RegisterSubject 可组合；RoomBroadcaster 构造函数已经创建自己的 SubscriptionCoordinator（`room/room_broadcast.go:451`）。Codegen 生成 SubjectPackerFactory 与 NewRoomSink 两端。由此不能直接采纳候选中的“现在写不出来”或另建第二个 coordinator 的方案。"
"core","entity/entity_factory.go","review/IMPLEMENTATION-CATEGORY-REGISTRY-AND-GENERATION.md","7","entity_factory.go 用按 kind 编址的原子指针槽保存注册信息，写者由 registryMu 串行化，复制并发布记录；读者读取已发布槽。它减少热路径查表锁，并不意味着整个注册过程的所有派生状态是一个整体原子事务，也不让 builder 指针指向的可变对象自动不可变。"
"core","entity/entity_factory.go","review/IMPLEMENTATION-REMOTE-POLICY-MIRROR.md","20","| 构造/生成 | [entity_factory.go](../../entity/entity_factory.go):341、[gen.go](../../../cube-codegen/internal/entity/gen.go):34、50、400：特殊接口/RemoteBase 分支只针对 Managed | Mirror 仍走普通 EntityBase 分支；`noPersist` 独立设置，不能假定 Mirror 自动禁用 DAO/持久化 |"
"core","entity/entity_factory.go","review/REVIEW-2026-09-09-03.md","37","cube-core/entity/entity_factory.go cube-core/entity/idgen.go"
"core","entity/entity_factory.go","bug/REVIEW-2026-09-12-02.md","7","| `remote=mirror` 未接只读运行时 | entity/policy.go、entity_factory.go:341、Nest shouldPrepareRemoteID、codegen gen.go:34；M-04 已明示 | 已知功能缺口，不冒充新回归；不能向业务承诺标记自动只读 |"
"core","entity/entity_guard.go","review/IMPLEMENTATION-STATE-AND-LIFECYCLE.md","7","入口是 Core `nest/cast.go` 的 CastMulti，依赖 `entity/entity_guard.go` 的锁作用域。阅读到的顺序是：规范化目标 → 检查 Guard/dispatch/getter → 在加载前检查组锁顺序与远程声明 → GetMany → 校验已加载目标 → 排序并 Touch/RequireEntity → 返回实体。"
"core","entity/idgen.go","review/IMPLEMENTATION-CATEGORY-REGISTRY-AND-GENERATION.md","9","idgen.go 的 BuildEntityID 先 ResolveEntityKindCategory，再构造 ID；resolver.go 的 ResolveEntityID 对已注册 kind 从注册表读取 Category。历史低两位不再是本地已知 kind 的类别权威，但仍被写入，并在未知 kind 时作为兼容提示。FullID 保留原始低位，远程提示位可按本地注册补齐。NormalizeFullID 验 kind、unique、注册存在等，不再把 ID 低两位与注册类别作比较。"
"core","entity/idgen.go","review/REVIEW-2026-09-09-03.md","37","cube-core/entity/entity_factory.go cube-core/entity/idgen.go"
"core","entity/policy.go","review/IMPLEMENTATION-REMOTE-POLICY-MIRROR.md","19","| Entity policy | [policy.go](../../entity/policy.go):17–84：Mirror 为 remote-capable、非 managed；默认 `MirrorCache`；校验 lifetime 配对 | 不订阅、不加载、不强制只读；lifetime 注释本身声明其为元数据 |"
"core","entity/policy.go","bug/REVIEW-2026-09-12-02.md","7","| `remote=mirror` 未接只读运行时 | entity/policy.go、entity_factory.go:341、Nest shouldPrepareRemoteID、codegen gen.go:34；M-04 已明示 | 已知功能缺口，不冒充新回归；不能向业务承诺标记自动只读 |"
"core","entity/remote_snapshot.go","review/IMPLEMENTATION-REMOTE-POLICY-MIRROR.md","24","| 实体快照缓存 | [remote_snapshot.go](../../entity/remote_snapshot.go):160、244、308、350：完整 scope key、冻结字节、版本/epoch、delta gap、同版本内容冲突、加载限额 | 删除/淘汰后没有永久版本底线；不是端到端一致性与授权证明 |"
"core","entity/remote_snapshot.go","review/IMPLEMENTATION-REPAIR-ACCEPTANCE.md","7","[remote_snapshot.go](../../entity/remote_snapshot.go) 将墓碑检查交给 StoreConfig.Superseded，在 L1 分片锁内对回填与发布一并判定；ReadThrough 被拒后返回现值或 miss，避免缓存没写进去却把已删除的旧值交给业务。FatalRemoteError 决定实际 L2.Set 返回的错误能否降级，预检查不再被当成并发屏障。对实现 RemoteSnapshotVersionedDeleter 的 L2，删除也有版本比较；未实现该接口的适配器仍需单独验收。"
"core","entity/remote_snapshot.go","review/REVIEW-2026-09-13-02.md","17","coverage 包含 snapshot_l2.go、snapshot_l2_test.go、entity/remote_snapshot.go、cache/read_through.go、cache/atomic_local.go，并加 remoteentity/entity/cache scope，均无记录缺口和下一页；这不证明图谱已更新。Expiry 字段引用为 literal 源码检索，核查目标两个文件未调用 Expired，结论限定实际读取链。ledger 已知 partial 第 311 行读原文。未进行其他三仓功能的穷尽检查。"
"core","entity/remote_snapshot.go","review/REVIEW-2026-09-13-07.md","11","coverage 检查 remote_snapshot.go、interest.go、transaction_manager.go、read_through.go、atomic_local.go 及两个新增 promises 测试：旧文件 metadata_changed，新测试 not_tracked。相关实际源码直接阅读补证；entity scope 无记录缺口不代表完整。本轮不声称整个依赖图或全仓完成审查。"
"core","entity/remote_snapshot.go","review/REVIEW-2026-09-14.md","34","coverage 检查 wal.go、snapshot_l2.go、remote_snapshot.go、ownership.go、marker.go：generation 2026-09-08T14:39:26Z，均 metadata_changed；读取当前源码补证，图谱不代表最新完整依赖。Kit/Codegen 本轮仅同步，无新增源代码覆盖。"
"core","entity/remote_snapshot.go","bug/REVIEW-2026-09-12-02.md","8","| 通用缓存删除不保留版本水位 | entity/remote_snapshot.go:389；临时 race 探针：v2 → Delete → 迟到 v1，结果 v1 | 作为失效原语可解释；接成只读复制协议前必须补防复活机制 |"
"core","entity/remote_snapshot.go","bug/REVIEW-2026-09-13-02.md","7","位置：[entity/remote_snapshot.go](../../entity/remote_snapshot.go):186–195 固定 `IgnoreRemoteError: true`；[cache/read_through.go](../../cache/read_through.go):182–195 对 remote.Set 的所有错误统一降级，再写 L1。"
"core","entity/remote_snapshot.go","bug/REVIEW-2026-09-13-02.md","17","位置：[cache/read_through.go](../../cache/read_through.go):146–148 的 L2 命中直接 `setLocal(value)`；[entity/remote_snapshot.go](../../entity/remote_snapshot.go):173–179 的 Stale 只比较 epoch/version，不比较相同版本内容；Publish 的专用冲突检查在 :315–320，但回填不经过它。"
"core","entity/remote_snapshot.go","bug/REVIEW-2026-09-13-02.md","37","位置：[entity/remote_snapshot.go](../../entity/remote_snapshot.go):75、96–98 定义 ExpiresAt/Expired；构造缓存 :181–191 只使用固定 TTL，Get :244–269 未检查 envelope.ExpiresAt；[remoteentity/snapshot_l2.go](../../remoteentity/snapshot_l2.go):80–94 解码保留该字段但不拒绝过期。"
"core","entity/remote_snapshot.go","bug/REVIEW-2026-09-13-04.md","16","U-0175 在 [entity/remote_snapshot.go](../../entity/remote_snapshot.go):257 起检查 layered.Get 返回值的 Expired，修好了 Cached 命中的原触发；这部分有效。"
"core","entity/remote_snapshot.go","bug/REVIEW-2026-09-13-07.md","7","原两个 Replicator 删除乱序复现均通过，说明直接 Publish 的墓碑有效。但 [DeleteAtVersion](../../entity/remote_snapshot.go)（520–536 行）只比较 L1，墓碑检查仅在 Publish（404 行），[ReadThrough.loadOne](../../cache/read_through.go)（137–159 行）不经过这道检查。"
"core","entity/remote_snapshot.go","bug/REVIEW-2026-09-13-07.md","16","[Publish](../../entity/remote_snapshot.go)（425–447 行）新增 cold L1 的 L2.Get 预检查，但 [ReadThrough.Set](../../cache/read_through.go)（192–202 行）仍在 IgnoreRemoteError 下吞掉实际 Set 的语义冲突。"
"core","entity/remote_snapshot.go","bug/REVIEW-2026-09-13.md","7","位置：[remoteentity/syncer.go](../../remoteentity/syncer.go):100–103；`DeleteRemoteSnapshot` 在第 68 行发送 version，但接收侧直接 `cache.Delete(key)`，不比较 `env.Version`，也不保留删除水位。[entity/remote_snapshot.go](../../entity/remote_snapshot.go):389 的 Delete 是缓存失效原语。"
"core","entity/remote_snapshot.go","bug/REVIEW-2026-09-13.md","42","位置：[entity/remote_snapshot.go](../../entity/remote_snapshot.go):282–292，`loadMonotonic` 跟随者 `call.waiters++` 后，ctx 取消直接返回，不减回。"
"core","entity/resolver.go","review/IMPLEMENTATION-CATEGORY-REGISTRY-AND-GENERATION.md","9","idgen.go 的 BuildEntityID 先 ResolveEntityKindCategory，再构造 ID；resolver.go 的 ResolveEntityID 对已注册 kind 从注册表读取 Category。历史低两位不再是本地已知 kind 的类别权威，但仍被写入，并在未知 kind 时作为兼容提示。FullID 保留原始低位，远程提示位可按本地注册补齐。NormalizeFullID 验 kind、unique、注册存在等，不再把 ID 低两位与注册类别作比较。"
"core","entity/subject_sync.go","review/REVIEW-2026-09-15-03.md","17","coverage 对 entitysync/subscription.go、subscription_test.go、entity/subject_sync.go 均 metadata_changed，generation=2026-09-08T14:39:26Z。直接读订阅/退订、批量准入/提交、水位门槛与测试助手、实体捕获及 LSN 访问器补证。"
"core","entity/subject_sync.go","review/REVIEW-2026-09-15-04.md","9","实际审查为 Core entitysync/subscription.go 的 Subscribe、Unsubscribe、DistributeBatch、SetSink、Close、Profiles、回滚和准入辅助函数，以及 entity/subject_sync.go 的批次 reservation、Commit/Abort 与 dirty generation 交接。Kit、Codegen 只同步基线，没有新增源码覆盖。"
"core","entity/subject_sync.go","review/REVIEW-2026-09-15-04.md","13","Verify：D-whb_s，根 D:/whb_s，index_status ready。图谱 generation 为 2026-09-08T14:39:26Z；三个证据文件 subscription.go、subscription_test.go、subject_sync.go 的 coverage 均为 no_recorded_issue、metadata_changed，因此读取当前源码补证，不能称图谱与 HEAD 同代。"
"core","entity/subject_sync.go","bug/REVIEW-2026-09-15-03.md","7","状态：未修复。位置：`entitysync/subscription.go:172` Subscribe（包括 profile 切换）捕获当前快照并直接准入；`:326` DistributeBatch 直接准入预备内容。与同文件 FlushSubject 的 LastCommitLSN/durableWatermark 检查不一致。实体快照捕获见 `entity/subject_sync.go:481`，不提供持久化水位过滤。"
"core","entity/subject_sync.go","bug/REVIEW-2026-09-18.md","9","**状态：未修复；Wanted-05 的生成入口缺口。** Codegen `internal/entity/gen.go:357` 附近生成 EntitySyncBuilderParam，`:362` 生成 FlushPolicy，`:367` 生成 SubjectPackerFactory；Core `entity/subject_sync.go:143` 的当前配置仅有 Enabled、Topic、PackerFactory。"
"core","entitysync/subscription.go","review/IMPLEMENTATION-REMOTE-POLICY-MIRROR.md","27","| 订阅协调 | [entitysync/subscription.go](../../entitysync/subscription.go):89、112、173：成员、profile、首快照准入、subject 串行、可靠 sink 契约 | 不等同 RemoteSnapshot wire，也不自行提供网络/历史重放；接入需明确协议适配 |"
"core","entitysync/subscription.go","review/REVIEW-2026-09-09.md","39","cube-core/entitysync/subscription.go"
"core","entitysync/subscription.go","review/REVIEW-2026-09-09.md","65","| 持久化与客户端可见性 | `entitysync/subscription.go` SetDurableWatermark / FlushSubject：超过 durable LSN 时跳过分发并保留 dirty | 同步路径考虑了 pipelined commit 下“内存已变、磁盘未确认”的间隙。实际安全性仍取决于装配正确安装 watermark 和恢复链路，本轮未全链路故障注入 |"
"core","entitysync/subscription.go","review/REVIEW-2026-09-15-03.md","17","coverage 对 entitysync/subscription.go、subscription_test.go、entity/subject_sync.go 均 metadata_changed，generation=2026-09-08T14:39:26Z。直接读订阅/退订、批量准入/提交、水位门槛与测试助手、实体捕获及 LSN 访问器补证。"
"core","entitysync/subscription.go","review/REVIEW-2026-09-15-04.md","9","实际审查为 Core entitysync/subscription.go 的 Subscribe、Unsubscribe、DistributeBatch、SetSink、Close、Profiles、回滚和准入辅助函数，以及 entity/subject_sync.go 的批次 reservation、Commit/Abort 与 dirty generation 交接。Kit、Codegen 只同步基线，没有新增源码覆盖。"
"core","entitysync/subscription.go","bug/REVIEW-2026-09-15-03.md","7","状态：未修复。位置：`entitysync/subscription.go:172` Subscribe（包括 profile 切换）捕获当前快照并直接准入；`:326` DistributeBatch 直接准入预备内容。与同文件 FlushSubject 的 LastCommitLSN/durableWatermark 检查不一致。实体快照捕获见 `entity/subject_sync.go:481`，不提供持久化水位过滤。"
"core","entitysync/subscription.go","bug/REVIEW-2026-09-15-04.md","7","位置：entitysync/subscription.go，Subscribe 178 行、Unsubscribe 260 行、DistributeBatch 341 行、subjectOpIndex 614 行、admitEnvelopes 689 行。"
"core","entitysync/subscription.go","bug/REVIEW-2026-09-18.md","25","**状态：未修复；限于 pipelined commit 部署。** Core `room/room_broadcast.go:423` 配置、`:451` 构造内部 SubscriptionCoordinator，`:695` 订阅、`:968`/`:986` 批量准备/分发、`:1076` 单实体 flush；`room/room_manager.go:25` 的配置同样没有 durable watermark。对照 `entitysync/subscription.go:490` SetDurableWatermark。"
"core","entitysync/subscription_test.go","review/REVIEW-2026-09-15-03.md","17","coverage 对 entitysync/subscription.go、subscription_test.go、entity/subject_sync.go 均 metadata_changed，generation=2026-09-08T14:39:26Z。直接读订阅/退订、批量准入/提交、水位门槛与测试助手、实体捕获及 LSN 访问器补证。"
"core","entitysync/subscription_test.go","review/REVIEW-2026-09-15-04.md","13","Verify：D-whb_s，根 D:/whb_s，index_status ready。图谱 generation 为 2026-09-08T14:39:26Z；三个证据文件 subscription.go、subscription_test.go、subject_sync.go 的 coverage 均为 no_recorded_issue、metadata_changed，因此读取当前源码补证，不能称图谱与 HEAD 同代。"
"core","lifecycle/lifecycle_test.go","bug/REVIEW-2026-09-13-06.md","5","以下是实际运行的临时测试。保存为临时 lifecycle_test.go，overlay.json 的 Replace 将 D:/whb_s/cube-core/mirror/review_lifecycle_test.go 映射到该文件绝对路径。在 core 运行 `go test -race -count=1 -overlay <overlay.json> ./mirror -run '^TestReview' -v`。三个场景均通过，刻画当前能力边界。"
"core","lockstep/room.go","bug/REVIEW-2026-09-14-03.md","17","状态：未修复。位置：`lockstep/room.go:153-159`、`:295`、`:416`。"
"core","lockstep/room.go","bug/REVIEW-2026-09-14-03.md","25","状态：未修复。位置：`lockstep/sequencer.go:102`、`lockstep/room.go:125`、`:231`。"
"core","lockstep/room.go","bug/REVIEW-2026-09-14-03.md","33","状态：未修复。位置：`lockstep/room.go:148`、`lockstep/sequencer.go:102`、`lockstep/wire.go:135`。"
"core","lockstep/sequencer.go","review/REVIEW-2026-09-09.md","41","cube-core/lockstep/sequencer.go"
"core","lockstep/sequencer.go","review/REVIEW-2026-09-09.md","67","| 帧序列 | `lockstep/sequencer.go:102` 起限制成员、输入大小和未来窗口；Advance 按 PlayerID 排序 | 提供输入排序基础。确定性模拟、客户端兼容、反作弊和完整回放验收不能由序列器单独保证，本轮未深审技能/战斗系统 |"
"core","lockstep/sequencer.go","bug/REVIEW-2026-09-14-03.md","7","状态：未修复。位置：`lockstep/sequencer.go:164`、`:208`。"
"core","lockstep/sequencer.go","bug/REVIEW-2026-09-14-03.md","25","状态：未修复。位置：`lockstep/sequencer.go:102`、`lockstep/room.go:125`、`:231`。"
"core","lockstep/sequencer.go","bug/REVIEW-2026-09-14-03.md","33","状态：未修复。位置：`lockstep/room.go:148`、`lockstep/sequencer.go:102`、`lockstep/wire.go:135`。"
"core","lockstep/sequencer.go","bug/REVIEW-2026-09-14-04.md","7","状态：未修复。位置：`lockstep/sequencer.go:216`、`:226`、`:262`。"
"core","lockstep/wire.go","bug/REVIEW-2026-09-14-03.md","33","状态：未修复。位置：`lockstep/room.go:148`、`lockstep/sequencer.go:102`、`lockstep/wire.go:135`。"
"core","manager/engine.go","bug/REVIEW-2026-09-16-05.md","7","**P2，Core，未修复；Kit ManagerMod 同样受影响。** 位置：[manager/engine.go](../../manager/engine.go):113 Start、:136 stopRequested、:160 started 追加、:182 stopStarted。Kit manager/manager_mod.go:74 转发 Start。"
"core","manager/engine.go","bug/REVIEW-2026-09-16-05.md","26","**P2，Core，未修复；Kit 转发继承该行为。** 位置：[manager/engine.go](../../manager/engine.go):56 Register、:59 started != nil、:113 Start、:117 pending 快照、:160 首次写入 started。"
"core","mirror/envelope.go","review/IMPLEMENTATION-MIRROR-LIFECYCLE.md","5","[envelope.go](../../mirror/envelope.go) 的 Start（48 行）在 mutex 内订阅并设置 started，失败允许重试。handler 直接调用 Store.ApplyReplica，使用 fctx.BaseContext；没有检查 started 或实例 generation。Stop（106 行）在 mutex 内调用 unsubscribe，再清除标志；没有在途计数或接收 context 取消。"
"core","mirror/envelope.go","review/IMPLEMENTATION-REMOTE-POLICY-MIRROR.md","22","| 通用传输 | [mirror/envelope.go](../../mirror/envelope.go):48、129：校验内外层 topic/key/version/op、发布独立 MessageID、可传 context | 没有全量首次加载、重连补洞、权限校验、版本墓碑；Apply 错误怎样重试由实际 bus 决定 |"
"core","mirror/envelope.go","review/REVIEW-2026-09-13-06.md","11","采用 roost-review/codebase-memory Verify。list_projects 确认 D-whb_s 根 D:/whb_s。coverage generation 为 2026-09-08T14:39:26Z，envelope.go 和 sync.go 均 metadata_changed，已读取实际源码补证。mirror scope 无记录缺口不等于完整覆盖。search_graph 在 mirror 返回 5 项、syncbus 返回 10 项，均无剩余分页。get_code_snippet 读取 Start；Stop 双向 trace 零关系不作为无调用者证明。"
"core","nats/client.go","review/REVIEW-2026-09-16-02.md","17","check_index_coverage 对以下九个证据文件均为 no_recorded_issue，但 freshness 为 metadata_changed，generation=`2026-09-08T14:39:26Z`：room/jetstream_syncbus.go、room/nats_syncbus.go、room/jetstream_syncbus_test.go、nats/driver/jetstream.go、nats/driver/client.go、nats/jetstream.go、nats/client.go、nats/driver/jetstream_settle_test.go、nats/driver/jetstream_test.go。已读当前源码补证；普通 client 的重点为发布/订阅入口，不声明整个文件审查完成。没有重建或终止共享索引，没有声称图谱与本轮 Git 同代。"
"core","nats/config.go","review/REVIEW-2026-09-16-03.md","25","- Core：nats/driver/client.go、options.go、jetstream.go、jetstream_test.go；nats/config.go、jetstream.go；room/jetstream_syncbus.go、nats_syncbus.go；syncstream/publisher.go、adapter_test.go、subscribe_promises_test.go；syncbus/sync.go、patch_syncer.go。"
"core","nats/driver/client.go","review/REVIEW-2026-09-16-02.md","17","check_index_coverage 对以下九个证据文件均为 no_recorded_issue，但 freshness 为 metadata_changed，generation=`2026-09-08T14:39:26Z`：room/jetstream_syncbus.go、room/nats_syncbus.go、room/jetstream_syncbus_test.go、nats/driver/jetstream.go、nats/driver/client.go、nats/jetstream.go、nats/client.go、nats/driver/jetstream_settle_test.go、nats/driver/jetstream_test.go。已读当前源码补证；普通 client 的重点为发布/订阅入口，不声明整个文件审查完成。没有重建或终止共享索引，没有声称图谱与本轮 Git 同代。"
"core","nats/driver/client.go","review/REVIEW-2026-09-16-03.md","25","- Core：nats/driver/client.go、options.go、jetstream.go、jetstream_test.go；nats/config.go、jetstream.go；room/jetstream_syncbus.go、nats_syncbus.go；syncstream/publisher.go、adapter_test.go、subscribe_promises_test.go；syncbus/sync.go、patch_syncer.go。"
"core","nats/driver/jetstream.go","review/IMPLEMENTATION-JETSTREAM-SYNCBUS-AND-LIFECYCLE.md","27","| 确认 | `nats/driver/jetstream.go:40` 调用同步 Publish，映射 ACK；room PublishConfirmed 复用 Publish | 确认不表示消费者已应用；普通 NATS 适配没有此确认能力 |"
"core","nats/driver/jetstream.go","review/REVIEW-2026-09-16-02.md","17","check_index_coverage 对以下九个证据文件均为 no_recorded_issue，但 freshness 为 metadata_changed，generation=`2026-09-08T14:39:26Z`：room/jetstream_syncbus.go、room/nats_syncbus.go、room/jetstream_syncbus_test.go、nats/driver/jetstream.go、nats/driver/client.go、nats/jetstream.go、nats/client.go、nats/driver/jetstream_settle_test.go、nats/driver/jetstream_test.go。已读当前源码补证；普通 client 的重点为发布/订阅入口，不声明整个文件审查完成。没有重建或终止共享索引，没有声称图谱与本轮 Git 同代。"
"core","nats/driver/jetstream.go","bug/REVIEW-2026-09-16-02.md","9","位置：`room/jetstream_syncbus.go:98–105,158–165,247–255`，`nats/driver/jetstream.go:32–37,69`。"
"core","nats/driver/jetstream.go","bug/REVIEW-2026-09-16-03.md","9","位置：`room/jetstream_syncbus.go:147–193,247–255`，`nats/driver/jetstream.go:62–82`。业务影响链路：`syncstream/publisher.go:248–294,297–351`。"
"core","nats/driver/jetstream_settle_test.go","review/REVIEW-2026-09-16-02.md","17","check_index_coverage 对以下九个证据文件均为 no_recorded_issue，但 freshness 为 metadata_changed，generation=`2026-09-08T14:39:26Z`：room/jetstream_syncbus.go、room/nats_syncbus.go、room/jetstream_syncbus_test.go、nats/driver/jetstream.go、nats/driver/client.go、nats/jetstream.go、nats/client.go、nats/driver/jetstream_settle_test.go、nats/driver/jetstream_test.go。已读当前源码补证；普通 client 的重点为发布/订阅入口，不声明整个文件审查完成。没有重建或终止共享索引，没有声称图谱与本轮 Git 同代。"
"core","nats/driver/jetstream_test.go","review/REVIEW-2026-09-16-02.md","17","check_index_coverage 对以下九个证据文件均为 no_recorded_issue，但 freshness 为 metadata_changed，generation=`2026-09-08T14:39:26Z`：room/jetstream_syncbus.go、room/nats_syncbus.go、room/jetstream_syncbus_test.go、nats/driver/jetstream.go、nats/driver/client.go、nats/jetstream.go、nats/client.go、nats/driver/jetstream_settle_test.go、nats/driver/jetstream_test.go。已读当前源码补证；普通 client 的重点为发布/订阅入口，不声明整个文件审查完成。没有重建或终止共享索引，没有声称图谱与本轮 Git 同代。"
"core","nats/driver/jetstream_test.go","review/REVIEW-2026-09-16-03.md","25","- Core：nats/driver/client.go、options.go、jetstream.go、jetstream_test.go；nats/config.go、jetstream.go；room/jetstream_syncbus.go、nats_syncbus.go；syncstream/publisher.go、adapter_test.go、subscribe_promises_test.go；syncbus/sync.go、patch_syncer.go。"
"core","nats/driver/options.go","review/REVIEW-2026-09-16-03.md","25","- Core：nats/driver/client.go、options.go、jetstream.go、jetstream_test.go；nats/config.go、jetstream.go；room/jetstream_syncbus.go、nats_syncbus.go；syncstream/publisher.go、adapter_test.go、subscribe_promises_test.go；syncbus/sync.go、patch_syncer.go。"
"core","nats/jetstream.go","review/REVIEW-2026-09-16-02.md","17","check_index_coverage 对以下九个证据文件均为 no_recorded_issue，但 freshness 为 metadata_changed，generation=`2026-09-08T14:39:26Z`：room/jetstream_syncbus.go、room/nats_syncbus.go、room/jetstream_syncbus_test.go、nats/driver/jetstream.go、nats/driver/client.go、nats/jetstream.go、nats/client.go、nats/driver/jetstream_settle_test.go、nats/driver/jetstream_test.go。已读当前源码补证；普通 client 的重点为发布/订阅入口，不声明整个文件审查完成。没有重建或终止共享索引，没有声称图谱与本轮 Git 同代。"
"core","nest/cast.go","review/IMPLEMENTATION-STATE-AND-LIFECYCLE.md","7","入口是 Core `nest/cast.go` 的 CastMulti，依赖 `entity/entity_guard.go` 的锁作用域。阅读到的顺序是：规范化目标 → 检查 Guard/dispatch/getter → 在加载前检查组锁顺序与远程声明 → GetMany → 校验已加载目标 → 排序并 Touch/RequireEntity → 返回实体。"
"core","nest/client.go","bug/REVIEW-2026-09-11-02.md","18","- 位置：`nest/dispatcher.go:173`，尤其 `:202`；`nest/client.go:255`；`nest/nest.go:353`。"
"core","nest/delayed_shutdown_promises_test.go","review/REVIEW-2026-09-11-03.md","23","coverage 检查涉及 remoteentity/transaction_manager remoteentity/batch remoteentity/finalizer_stop_handoff_promises_test.go，nest/dispatcher nest/group_transition nest/msg nest/delayed_shutdown_promises_test.go，Mail 的 mailbox/service/types/store/settled_claim_retention_promises_test，以及 versionstore/memory_store.go、versionstore.go。旧路径 metadata_changed，新测试 not_tracked，均读取当前相关源码；账本 partial 的 311 行也读取补证。此信号不是完整性证明。"
"core","nest/dispatcher.go","bug/REVIEW-2026-09-11-02.md","18","- 位置：`nest/dispatcher.go:173`，尤其 `:202`；`nest/client.go:255`；`nest/nest.go:353`。"
"core","nest/group_transition.go","bug/REVIEW-2026-09-11-02.md","22","- 影响：停机期间额外保留请求等待与上游连接，错误语义退化为取消/超时。group_transition.go:375 的重新排队也保留 RetChan，因此可能涉及内部延迟重试；本轮只动态验证显式延迟请求，内部重排为源码推断。"
"core","nest/msg.go","review/IMPLEMENTATION-REMOTE-PREPARE-AND-FINALIZE.md","17","`nest/msg.go` 收尾区分：未 finalized 或 handler 失败走 Abort；正常走 Commit；已经标记不确定时不再当成明确失败 Abort，而通过 Close 将持有资源交给状态驱动的 finalizer。这个区分避免在 WAL 可能已接受时做错误回滚。"
"core","nest/nest.go","review/IMPLEMENTATION-REMOTE-POLICY-MIRROR.md","21","| Nest | [nest.go](../../nest/nest.go):477：只为 Managed prepare；[rollback.go](../../nest/rollback.go):822：非 Managed 仍可注册普通提交参与者 | 跳过 Remote 写批次不是本地写拒绝，也不是安全的 Mirror 读 API |"
"core","nest/nest.go","bug/REVIEW-2026-09-11-02.md","18","- 位置：`nest/dispatcher.go:173`，尤其 `:202`；`nest/client.go:255`；`nest/nest.go:353`。"
"core","nest/nest_dispatch.go","review/IMPLEMENTATION-REMOTE-PREPARE-AND-FINALIZE.md","7","Nest 的 `nest_dispatch.go` 从 Tid/Tids/GroupTIds 收集 managed remote ID，调用 Manager.PrepareRemoteWriteBatch。Broadcast 被拒绝，因为一次广播会拆成多个 handler 事务，与单个批量远程事务不一致。没有配置写管理器或返回 nil batch 时也拒绝进入。"
"core","nest/nest_dispatch.go","review/REVIEW-2026-09-09.md","37","cube-core/nest/nest_dispatch.go cube-core/nest/rollback.go cube-core/nest/transaction.go"
"core","nest/nest_dispatch.go","review/REVIEW-2026-09-09.md","63","| 事务 | `nest/transaction.go:74` 起明确 durable commit 与 indeterminate 契约；`rollback.go:496` 的 durableCommit；`nest_dispatch.go:831` 的 invokeHandlerTransaction | 能区分可回滚拒绝与结果不确定，后者触发 Fence。对玩家资产这类数据，比只暴露一个通用 error 更有价值；不能据此承诺跨系统任意操作 exactly-once |"
"core","nest/nest_dispatch.go","review/REVIEW-2026-09-09.md","64","| 并发与背压 | `worker/pool.go:148` TryDispatch 有明确队列满错误；`nest_dispatch.go:866` 起核对多实体加锁/释放 | 并发正确性有显式协议。业务仍须定义多实体原子边界；不能把实体串行化误当成所有跨实体操作自动安全 |"
"core","nest/pipelined_completion.go","review/IMPLEMENTATION-REPAIR-ACCEPTANCE.md","17","[rollback.go](../../nest/rollback.go) 逐项恢复回调 panic 并返回 ErrAfterCommitFailed，使后续释放回调仍有机会执行；[pipelined_completion.go](../../nest/pipelined_completion.go) 把错误送回等待者。业务不能把该错误等同“事务未提交”并盲目重试写操作。独立验收必须检查回复、释放和进程存活，不能只检查 recover 日志。"
"core","nest/pipelined_completion.go","bug/REVIEW-2026-09-11-04.md","9","**位置：** `nest/pipelined_completion.go:234` 的 tx.Commit 在回复之前执行；`nest/rollback.go:417` 起逐个执行 commits 回调，没有逐项异常隔离。`rollback.go:722` 将 TransactionReleased 追加到业务回调之后；`worker/worker.go:76` 的 SafeFunc 只在最外层恢复并记录 panic。"
"core","nest/remote_access.go","review/IMPLEMENTATION-REMOTE-PREPARE-AND-FINALIZE.md","25","`nest/remote_access.go` 在 handler 前收集 RemoteAccess 声明，校验 alias、引用、模式和一致性，解析快照后核对实体/种类/scope/route epoch，再校验版本/时效。Required 失败中止，optional 失败跳过；成功快照放入当前上下文，Remote[T] 按 alias 与类型读取。"
"core","nest/rollback.go","review/IMPLEMENTATION-REMOTE-POLICY-MIRROR.md","21","| Nest | [nest.go](../../nest/nest.go):477：只为 Managed prepare；[rollback.go](../../nest/rollback.go):822：非 Managed 仍可注册普通提交参与者 | 跳过 Remote 写批次不是本地写拒绝，也不是安全的 Mirror 读 API |"
"core","nest/rollback.go","review/IMPLEMENTATION-REPAIR-ACCEPTANCE.md","17","[rollback.go](../../nest/rollback.go) 逐项恢复回调 panic 并返回 ErrAfterCommitFailed，使后续释放回调仍有机会执行；[pipelined_completion.go](../../nest/pipelined_completion.go) 把错误送回等待者。业务不能把该错误等同“事务未提交”并盲目重试写操作。独立验收必须检查回复、释放和进程存活，不能只检查 recover 日志。"
"core","nest/rollback.go","review/REVIEW-2026-09-09.md","37","cube-core/nest/nest_dispatch.go cube-core/nest/rollback.go cube-core/nest/transaction.go"
"core","nest/rollback.go","review/REVIEW-2026-09-09.md","63","| 事务 | `nest/transaction.go:74` 起明确 durable commit 与 indeterminate 契约；`rollback.go:496` 的 durableCommit；`nest_dispatch.go:831` 的 invokeHandlerTransaction | 能区分可回滚拒绝与结果不确定，后者触发 Fence。对玩家资产这类数据，比只暴露一个通用 error 更有价值；不能据此承诺跨系统任意操作 exactly-once |"
"core","nest/rollback.go","bug/REVIEW-2026-09-11-04.md","9","**位置：** `nest/pipelined_completion.go:234` 的 tx.Commit 在回复之前执行；`nest/rollback.go:417` 起逐个执行 commits 回调，没有逐项异常隔离。`rollback.go:722` 将 TransactionReleased 追加到业务回调之后；`worker/worker.go:76` 的 SafeFunc 只在最外层恢复并记录 panic。"
"core","nest/transaction.go","review/REVIEW-2026-09-09.md","37","cube-core/nest/nest_dispatch.go cube-core/nest/rollback.go cube-core/nest/transaction.go"
"core","nest/transaction.go","review/REVIEW-2026-09-09.md","63","| 事务 | `nest/transaction.go:74` 起明确 durable commit 与 indeterminate 契约；`rollback.go:496` 的 durableCommit；`nest_dispatch.go:831` 的 invokeHandlerTransaction | 能区分可回滚拒绝与结果不确定，后者触发 Fence。对玩家资产这类数据，比只暴露一个通用 error 更有价值；不能据此承诺跨系统任意操作 exactly-once |"
"core","nestwal/committer.go","review/IMPLEMENTATION-REPAIR-ACCEPTANCE.md","13","[wal.go](../../nestwal/wal.go) 的 Sync 先将 barrier 放入写队列，收到 writer 回答后才 syncActive。屏障结束 BatchDelay 收集，使已准入记录不能留在内存而 Sync 返回成功。Flush/Shutdown 在 [committer.go](../../nestwal/committer.go) 使用可取消的 semaphore 等待；超时是停止等待，不保证用户 applier 已退出。原真实文件和截止复现均通过，磁盘卡死与并发 Close 仍需另验。"
"core","nestwal/committer.go","bug/REVIEW-2026-09-12.md","7","**状态：未修复。** 位置：`nestwal/committer.go:235` Flush、`:242` flushMu.Lock、`:319` Shutdown、`:380` replayMu.Lock。"
"core","nestwal/wal.go","review/IMPLEMENTATION-REPAIR-ACCEPTANCE.md","13","[wal.go](../../nestwal/wal.go) 的 Sync 先将 barrier 放入写队列，收到 writer 回答后才 syncActive。屏障结束 BatchDelay 收集，使已准入记录不能留在内存而 Sync 返回成功。Flush/Shutdown 在 [committer.go](../../nestwal/committer.go) 使用可取消的 semaphore 等待；超时是停止等待，不保证用户 applier 已退出。原真实文件和截止复现均通过，磁盘卡死与并发 Close 仍需另验。"
"core","nestwal/wal.go","review/REVIEW-2026-09-13-09.md","15","roost-review/codebase-memory Verify。list_projects 确认 D-whb_s；coverage generation 为 2026-09-08T14:39:26Z，ownership.go 和 wal.go 均 metadata_changed，直接阅读实际源码。首次 EnterShared/LeaveShared 简写搜索零结果，不作为缺失结论；准确 RemoteSharedMode 搜索找到两个方法，无剩余分页。EnterRemoteSharedMode 双向 trace 一页完成，接口边为启发式，零调用者不作为无使用证明。"
"core","nestwal/wal.go","review/REVIEW-2026-09-14.md","34","coverage 检查 wal.go、snapshot_l2.go、remote_snapshot.go、ownership.go、marker.go：generation 2026-09-08T14:39:26Z，均 metadata_changed；读取当前源码补证，图谱不代表最新完整依赖。Kit/Codegen 本轮仅同步，无新增源代码覆盖。"
"core","nestwal/wal.go","bug/REVIEW-2026-09-12.md","28","**状态：未修复。** 位置：`nestwal/wal.go:566` Sync、`:718` collectBatch、`:976` syncActive。"
"core","nestwal/wal.go","bug/REVIEW-2026-09-14.md","5","Core `50859c59124aeb15593ef6bf2475a5e4715a7e2d`，未修复。位置：[wal.go](../../nestwal/wal.go):618 的 `if closed { return nil }`；Close 在 748 行先设置 closed，再由 writer 异步排空。关联 RR-20260912-02，但本项是新增屏障中关闭分支的错误假设，旧普通 Sync 触发修复仍有效。"
"core","nestwal/wal_test.go","bug/REVIEW-2026-09-13-08.md","6","- WAL：复用[09-12 附录](REPRO-2026-09-12.md)的 wal_test.go，运行全部 TestReview，共五项通过。"
"core","nettransport/atomic_admission_test.go","review/REVIEW-2026-09-15-05.md","9","Verify，list_projects 确认 D-whb_s 根 D:/whb_s。coverage generation `2026-09-08T14:39:26Z`；以下证据文件均 no_recorded_issue 但 metadata_changed，全部以当前源码补证：room_broadcast.go/test.go、room_transport_sink.go/test.go、nettransport/channel.go、atomic_admission_test.go、sender.go。"
"core","nettransport/channel.go","review/REVIEW-2026-09-09.md","40","cube-core/nettransport/channel.go"
"core","nettransport/channel.go","review/REVIEW-2026-09-09.md","66","| 实时通信 | `nettransport/channel.go:147` 起有会话、可靠队列、字节预算、发送超时边界；可靠与 latest-only 通道独立工作 | 已有针对积压与慢接收端的机制。这证明设计存在，不证明特定人数或时延目标达成 |"
"core","nettransport/channel.go","review/REVIEW-2026-09-15-05.md","9","Verify，list_projects 确认 D-whb_s 根 D:/whb_s。coverage generation `2026-09-08T14:39:26Z`；以下证据文件均 no_recorded_issue 但 metadata_changed，全部以当前源码补证：room_broadcast.go/test.go、room_transport_sink.go/test.go、nettransport/channel.go、atomic_admission_test.go、sender.go。"
"core","nettransport/sender.go","review/REVIEW-2026-09-15-05.md","9","Verify，list_projects 确认 D-whb_s 根 D:/whb_s。coverage generation `2026-09-08T14:39:26Z`；以下证据文件均 no_recorded_issue 但 metadata_changed，全部以当前源码补证：room_broadcast.go/test.go、room_transport_sink.go/test.go、nettransport/channel.go、atomic_admission_test.go、sender.go。"
"core","remoteentity/assemble.go","review/IMPLEMENTATION-REMOTE-POLICY-MIRROR.md","26","| 现有 Assembly | [assemble.go](../../remoteentity/assemble.go):49：要求 Redis、SID、原子事务 backend | 只读服务不应为启动镜像被迫接入写锁、事务存储、finalizer |"
"core","remoteentity/assemble.go","review/REVIEW-2026-09-12-02.md","25","对 policy、factory、remote_snapshot、mirror/envelope、cache/mirror/store、entitysync/subscription、remoteentity/syncer/assembly/transaction_manager、Nest 与 codegen gen/parse 检查 coverage；对 entity/mirror/remoteentity/codegen internal/entity 加 scope，均无记录缺口、无分页，但 freshness 陈旧。对当前三仓 Go/模板中的 Mirror/policy 引用作源码补证，并直接阅读关键函数。补查发现 assemble.go 和 M-04 在旧图中 not_tracked，已读当前文件；ledger 第 311 行 partial，已读原文；kit scope 仅报告 .git/.idea 排除目录，不作为业务源码证据。不存在结论限定本轮三仓基线与这些接入路径，不宣称全仓功能穷尽。"
"core","remoteentity/assemble.go","bug/REVIEW-2026-09-12-02.md","10","| 完整 Remote Assembly 含写侧依赖 | remoteentity/assemble.go:49–95 要求 Redis 和原子 backend | 不适合作为轻量 Mirror 默认装配；建议提取读组件 |"
"core","remoteentity/assembly.go","review/IMPLEMENTATION-REMOTE-POLICY-MIRROR.md","25","| Remote 同步链 | [assembly.go](../../remoteentity/assembly.go):54 → [syncer.go](../../remoteentity/syncer.go):31、92：兴趣过滤发布、接收更新、gap/epoch/schema 异常后权威回填；[transaction_manager.go](../../remoteentity/transaction_manager.go):483：读时续租兴趣 | reader 与写 Manager 耦合，内部 wire/interest 实现未导出；不能直接把完整 Assembly 当轻量 Mirror 客户端 |"
"core","remoteentity/batch.go","review/IMPLEMENTATION-REMOTE-PREPARE-AND-FINALIZE.md","9","`remoteentity/batch.go` 先校验/排序去重 ID、检查最大批量与后端，再预留 finalizer 容量。逐项 beginWrite 取得本地 writeGate 和 ownership 读锁，检查/取得所有权；共享模式还取得带 fence 的分布式锁、重新核对 marker，加载并校验实体，建立版本向量与写租约。"
"core","remoteentity/batch.go","review/REVIEW-2026-09-13-10.md","11","使用 roost-review/codebase-memory Verify。list_projects 确认 D-whb_s；搜索 LeaveRemoteSharedMode/beginWrite 两项，无剩余分页；Leave 双向 trace 一页完成，零 caller 不作无使用证明。coverage 的 ownership.go、batch.go 均 metadata_changed，generation 2026-09-08T14:39:26Z，直接阅读错误恢复和 beginWrite 实际路径补证。图谱旧代，不提供全仓穷尽结论。"
"core","remoteentity/batch.go","bug/REVIEW-2026-09-11-02.md","7","- 位置：`remoteentity/transaction_manager.go:139`、`:148`、`:292`；`remoteentity/batch.go:455`。"
"core","remoteentity/batch.go","bug/REVIEW-2026-09-13-03.md","7","位置：[remoteentity/ownership.go](../../remoteentity/ownership.go):127–130，TransferExpected 返回任何错误都调用 restoreOwnershipAfterTransitionFailure；后者 :287–300 将 live 状态恢复为原 LocalOwned/Shared。[wrapper.go](../../remoteentity/wrapper.go):165–173 在 MarkerCacheTTL 内直接信任旧 marker；[batch.go](../../remoteentity/batch.go):125–151 据此放行本地 owner。"
"core","remoteentity/batch.go","bug/REVIEW-2026-09-13-10.md","7","Core `7be357c1cae69b18bca2c6a87ef918f130c60121`，未修复。位置：[ownership.go](../../remoteentity/ownership.go):99，失败后恢复旧 Shared 状态；[batch.go](../../remoteentity/batch.go):268，后续直接 TransitionRemoteOwnership(LocalOwned)。关联 RR-12，但一个是 Enter 错误放行，一个是 Leave 恢复后持续拒绝，分别记录。"
"core","remoteentity/finalizer_stop_handoff_promises_test.go","review/REVIEW-2026-09-11-03.md","23","coverage 检查涉及 remoteentity/transaction_manager remoteentity/batch remoteentity/finalizer_stop_handoff_promises_test.go，nest/dispatcher nest/group_transition nest/msg nest/delayed_shutdown_promises_test.go，Mail 的 mailbox/service/types/store/settled_claim_retention_promises_test，以及 versionstore/memory_store.go、versionstore.go。旧路径 metadata_changed，新测试 not_tracked，均读取当前相关源码；账本 partial 的 311 行也读取补证。此信号不是完整性证明。"
"core","remoteentity/interest.go","bug/REVIEW-2026-09-13.md","22","位置：[remoteentity/interest.go](../../remoteentity/interest.go):153–154、85；[transaction_manager.go](../../remoteentity/transaction_manager.go):589 的 Release 发布时间戳，但接收端仅按 key/SID 无条件删除，没有订阅代际比较。"
"core","remoteentity/marker.go","bug/REVIEW-2026-09-13-03.md","36","位置：[remoteentity/marker.go](../../remoteentity/marker.go):25–34 的 EnterShared Lua 以 `.. ((tonumber(currentFence) or 0)+1)` 拼接；:185–198 的 parseMarkerLease 只接受十进制 uint64。"
"core","remoteentity/ownership.go","review/IMPLEMENTATION-REPAIR-ACCEPTANCE.md","23","[ownership.go](../../remoteentity/ownership.go) 在 Transfer 错误后清本地 marker，使用独立有界 context 重查：未变才恢复；已转移则 fence 并返回已确认结果；无法查询则 Recovering 阻止准入。本轮真实 Redis 已执行 CAS 后丢回复的场景证明旧 owner 不再写入；发送前失败对照证明正常恢复仍存在。该结论不外推到 EnterShared/LeaveShared 或跨机故障恢复。"
"core","remoteentity/ownership.go","review/REVIEW-2026-09-13-09.md","15","roost-review/codebase-memory Verify。list_projects 确认 D-whb_s；coverage generation 为 2026-09-08T14:39:26Z，ownership.go 和 wal.go 均 metadata_changed，直接阅读实际源码。首次 EnterShared/LeaveShared 简写搜索零结果，不作为缺失结论；准确 RemoteSharedMode 搜索找到两个方法，无剩余分页。EnterRemoteSharedMode 双向 trace 一页完成，接口边为启发式，零调用者不作为无使用证明。"
"core","remoteentity/ownership.go","review/REVIEW-2026-09-13-10.md","11","使用 roost-review/codebase-memory Verify。list_projects 确认 D-whb_s；搜索 LeaveRemoteSharedMode/beginWrite 两项，无剩余分页；Leave 双向 trace 一页完成，零 caller 不作无使用证明。coverage 的 ownership.go、batch.go 均 metadata_changed，generation 2026-09-08T14:39:26Z，直接阅读错误恢复和 beginWrite 实际路径补证。图谱旧代，不提供全仓穷尽结论。"
"core","remoteentity/ownership.go","review/REVIEW-2026-09-14.md","34","coverage 检查 wal.go、snapshot_l2.go、remote_snapshot.go、ownership.go、marker.go：generation 2026-09-08T14:39:26Z，均 metadata_changed；读取当前源码补证，图谱不代表最新完整依赖。Kit/Codegen 本轮仅同步，无新增源代码覆盖。"
"core","remoteentity/ownership.go","bug/REVIEW-2026-09-13-03.md","7","位置：[remoteentity/ownership.go](../../remoteentity/ownership.go):127–130，TransferExpected 返回任何错误都调用 restoreOwnershipAfterTransitionFailure；后者 :287–300 将 live 状态恢复为原 LocalOwned/Shared。[wrapper.go](../../remoteentity/wrapper.go):165–173 在 MarkerCacheTTL 内直接信任旧 marker；[batch.go](../../remoteentity/batch.go):125–151 据此放行本地 owner。"
"core","remoteentity/ownership.go","bug/REVIEW-2026-09-13-09.md","5","Core `99be1ebc6191cf3e64acb22e39a8c439d7f3eea6`，未修复。[ownership.go](../../remoteentity/ownership.go) 的 EnterRemoteSharedMode（59–82 行），尤其 73–76 行错误恢复分支。关联 RR-20260913-09 的未知结果机制，但该项是另一入口，不重开已经验收通过的 Transfer 修复。"
"core","remoteentity/ownership.go","bug/REVIEW-2026-09-13-10.md","7","Core `7be357c1cae69b18bca2c6a87ef918f130c60121`，未修复。位置：[ownership.go](../../remoteentity/ownership.go):99，失败后恢复旧 Shared 状态；[batch.go](../../remoteentity/batch.go):268，后续直接 TransitionRemoteOwnership(LocalOwned)。关联 RR-12，但一个是 Enter 错误放行，一个是 Leave 恢复后持续拒绝，分别记录。"
"core","remoteentity/ownership_mode_indeterminate_promises_test.go","review/REVIEW-2026-09-14.md","38","提交前远端推进至 `ae8b254cd999f5ac831a8061588ee11cf1136c87`，已合并。增量为 U0189 文档和 `remoteentity/ownership_mode_indeterminate_promises_test.go` 的连续准入断言，没有运行时代码变化。本轮实际测试基线仍为 `50859c59124aeb15593ef6bf2475a5e4715a7e2d`；新增远端测试未在合并后重跑，不计入本轮通过结果。"
"core","remoteentity/snapshot_l2.go","review/REVIEW-2026-09-13-02.md","17","coverage 包含 snapshot_l2.go、snapshot_l2_test.go、entity/remote_snapshot.go、cache/read_through.go、cache/atomic_local.go，并加 remoteentity/entity/cache scope，均无记录缺口和下一页；这不证明图谱已更新。Expiry 字段引用为 literal 源码检索，核查目标两个文件未调用 Expired，结论限定实际读取链。ledger 已知 partial 第 311 行读原文。未进行其他三仓功能的穷尽检查。"
"core","remoteentity/snapshot_l2.go","review/REVIEW-2026-09-14.md","34","coverage 检查 wal.go、snapshot_l2.go、remote_snapshot.go、ownership.go、marker.go：generation 2026-09-08T14:39:26Z，均 metadata_changed；读取当前源码补证，图谱不代表最新完整依赖。Kit/Codegen 本轮仅同步，无新增源代码覆盖。"
"core","remoteentity/snapshot_l2.go","bug/REVIEW-2026-09-13-02.md","27","位置：[remoteentity/snapshot_l2.go](../../remoteentity/snapshot_l2.go):15–30。CAS 比较 marker/route/version/checksum，没有比较 schema/codec；checksum 只取 payload 字节。"
"core","remoteentity/snapshot_l2.go","bug/REVIEW-2026-09-13-02.md","37","位置：[entity/remote_snapshot.go](../../entity/remote_snapshot.go):75、96–98 定义 ExpiresAt/Expired；构造缓存 :181–191 只使用固定 TTL，Get :244–269 未检查 envelope.ExpiresAt；[remoteentity/snapshot_l2.go](../../remoteentity/snapshot_l2.go):80–94 解码保留该字段但不拒绝过期。"
"core","remoteentity/snapshot_l2.go","bug/REVIEW-2026-09-13-03.md","23","位置：[remoteentity/snapshot_l2.go](../../remoteentity/snapshot_l2.go):16–26 的 tonumber 与 HSET。实际 Redis 8.8.0 执行源码中的原始 Lua："
"core","remoteentity/snapshot_l2_test.go","review/REVIEW-2026-09-13-02.md","17","coverage 包含 snapshot_l2.go、snapshot_l2_test.go、entity/remote_snapshot.go、cache/read_through.go、cache/atomic_local.go，并加 remoteentity/entity/cache scope，均无记录缺口和下一页；这不证明图谱已更新。Expiry 字段引用为 literal 源码检索，核查目标两个文件未调用 Expired，结论限定实际读取链。ledger 已知 partial 第 311 行读原文。未进行其他三仓功能的穷尽检查。"
"core","remoteentity/syncer.go","review/IMPLEMENTATION-REMOTE-POLICY-MIRROR.md","25","| Remote 同步链 | [assembly.go](../../remoteentity/assembly.go):54 → [syncer.go](../../remoteentity/syncer.go):31、92：兴趣过滤发布、接收更新、gap/epoch/schema 异常后权威回填；[transaction_manager.go](../../remoteentity/transaction_manager.go):483：读时续租兴趣 | reader 与写 Manager 耦合，内部 wire/interest 实现未导出；不能直接把完整 Assembly 当轻量 Mirror 客户端 |"
"core","remoteentity/syncer.go","review/REVIEW-2026-09-13.md","19","使用 codebase-memory Verify。list_projects/index_status 确认 D-whb_s 根 D:/whb_s、ready、26320 nodes/195520 edges；coverage generation `2026-09-08T14:39:26Z`，关键源码均 metadata_changed。ApplyReplica 同名符号图谱只返回 interest 接收器，不能推断 snapshot 接收器不存在；已直接读取 syncer.go。"
"core","remoteentity/syncer.go","bug/REVIEW-2026-09-12-02.md","9","| Remote 接收删除直接失效缓存 | remoteentity/syncer.go:103–104 不比较 env.Version；cache/mirror.go:98–102 同样直接 Delete | 源码风险；真实 broker 顺序、旧删除投递与权威回填交错尚未端到端复现，后续单独验收，不扩大成已确认数据丢失 |"
"core","remoteentity/syncer.go","bug/REVIEW-2026-09-13.md","7","位置：[remoteentity/syncer.go](../../remoteentity/syncer.go):100–103；`DeleteRemoteSnapshot` 在第 68 行发送 version，但接收侧直接 `cache.Delete(key)`，不比较 `env.Version`，也不保留删除水位。[entity/remote_snapshot.go](../../entity/remote_snapshot.go):389 的 Delete 是缓存失效原语。"
"core","remoteentity/syncer.go","bug/REVIEW-2026-09-13.md","26","影响：[syncer.go](../../remoteentity/syncer.go):35 的兴趣过滤可能静默跳过本应发送的快照更新。下一次成功续租/权威回填可能恢复，并非永久丢失；但本地仍认为新兴趣有效，读时续租还会合并请求，不能假设下一次读马上修好。默认兴趣 TTL 与缓存 TTL 都是 30 秒，具体陈旧时间取决于读模式、续租时点及网络，不能笼统保证固定时长。"
"core","remoteentity/syncer.go","bug/REVIEW-2026-09-13.md","32","位置：[remoteentity/syncer.go](../../remoteentity/syncer.go):96–103。通用 Replicator 校验外部 SyncMsg 与 mirror.Envelope 的 key/version，但 Remote 第三层 `wire.Key`、`wire.Update.Key` 和 `Update.StateVersion` 没有与它们交叉校验。"
"core","remoteentity/transaction_manager.go","review/IMPLEMENTATION-CHECKPOINT-AND-REPLAY.md","21","transaction_manager.go 用 txMu 保护 txs，tracker 保存 done、终态、关闭时间。完成路径写 status 后关闭 done；容量和 TTL 清理可删除已关闭 tracker。FlushRemoteTransaction 和严格提交等待路径进入 waitRemoteTransaction，先保存 done，再等通知。"
"core","remoteentity/transaction_manager.go","review/IMPLEMENTATION-REMOTE-POLICY-MIRROR.md","25","| Remote 同步链 | [assembly.go](../../remoteentity/assembly.go):54 → [syncer.go](../../remoteentity/syncer.go):31、92：兴趣过滤发布、接收更新、gap/epoch/schema 异常后权威回填；[transaction_manager.go](../../remoteentity/transaction_manager.go):483：读时续租兴趣 | reader 与写 Manager 耦合，内部 wire/interest 实现未导出；不能直接把完整 Assembly 当轻量 Mirror 客户端 |"
"core","remoteentity/transaction_manager.go","review/REVIEW-2026-09-13-05.md","15","使用 roost-review / codebase-memory 流程，Verify 层级。MCP 项目 D-whb_s，根 D:/whb_s，ready，26320 nodes / 195520 edges，沿用 generation 2026-09-08T14:39:26Z。图谱不是当前源码证明：search_graph 定位 ReadRemoteSnapshot/BindSync 两个结果，无剩余分页；对 transaction_manager.go、assembly.go 及 remoteentity scope 检查 coverage，记录 metadata_changed，随后读取实际入口补证。ledger 相关 U/RR 条目按文档直接搜索，未将其当图谱完整性证据。"
"core","remoteentity/transaction_manager.go","review/REVIEW-2026-09-13-05.md","21","补查只读组件抽取入口：`ReadRemoteSnapshot`（transaction_manager.go:484）的线性化分支及最终 fallback 均直接进入 LoadAuthoritative；统一只读校验必须覆盖这些出口。`BindSync`（assembly.go:54）把私有接收 store 绑定 Manager，并返回未启动 replicator，装配方持有启停责任。这里是实现边界复核，无新增确认 RR。"
"core","remoteentity/transaction_manager.go","review/REVIEW-2026-09-13-07.md","11","coverage 检查 remote_snapshot.go、interest.go、transaction_manager.go、read_through.go、atomic_local.go 及两个新增 promises 测试：旧文件 metadata_changed，新测试 not_tracked。相关实际源码直接阅读补证；entity scope 无记录缺口不代表完整。本轮不声称整个依赖图或全仓完成审查。"
"core","remoteentity/transaction_manager.go","bug/REVIEW-2026-09-10-03.md","8","- 位置：Core `remoteentity/transaction_manager.go:768`；容量淘汰见 650～683，终态通知见 697～726。"
"core","remoteentity/transaction_manager.go","bug/REVIEW-2026-09-11-02.md","7","- 位置：`remoteentity/transaction_manager.go:139`、`:148`、`:292`；`remoteentity/batch.go:455`。"
"core","remoteentity/transaction_manager.go","bug/REVIEW-2026-09-13-07.md","26","[nextInterestGeneration](../../remoteentity/transaction_manager.go)（596–607 行）每实例从 UnixNano 播种，再仅本地 Add；相邻初始化落入同一时钟刻度就没有跨实例递增保证。墙上时钟回拨也是需要设计处理的情形，但本轮没有注入时钟回拨。Windows 上两次实测失败，不冒称 Linux 已复现；这也不是 Windows 缺少某项测试能力。"
"core","remoteentity/transaction_manager.go","bug/REVIEW-2026-09-13.md","22","位置：[remoteentity/interest.go](../../remoteentity/interest.go):153–154、85；[transaction_manager.go](../../remoteentity/transaction_manager.go):589 的 Release 发布时间戳，但接收端仅按 key/SID 无条件删除，没有订阅代际比较。"
"core","remoteentity/wrapper.go","bug/REVIEW-2026-09-13-03.md","7","位置：[remoteentity/ownership.go](../../remoteentity/ownership.go):127–130，TransferExpected 返回任何错误都调用 restoreOwnershipAfterTransitionFailure；后者 :287–300 将 live 状态恢复为原 LocalOwned/Shared。[wrapper.go](../../remoteentity/wrapper.go):165–173 在 MarkerCacheTTL 内直接信任旧 marker；[batch.go](../../remoteentity/batch.go):125–151 据此放行本地 owner。"
"core","robot/lockstep.go","review/REVIEW-2026-09-14-05.md","31","Verify，list_projects 确认 D-whb_s。robot/lockstep.go 搜索 19 节点无剩余分页；HandleFrames 双向 depth=1 trace 未截断，找到 IngestFrames/apply/requestCatchup。入向零结果不是没有动态调用的证明；实际通过导出 HandleBroadcast/HandleFrames 验证。HandleBroadcast snippet 与当前文件一致。"
"core","robot/lockstep.go","bug/REVIEW-2026-09-14-05.md","7","状态：未修复。位置：`robot/lockstep.go:92`、`:104`、`:115`，尤其 apply 中 Simulate、SubmitInput、ReportHash 的提前返回。"
"core","room/jetstream_syncbus.go","review/IMPLEMENTATION-JETSTREAM-SYNCBUS-AND-LIFECYCLE.md","25","| 构造 | `room/jetstream_syncbus.go:88` 规范化配置，EnsureStream 提交 Prefix.> | Ensure 是 CreateOrUpdate，涉及共享远端配置所有权 |"
"core","room/jetstream_syncbus.go","review/IMPLEMENTATION-SYNCSTREAM-FRAGMENTS-AND-DELIVERY.md","3","Core b58e280；[第六轮证据](REVIEW-2026-09-15-06.md)。范围为 syncstream/publisher.go、syncbus/sync.go 和 room/jetstream_syncbus.go 的订阅包装；History/journal 尚未深入。"
"core","room/jetstream_syncbus.go","review/REVIEW-2026-09-15-06.md","11","Verify，list_projects 确认 D-whb_s。coverage generation 为 2026-09-08T14:39:26Z，以下文件 no_recorded_issue 但 metadata_changed，读取当前源码补证：room/room_broadcast.go、room_transport_sink.go 及两份对应测试；syncstream/publisher.go、adapter_test.go；syncbus/sync.go；room/jetstream_syncbus.go。没有声称图谱已与 HEAD 同代。"
"core","room/jetstream_syncbus.go","review/REVIEW-2026-09-16-02.md","17","check_index_coverage 对以下九个证据文件均为 no_recorded_issue，但 freshness 为 metadata_changed，generation=`2026-09-08T14:39:26Z`：room/jetstream_syncbus.go、room/nats_syncbus.go、room/jetstream_syncbus_test.go、nats/driver/jetstream.go、nats/driver/client.go、nats/jetstream.go、nats/client.go、nats/driver/jetstream_settle_test.go、nats/driver/jetstream_test.go。已读当前源码补证；普通 client 的重点为发布/订阅入口，不声明整个文件审查完成。没有重建或终止共享索引，没有声称图谱与本轮 Git 同代。"
"core","room/jetstream_syncbus.go","review/REVIEW-2026-09-16-03.md","25","- Core：nats/driver/client.go、options.go、jetstream.go、jetstream_test.go；nats/config.go、jetstream.go；room/jetstream_syncbus.go、nats_syncbus.go；syncstream/publisher.go、adapter_test.go、subscribe_promises_test.go；syncbus/sync.go、patch_syncer.go。"
"core","room/jetstream_syncbus.go","bug/REVIEW-2026-09-16-02.md","9","位置：`room/jetstream_syncbus.go:98–105,158–165,247–255`，`nats/driver/jetstream.go:32–37,69`。"
"core","room/jetstream_syncbus.go","bug/REVIEW-2026-09-16-02.md","25","位置：`room/jetstream_syncbus.go:161–193,210–222`。独立测试在底层 Subscribe 返回前阻塞，执行总线 Stop，再放行 Subscribe；结果为 `tracked=1 stops=0`。Stop 只清理当时已登记的订阅，不等待创建中的订阅，也没有停止代数。"
"core","room/jetstream_syncbus.go","bug/REVIEW-2026-09-16-03.md","9","位置：`room/jetstream_syncbus.go:147–193,247–255`，`nats/driver/jetstream.go:62–82`。业务影响链路：`syncstream/publisher.go:248–294,297–351`。"
"core","room/jetstream_syncbus.go","bug/REVIEW-2026-09-16-04.md","94","Core room/jetstream_syncbus.go:315 只为默认 roost.sync 保留旧 hash；Kit room/room_mod.go:73 默认设为 **roost.room**。独立验证 topic=state、SID=7："
"core","room/jetstream_syncbus_test.go","review/REVIEW-2026-09-16-02.md","17","check_index_coverage 对以下九个证据文件均为 no_recorded_issue，但 freshness 为 metadata_changed，generation=`2026-09-08T14:39:26Z`：room/jetstream_syncbus.go、room/nats_syncbus.go、room/jetstream_syncbus_test.go、nats/driver/jetstream.go、nats/driver/client.go、nats/jetstream.go、nats/client.go、nats/driver/jetstream_settle_test.go、nats/driver/jetstream_test.go。已读当前源码补证；普通 client 的重点为发布/订阅入口，不声明整个文件审查完成。没有重建或终止共享索引，没有声称图谱与本轮 Git 同代。"
"core","room/nats_syncbus.go","review/REVIEW-2026-09-16-02.md","17","check_index_coverage 对以下九个证据文件均为 no_recorded_issue，但 freshness 为 metadata_changed，generation=`2026-09-08T14:39:26Z`：room/jetstream_syncbus.go、room/nats_syncbus.go、room/jetstream_syncbus_test.go、nats/driver/jetstream.go、nats/driver/client.go、nats/jetstream.go、nats/client.go、nats/driver/jetstream_settle_test.go、nats/driver/jetstream_test.go。已读当前源码补证；普通 client 的重点为发布/订阅入口，不声明整个文件审查完成。没有重建或终止共享索引，没有声称图谱与本轮 Git 同代。"
"core","room/nats_syncbus.go","review/REVIEW-2026-09-16-03.md","25","- Core：nats/driver/client.go、options.go、jetstream.go、jetstream_test.go；nats/config.go、jetstream.go；room/jetstream_syncbus.go、nats_syncbus.go；syncstream/publisher.go、adapter_test.go、subscribe_promises_test.go；syncbus/sync.go、patch_syncer.go。"
"core","room/room_broadcast.go","review/IMPLEMENTATION-ROOM-AND-SKILL-SCHEDULING.md","11","Broadcaster 的 Close（room_broadcast.go）先等待 stop；取消/超时直接返回，不立即释放仍被使用的对象。结束后取消回调、重置同步 sink、关闭 coordinator、归还共享 subject/subscriber 预算并清空状态。已有 RoomManager 超时重试和预算回收测试随本轮 race 包测试通过；没有测试真实下游永久阻塞或所有生命周期竞态。"
"core","room/room_broadcast.go","review/REVIEW-2026-09-15-05.md","9","Verify，list_projects 确认 D-whb_s 根 D:/whb_s。coverage generation `2026-09-08T14:39:26Z`；以下证据文件均 no_recorded_issue 但 metadata_changed，全部以当前源码补证：room_broadcast.go/test.go、room_transport_sink.go/test.go、nettransport/channel.go、atomic_admission_test.go、sender.go。"
"core","room/room_broadcast.go","review/REVIEW-2026-09-15-06.md","11","Verify，list_projects 确认 D-whb_s。coverage generation 为 2026-09-08T14:39:26Z，以下文件 no_recorded_issue 但 metadata_changed，读取当前源码补证：room/room_broadcast.go、room_transport_sink.go 及两份对应测试；syncstream/publisher.go、adapter_test.go；syncbus/sync.go；room/jetstream_syncbus.go。没有声称图谱已与 HEAD 同代。"
"core","room/room_broadcast.go","bug/REVIEW-2026-09-15-05.md","7","位置：`room/room_transport_sink.go:324` 的 admitWithSlowConsumerPolicy，尤其普通错误出口 `return nil, err`；调用方 `AdmitRoomFrames:216` 在错误时直接返回，成功出口才执行 `dispatchSlowConsumers:400`。room 消费通知的入口为 `room/room_broadcast.go:439` handleSlowConsumer。"
"core","room/room_broadcast.go","bug/REVIEW-2026-09-15-06.md","7","位置：`room/room_broadcast.go:513` RoomBroadcaster.SetDownstream 只替换 envelopeSink.downstream；创建时在 428–435 行向原 sink 注册 handleSlowConsumer，关闭时使用保存的 unregisterSlowConsumer。`room/room_transport_sink.go:433` runNextCallback 根据自身 handlers 查找 room 回调。"
"core","room/room_broadcast.go","bug/REVIEW-2026-09-17-03.md","66","当前 `entity.EntityBase.Sync()`（Core `entity/entity_base.go:195`）可取同步状态，RoomManager.Create / RoomBroadcaster.RegisterSubject 可组合；RoomBroadcaster 构造函数已经创建自己的 SubscriptionCoordinator（`room/room_broadcast.go:451`）。Codegen 生成 SubjectPackerFactory 与 NewRoomSink 两端。由此不能直接采纳候选中的“现在写不出来”或另建第二个 coordinator 的方案。"
"core","room/room_broadcast.go","bug/REVIEW-2026-09-18.md","25","**状态：未修复；限于 pipelined commit 部署。** Core `room/room_broadcast.go:423` 配置、`:451` 构造内部 SubscriptionCoordinator，`:695` 订阅、`:968`/`:986` 批量准备/分发、`:1076` 单实体 flush；`room/room_manager.go:25` 的配置同样没有 durable watermark。对照 `entitysync/subscription.go:490` SetDurableWatermark。"
"core","room/room_manager.go","review/IMPLEMENTATION-ROOM-AND-SKILL-SCHEDULING.md","7","实现位于 Core `room/room_manager.go`，不在 kit/service/room。Create 在管理器锁内检查 running/stopped、房间 ID 重复与容量，创建 Broadcaster，注册共享预算与活动回调，启动后纳入 rooms。Get 拒绝返回正在关闭或已停止的房间，成功访问更新活动时间。"
"core","room/room_manager.go","bug/REVIEW-2026-09-10.md","9","位置：`room/room_manager.go:106–107`（默认值推导），`room/room_manager.go:359–362`（run 创建 ticker）。"
"core","room/room_manager.go","bug/REVIEW-2026-09-18.md","25","**状态：未修复；限于 pipelined commit 部署。** Core `room/room_broadcast.go:423` 配置、`:451` 构造内部 SubscriptionCoordinator，`:695` 订阅、`:968`/`:986` 批量准备/分发、`:1076` 单实体 flush；`room/room_manager.go:25` 的配置同样没有 durable watermark。对照 `entitysync/subscription.go:490` SetDurableWatermark。"
"core","room/room_transport_sink.go","review/REVIEW-2026-09-15-05.md","9","Verify，list_projects 确认 D-whb_s 根 D:/whb_s。coverage generation `2026-09-08T14:39:26Z`；以下证据文件均 no_recorded_issue 但 metadata_changed，全部以当前源码补证：room_broadcast.go/test.go、room_transport_sink.go/test.go、nettransport/channel.go、atomic_admission_test.go、sender.go。"
"core","room/room_transport_sink.go","review/REVIEW-2026-09-15-06.md","11","Verify，list_projects 确认 D-whb_s。coverage generation 为 2026-09-08T14:39:26Z，以下文件 no_recorded_issue 但 metadata_changed，读取当前源码补证：room/room_broadcast.go、room_transport_sink.go 及两份对应测试；syncstream/publisher.go、adapter_test.go；syncbus/sync.go；room/jetstream_syncbus.go。没有声称图谱已与 HEAD 同代。"
"core","room/room_transport_sink.go","bug/REVIEW-2026-09-15-05.md","7","位置：`room/room_transport_sink.go:324` 的 admitWithSlowConsumerPolicy，尤其普通错误出口 `return nil, err`；调用方 `AdmitRoomFrames:216` 在错误时直接返回，成功出口才执行 `dispatchSlowConsumers:400`。room 消费通知的入口为 `room/room_broadcast.go:439` handleSlowConsumer。"
"core","room/room_transport_sink.go","bug/REVIEW-2026-09-15-06.md","7","位置：`room/room_broadcast.go:513` RoomBroadcaster.SetDownstream 只替换 envelopeSink.downstream；创建时在 428–435 行向原 sink 注册 handleSlowConsumer，关闭时使用保存的 unregisterSlowConsumer。`room/room_transport_sink.go:433` runNextCallback 根据自身 handlers 查找 room 回调。"
"core","room/room_transport_sink_test.go","review/REVIEW-2026-09-15-05.md","11","图谱 AdmitEnvelopes/flushStateBatch 查询 5 项、room 指定测试查询 23 项、transport policy 查询 2 项、AsyncTransport 入口查询 3 项，均无后续页。全图 AdmitRoomFrames 名称查询只返回 3 项，漏掉当前 RoomTransportSink 方法，因此不作实现不存在结论；由图谱定位的 room_transport_sink_test.go 和 coverage 指引读取实际实现。policy 双向一层 trace 返回 4 个下游、1 个上游，旧图谱误归因 errors.Is/atomic.Add，关键调用依据源码。没有声称图谱同代或完整覆盖。"
"core","saga/assembly.go","review/REVIEW-2026-09-09-03.md","32","cube-core/saga/assembly.go"
"core","saga/assembly.go","review/REVIEW-2026-09-09.md","43","cube-core/saga/assembly.go"
"core","saga/assembly.go","bug/REVIEW-2026-09-17-03.md","46","**状态：未修复；Wanted-04 转入。** Core `saga/assembly.go:106` 附近 Start 订阅，`saga/nest.go` NewCompletionEffect；关联 `saga/jetstream.go`、`saga/nest_starts.go`。"
"core","saga/jetstream.go","bug/REVIEW-2026-09-17-03.md","46","**状态：未修复；Wanted-04 转入。** Core `saga/assembly.go:106` 附近 Start 订阅，`saga/nest.go` NewCompletionEffect；关联 `saga/jetstream.go`、`saga/nest_starts.go`。"
"core","saga/nest.go","bug/REVIEW-2026-09-17-03.md","46","**状态：未修复；Wanted-04 转入。** Core `saga/assembly.go:106` 附近 Start 订阅，`saga/nest.go` NewCompletionEffect；关联 `saga/jetstream.go`、`saga/nest_starts.go`。"
"core","service/mail/mail_test.go","bug/REVIEW-2026-09-13-08.md","7","- Mail：复用[09-11 第三轮](REPRO-2026-09-11-03.md)的 mail_test.go，运行 TestReviewClaimHistoryRefusalIsAtomic，通过。"
"core","service/mail/mailbox.go","review/IMPLEMENTATION-SERVICE-REPLAY-AND-CODEGEN.md","7","阅读范围为 Kit `service/mail/service.go` 的领取入口与 `mailbox.go` 状态结构。Reserve 检查玩家、收件范围、有效期、附件、邮箱条目与领取状态，然后通过状态更新取得 Claim。活动领取租约阻止再次占用，超时后重试复用稳定 token。"
"core","service/mail/mailbox.go","review/REVIEW-2026-09-11.md","65","对 mail deliver/evict/claim、transaction_manager 等做窄 search_graph，相关页 has_more=false；新增 evictSettledClaims 不在旧图谱，转读当前整个 mailbox.go。追踪 evict 与 waitRemoteTransaction 的双向一层，相关页未截断；heuristic 跨旧仓边不作调用证据。get_code_snippet 的 evict 因旧行号实际返回 deliver 片段，已用当前完整源码校正。"
"core","service/mail/mailbox.go","bug/REVIEW-2026-09-10-02.md","7","位置：`service/mail/mailbox.go:146–170` 的 evict 删除整个终态 Entry；`mailbox.go:121–136` 的 deliver 在 Entry 不存在时新建未读状态；`service.go:716–724` 的 ReserveClaim 在 ClaimToken 为空时生成新 token。入口是 `Service.Deliver`（service.go:321）。"
"core","service/mail/mailbox.go","bug/REVIEW-2026-09-11-03.md","18","**位置：** Kit `service/mail/service.go:336` 的 Update 回调，`:348` 插入、`:356` 淘汰先于 `:358` 的容量拒绝；Core `versionstore/memory_store.go:45` 直接传入含 map 的 current.Value。Mailbox 的 `clone` 位于 `service/mail/mailbox.go:302`，Deliver 回调未在修改前调用它。"
"core","service/mail/mailbox.go","bug/REVIEW-2026-09-11.md","10","- 位置：Kit `service/mail/mailbox.go:227` 的 evictSettledClaims，特别是 246 行删除；上限见 `service/mail/types.go:197`。ReserveClaim 的过期检查在 `service/mail/service.go:663` 附近。"
"core","service/mail/mailbox.go","bug/REVIEW-2026-09-11.md","22","- 位置：Kit `service/mail/mailbox.go:264`；对外读取 `service/mail/service.go:923`；Core `versionstore/memory_store.go:27` 的 Get 按值返回泛型对象。"
"core","service/mail/service.go","review/IMPLEMENTATION-SERVICE-REPLAY-AND-CODEGEN.md","7","阅读范围为 Kit `service/mail/service.go` 的领取入口与 `mailbox.go` 状态结构。Reserve 检查玩家、收件范围、有效期、附件、邮箱条目与领取状态，然后通过状态更新取得 Claim。活动领取租约阻止再次占用，超时后重试复用稳定 token。"
"core","service/mail/service.go","bug/REVIEW-2026-09-11-03.md","18","**位置：** Kit `service/mail/service.go:336` 的 Update 回调，`:348` 插入、`:356` 淘汰先于 `:358` 的容量拒绝；Core `versionstore/memory_store.go:45` 直接传入含 map 的 current.Value。Mailbox 的 `clone` 位于 `service/mail/mailbox.go:302`，Deliver 回调未在修改前调用它。"
"core","service/mail/service.go","bug/REVIEW-2026-09-11.md","10","- 位置：Kit `service/mail/mailbox.go:227` 的 evictSettledClaims，特别是 246 行删除；上限见 `service/mail/types.go:197`。ReserveClaim 的过期检查在 `service/mail/service.go:663` 附近。"
"core","service/mail/service.go","bug/REVIEW-2026-09-11.md","22","- 位置：Kit `service/mail/mailbox.go:264`；对外读取 `service/mail/service.go:923`；Core `versionstore/memory_store.go:27` 的 Get 按值返回泛型对象。"
"core","service/mail/service.go","bug/REVIEW-2026-09-16-04.md","113","| ARCH-01 通用服务领域实现 | service/session/service.go:205 Enter 包含请求幂等、归属检查和会话状态；service/mail/service.go:803 CommitClaim 包含 token/状态/幂等；service/match/grouping.go:63 是分数窗口算法，queue_store.go 是票据状态实现 | 领域类型、状态机、存储算法、通用策略逐包迁入 Core/service；Kit 保留 Mod、配置、Registry 注册与服务启动接入 |"
"core","service/mail/types.go","bug/REVIEW-2026-09-11.md","10","- 位置：Kit `service/mail/mailbox.go:227` 的 evictSettledClaims，特别是 246 行删除；上限见 `service/mail/types.go:197`。ReserveClaim 的过期检查在 `service/mail/service.go:663` 附近。"
"core","service/match/grouping.go","bug/REVIEW-2026-09-16-04.md","113","| ARCH-01 通用服务领域实现 | service/session/service.go:205 Enter 包含请求幂等、归属检查和会话状态；service/mail/service.go:803 CommitClaim 包含 token/状态/幂等；service/match/grouping.go:63 是分数窗口算法，queue_store.go 是票据状态实现 | 领域类型、状态机、存储算法、通用策略逐包迁入 Core/service；Kit 保留 Mod、配置、Registry 注册与服务启动接入 |"
"core","service/match/grouping.go","bug/REVIEW-2026-09-17.md","26","**P2，Core，未修复。** [service/match/grouping.go](../../service/match/grouping.go):54 Group、:68 窗口增长、:75 距离、:85 排序、:95 absInt64。Subject.Validate 没有分数范围限制，Score 的语义由调用方决定。"
"core","service/match/queue_store.go","review/IMPLEMENTATION-SERVICE-REPLAY-AND-CODEGEN.md","15","Kit `service/match/queue_store.go` 将 Waiting、Tickets、Matches、SubjectTickets、Requests 聚合在一个 queueState。Enqueue 在队列状态 Update 内执行过期处理、请求重放、主体重复检查和入队；Commit 在同一状态更新中检查人数、票据唯一、仍在等待及主体不重复，再统一生成匹配并移除等待关系。"
"core","service/match/queue_store.go","bug/REVIEW-2026-09-09-04.md","8","- 位置：`service/match/queue_store.go:197–201`；对照 `service/match/store.go:59–67` 和 `queue_store.go:313`。"
"core","service/match/queue_store.go","bug/REVIEW-2026-09-16-04.md","76","- Kit service/match/queue_store.go:118、:159：Config.Grouping 有默认值，随后 store 执行路径没有读取它。"
"core","service/match/queue_store.go","bug/REVIEW-2026-09-16-04.md","113","| ARCH-01 通用服务领域实现 | service/session/service.go:205 Enter 包含请求幂等、归属检查和会话状态；service/mail/service.go:803 CommitClaim 包含 token/状态/幂等；service/match/grouping.go:63 是分数窗口算法，queue_store.go 是票据状态实现 | 领域类型、状态机、存储算法、通用策略逐包迁入 Core/service；Kit 保留 Mod、配置、Registry 注册与服务启动接入 |"
"core","service/match/queue_store.go","bug/REVIEW-2026-09-17.md","7","**P2，Core，未修复。** [service/match/types.go](../../service/match/types.go):159 Validate、:176 Key；[queue_store.go](../../service/match/queue_store.go):331 Candidates、:359 Commit；[redis_store.go](../../service/match/redis_store.go) 将 Queue.Key 原样作为逻辑存储键。"
"core","service/match/queue_store.go","bug/REVIEW-2026-09-17.md","41","**P3，Core，未修复；本轮确认范围为 NewMemoryStore / 内存 versionstore。** [queue_store.go](../../service/match/queue_store.go):54 clone、:225 入队 Subject、:305 Ticket、:331 Candidates、:426 保存 Match 并赋 result、:437 Match；[store.go](../../service/match/store.go) 的 NewMemoryStore；[versionstore/memory_store.go](../../versionstore/memory_store.go) 按值存取泛型对象，未深复制引用字段。"
"core","service/match/redis_store.go","bug/REVIEW-2026-09-17.md","7","**P2，Core，未修复。** [service/match/types.go](../../service/match/types.go):159 Validate、:176 Key；[queue_store.go](../../service/match/queue_store.go):331 Candidates、:359 Commit；[redis_store.go](../../service/match/redis_store.go) 将 Queue.Key 原样作为逻辑存储键。"
"core","service/match/store.go","bug/REVIEW-2026-09-09-04.md","8","- 位置：`service/match/queue_store.go:197–201`；对照 `service/match/store.go:59–67` 和 `queue_store.go:313`。"
"core","service/match/store.go","bug/REVIEW-2026-09-16-04.md","77","- Kit service/match/store.go:16：Enqueue 只入等待队列，Candidates 枚举、Commit 原子提交指定票，Sweep 只解决过期票。"
"core","service/match/store.go","bug/REVIEW-2026-09-17.md","41","**P3，Core，未修复；本轮确认范围为 NewMemoryStore / 内存 versionstore。** [queue_store.go](../../service/match/queue_store.go):54 clone、:225 入队 Subject、:305 Ticket、:331 Candidates、:426 保存 Match 并赋 result、:437 Match；[store.go](../../service/match/store.go) 的 NewMemoryStore；[versionstore/memory_store.go](../../versionstore/memory_store.go) 按值存取泛型对象，未深复制引用字段。"
"core","service/match/types.go","bug/REVIEW-2026-09-17.md","7","**P2，Core，未修复。** [service/match/types.go](../../service/match/types.go):159 Validate、:176 Key；[queue_store.go](../../service/match/queue_store.go):331 Candidates、:359 Commit；[redis_store.go](../../service/match/redis_store.go) 将 Queue.Key 原样作为逻辑存储键。"
"core","service/session/ledger_failure_test.go","review/REVIEW-2026-09-08.md","30","- cube-kit/service/session/service.go、session_rpc.go、session_test.go、ledger_failure_test.go。"
"core","service/session/service.go","review/IMPLEMENTATION-STATE-AND-LIFECYCLE.md","25","Kit `service/session/service.go` 的冲突清理涉及幂等 claim 与会话丢弃。原 RR-20260909-02 中，先丢弃会话使其他调用能重新认领，旧清理随后删除的可能已经是新 claim（ABA）。"
"core","service/session/service.go","review/REVIEW-2026-09-08.md","30","- cube-kit/service/session/service.go、session_rpc.go、session_test.go、ledger_failure_test.go。"
"core","service/session/service.go","review/REVIEW-2026-09-08.md","40","| kit | 组织 run、owner claim、request ledger 三份状态 | service/session/service.go、session_rpc.go |"
"core","service/session/service.go","review/REVIEW-2026-09-09.md","49","cube-kit/service/session/service.go"
"core","service/session/service.go","review/REVIEW-2026-09-09.md","103","| RR-20260908-01 | Kit `service/session/service.go:311` | 两个 owner 都成功；输家重试因账本 owner 不匹配失败 | 原子 Create 的 created=false 是否被当作成功？加锁的 key 与幂等键是否同一命名空间？ |"
"core","service/session/service.go","bug/REVIEW-2026-09-08.md","15","**P2，已复现，未修复。** kit [service/session/service.go](../../../cube-kit/service/session/service.go)"
"core","service/session/service.go","bug/REVIEW-2026-09-09-02.md","9","**位置：** Kit `service/session/service.go:339` 先 discard run 再 releaseClaimIfCurrent；新增 helper `:364–365` 将旧 claim 直接传给 Store.Delete。Core `versionstore/memory_store.go:63` 重建键时版本回到 1，`:78–81` 仅比较版本后删除。"
"core","service/session/service.go","bug/REVIEW-2026-09-09.md","35","| RR-20260908-01 | Kit `service/session/service.go:311–321` | 两个 owner 同一 RequestID 都成功，输家重试失败 |"
"core","service/session/service.go","bug/REVIEW-2026-09-16-04.md","113","| ARCH-01 通用服务领域实现 | service/session/service.go:205 Enter 包含请求幂等、归属检查和会话状态；service/mail/service.go:803 CommitClaim 包含 token/状态/幂等；service/match/grouping.go:63 是分数窗口算法，queue_store.go 是票据状态实现 | 领域类型、状态机、存储算法、通用策略逐包迁入 Core/service；Kit 保留 Mod、配置、Registry 注册与服务启动接入 |"
"core","service/session/service.go","bug/REVIEW-2026-09-17-03.md","9","**状态：未修复；新增 demo 功能问题。** Codegen `demo/game/controllers/player/finish_dungeon.go.tmpl:32`、`:49`、`:56`；Core `service/session/service.go:541`、`:556`。"
"core","service/session/session_rpc.go","review/REVIEW-2026-09-08.md","30","- cube-kit/service/session/service.go、session_rpc.go、session_test.go、ledger_failure_test.go。"
"core","service/session/session_rpc.go","review/REVIEW-2026-09-08.md","40","| kit | 组织 run、owner claim、request ledger 三份状态 | service/session/service.go、session_rpc.go |"
"core","service/session/session_rpc.go","bug/REVIEW-2026-09-08.md","25","公开 [session_rpc.go](../../../cube-kit/service/session/session_rpc.go) 也声明 Enter 按 RequestID 幂等。"
"core","service/session/session_test.go","review/REVIEW-2026-09-08.md","30","- cube-kit/service/session/service.go、session_rpc.go、session_test.go、ledger_failure_test.go。"
"core","service/session/session_test.go","review/REVIEW-2026-09-09-02.md","51","check_index_coverage 两批检查：Session service.go/两个修复测试/session_test.go；cache 实现/修复测试；versionstore 接口/Memory/Redis 实现；consolidate 实现/修复测试、CLI、release manifest；三份修改的接入文档；history/ledger.md。实现多数 metadata_changed，新测试 not_tracked；均读当前源码补证。ledger 的 recorded partial range 311 及附近直接读取，并按 U-0154～U-0157 搜索对应记录。只做本轮相关条目去重，没有重做账本全量审计。"
"core","skill/process.go","review/IMPLEMENTATION-CHECKPOINT-AND-REPLAY.md","37","runtime_cast_window.go 的 Cancel 先取消 phase tasks、改变 token，然后执行 cancel 回调和 stopProcesses；停止失败时返回，未完成最终 Cast 状态迁移。process.go 在 Host.StopProcess 返回错误时保留运行状态，允许重试。成功后才推进停止状态与最终释放。"
"core","skill/runtime_cast_window.go","review/IMPLEMENTATION-CHECKPOINT-AND-REPLAY.md","37","runtime_cast_window.go 的 Cancel 先取消 phase tasks、改变 token，然后执行 cancel 回调和 stopProcesses；停止失败时返回，未完成最终 Cast 状态迁移。process.go 在 Host.StopProcess 返回错误时保留运行状态，允许重试。成功后才推进停止状态与最终释放。"
"core","skill/runtime_cast_window.go","review/IMPLEMENTATION-ROOM-AND-SKILL-SCHEDULING.md","17","阅读 Core `skill/scheduler.go`、`runtime_cast_window.go`。调度堆按 DueTick 再 Sequence 排序；相同 tick 的顺序由序号决定。挂起工作保存 FrameID，retainLocalFrame 克隆局部变量，恢复时 takeLocalFrame 删除该帧并再次克隆，避免不同挂起分支共享可变 locals。"
"core","skill/runtime_checkpoint.go","review/IMPLEMENTATION-CHECKPOINT-AND-REPLAY.md","29","runtime_checkpoint.go 对版本、校验、宿主 revision/authority、程序身份及恢复状态作校验；序列化把 map 转为排序序列，使输出可重复。恢复过程重新构建 Cast、process、frame、调度任务等引用关系。"
"core","skill/runtime_checkpoint.go","bug/REVIEW-2026-09-10-03.md","38","- 位置：Core `skill/runtime_checkpoint.go:557`、`:827`；`runtime_retention.go:30` 起的完成顺序与淘汰逻辑。"
"core","skill/runtime_retention.go","review/IMPLEMENTATION-CHECKPOINT-AND-REPLAY.md","31","runtime_retention.go 的 completedCastOrder 保存实际完成顺序，达到 CompletedCastLimit 后扫描可淘汰条目。当前 checkpoint 只按 CastID 输出 Casts，Restore 从这个序列重建完成顺序，导致 RR-20260910-04。即使所有 Cast 字段完整，顺序本身也是影响后续历史保留的状态。复制两个独立 Host 的同一前史再施加同一后续输入，可以检查这种遗漏；仅比较恢复当下字段不足够。"
"core","skill/runtime_retention.go","bug/REVIEW-2026-09-10-03.md","38","- 位置：Core `skill/runtime_checkpoint.go:557`、`:827`；`runtime_retention.go:30` 起的完成顺序与淘汰逻辑。"
"core","skill/runtime_test.go","review/REVIEW-2026-09-17-03.md","61","coverage 对 Saga assembly、迁入 session、新 demo 模板报 not_tracked；对已有 Saga、DAO、attribute、entity/room/entitysync、生成器路径报 metadata_changed。对应代码已直接读取，生成物按本轮源码实际运行。旧图谱 snippet 的偏移/调用启发式不能作当前源码依据。cfg runtime 文件最初误查 runtime_test.go 得 missing，已改核对实际 roundtrip_test.go；未把 missing 当源文件缺陷。"
"core","skill/scheduler.go","review/IMPLEMENTATION-ROOM-AND-SKILL-SCHEDULING.md","17","阅读 Core `skill/scheduler.go`、`runtime_cast_window.go`。调度堆按 DueTick 再 Sequence 排序；相同 tick 的顺序由序号决定。挂起工作保存 FrameID，retainLocalFrame 克隆局部变量，恢复时 takeLocalFrame 删除该帧并再次克隆，避免不同挂起分支共享可变 locals。"
"core","statesync/codec.go","bug/REVIEW-2026-09-14-07.md","23","影响限定：仅在配置 MaxFrameBytes 小于单片可容纳载荷时触发，默认限制不触发这个关系。载荷仍受 MaxDatagramBytes 限制，不是无限内存增长。后续 `statesync/codec.go:63` DecodeFrame 另查总长度；继续使用相同 Limits 解码会拒绝。因此本项是重组 API 的限制契约不一致，不能声称越过完整客户端解码链。专项使用不透明字节验证运输重组边界，未声称它是合法业务帧。"
"core","statesync/control.go","review/REVIEW-2026-09-14-07.md","15","coverage 检查 session.go/control.go/datagram.go/frame_limits.go/replicator.go/replicator_test.go 及 codec.go 均 metadata_changed，已读当前相关源码补证。datagram/control/frame_limits 读全，session ACK/force 与已有 prepare/commit 机制对照，codec 确认后续长度检查；不作全仓或所有调用者穷尽结论。"
"core","statesync/datagram.go","review/REVIEW-2026-09-14-07.md","15","coverage 检查 session.go/control.go/datagram.go/frame_limits.go/replicator.go/replicator_test.go 及 codec.go 均 metadata_changed，已读当前相关源码补证。datagram/control/frame_limits 读全，session ACK/force 与已有 prepare/commit 机制对照，codec 确认后续长度检查；不作全仓或所有调用者穷尽结论。"
"core","statesync/datagram.go","bug/REVIEW-2026-09-14-07.md","19","位置：`statesync/datagram.go:213` ChunkCount==1 直接返回成功，绕过同文件 `:254` 多片累积大小检查。"
"core","statesync/delta.go","review/REVIEW-2026-09-15.md","15","coverage 对 delta.go/schema.go/replicator.go/codec.go/snapshot.go 均 metadata_changed，generation 仍 2026-09-08T14:39:26Z。已直接读 delta/schema 全文、projectAndNormalize，以及 NewSnapshot、编码/解码相关边界。无全仓完整或调用关系穷尽结论。"
"core","statesync/delta.go","bug/REVIEW-2026-09-14-06.md","9","位置：`statesync/session.go:191` 覆盖 sent[snapshot.Tick]；同文件 Acknowledge:82 只按 tick 确认，prepare:144 读取该 tick 当前映像；`statesync/replicator.go:276` 每次重新投影；`statesync/delta.go:110` ApplyDelta 不检查基线内容身份。"
"core","statesync/delta.go","bug/REVIEW-2026-09-15.md","7","状态：未修复。位置：`statesync/delta.go:167`、`:203` 在每次对象/组件操作后检查存量上限；生成顺序来自 `diffObjects:29`、`diffComponents:63` 的有序合并。"
"core","statesync/frame_limits.go","review/REVIEW-2026-09-14-07.md","15","coverage 检查 session.go/control.go/datagram.go/frame_limits.go/replicator.go/replicator_test.go 及 codec.go 均 metadata_changed，已读当前相关源码补证。datagram/control/frame_limits 读全，session ACK/force 与已有 prepare/commit 机制对照，codec 确认后续长度检查；不作全仓或所有调用者穷尽结论。"
"core","statesync/lod.go","review/REVIEW-2026-09-14-08.md","17","coverage 检查 lod.go、lod_test.go、ring.go、session.go、replicator.go 均 metadata_changed，直接源码补证：lod/ring 全文，LOD 配置和测试助手，session.prepare/commitPrepared 与 Replicator 准备链。ProjectionContext 的 Previous 是最近获准发送的会话投影视图，不是组件刷新时钟。没有全仓穷尽结论。"
"core","statesync/lod.go","bug/REVIEW-2026-09-14-08.md","7","状态：未修复。位置：`statesync/lod.go:236` 的 `tick%interval == 0`，以及 `:213`—`:215` 保留 previous 组件。证据为图谱定位、当前源码和独立 overlay，经过 Replicator 准备、客户端 ApplyDelta、Commit、ACK 链路。"
"core","statesync/lod_test.go","review/REVIEW-2026-09-14-08.md","17","coverage 检查 lod.go、lod_test.go、ring.go、session.go、replicator.go 均 metadata_changed，直接源码补证：lod/ring 全文，LOD 配置和测试助手，session.prepare/commitPrepared 与 Replicator 准备链。ProjectionContext 的 Previous 是最近获准发送的会话投影视图，不是组件刷新时钟。没有全仓穷尽结论。"
"core","statesync/replicator.go","review/REVIEW-2026-09-14-07.md","15","coverage 检查 session.go/control.go/datagram.go/frame_limits.go/replicator.go/replicator_test.go 及 codec.go 均 metadata_changed，已读当前相关源码补证。datagram/control/frame_limits 读全，session ACK/force 与已有 prepare/commit 机制对照，codec 确认后续长度检查；不作全仓或所有调用者穷尽结论。"
"core","statesync/replicator.go","review/REVIEW-2026-09-14-08.md","17","coverage 检查 lod.go、lod_test.go、ring.go、session.go、replicator.go 均 metadata_changed，直接源码补证：lod/ring 全文，LOD 配置和测试助手，session.prepare/commitPrepared 与 Replicator 准备链。ProjectionContext 的 Previous 是最近获准发送的会话投影视图，不是组件刷新时钟。没有全仓穷尽结论。"
"core","statesync/replicator.go","review/REVIEW-2026-09-15.md","15","coverage 对 delta.go/schema.go/replicator.go/codec.go/snapshot.go 均 metadata_changed，generation 仍 2026-09-08T14:39:26Z。已直接读 delta/schema 全文、projectAndNormalize，以及 NewSnapshot、编码/解码相关边界。无全仓完整或调用关系穷尽结论。"
"core","statesync/replicator.go","bug/REVIEW-2026-09-14-06.md","9","位置：`statesync/session.go:191` 覆盖 sent[snapshot.Tick]；同文件 Acknowledge:82 只按 tick 确认，prepare:144 读取该 tick 当前映像；`statesync/replicator.go:276` 每次重新投影；`statesync/delta.go:110` ApplyDelta 不检查基线内容身份。"
"core","statesync/replicator.go","bug/REVIEW-2026-09-14-07.md","7","位置：`statesync/session.go:55`（控制报文 ACK）、`:102`（直接 Acknowledge）无条件清除 forceFull；`:107` ForceFull 只更新本地 generation。外部入口 `statesync/replicator.go:217`。"
"core","statesync/replicator.go","bug/REVIEW-2026-09-15-02.md","9","位置：`statesync/replicator.go:262` PrepareLatest 锁只覆盖准备；`:53` Commit 在运输已接受后调用；`statesync/session.go:221` 对不同视图返回 stale，却未建立恢复屏障或作废该 tick 的 ACK 基线。"
"core","statesync/replicator_test.go","review/REVIEW-2026-09-14-07.md","15","coverage 检查 session.go/control.go/datagram.go/frame_limits.go/replicator.go/replicator_test.go 及 codec.go 均 metadata_changed，已读当前相关源码补证。datagram/control/frame_limits 读全，session ACK/force 与已有 prepare/commit 机制对照，codec 确认后续长度检查；不作全仓或所有调用者穷尽结论。"
"core","statesync/ring.go","review/REVIEW-2026-09-14-08.md","17","coverage 检查 lod.go、lod_test.go、ring.go、session.go、replicator.go 均 metadata_changed，直接源码补证：lod/ring 全文，LOD 配置和测试助手，session.prepare/commitPrepared 与 Replicator 准备链。ProjectionContext 的 Previous 是最近获准发送的会话投影视图，不是组件刷新时钟。没有全仓穷尽结论。"
"core","statesync/session.go","bug/REVIEW-2026-09-14-06.md","9","位置：`statesync/session.go:191` 覆盖 sent[snapshot.Tick]；同文件 Acknowledge:82 只按 tick 确认，prepare:144 读取该 tick 当前映像；`statesync/replicator.go:276` 每次重新投影；`statesync/delta.go:110` ApplyDelta 不检查基线内容身份。"
"core","statesync/session.go","bug/REVIEW-2026-09-14-07.md","7","位置：`statesync/session.go:55`（控制报文 ACK）、`:102`（直接 Acknowledge）无条件清除 forceFull；`:107` ForceFull 只更新本地 generation。外部入口 `statesync/replicator.go:217`。"
"core","statesync/session.go","bug/REVIEW-2026-09-15-02.md","9","位置：`statesync/replicator.go:262` PrepareLatest 锁只覆盖准备；`:53` Commit 在运输已接受后调用；`statesync/session.go:221` 对不同视图返回 stale，却未建立恢复屏障或作废该 tick 的 ACK 基线。"
"core","statesync/snapshot.go","review/REVIEW-2026-09-15.md","15","coverage 对 delta.go/schema.go/replicator.go/codec.go/snapshot.go 均 metadata_changed，generation 仍 2026-09-08T14:39:26Z。已直接读 delta/schema 全文、projectAndNormalize，以及 NewSnapshot、编码/解码相关边界。无全仓完整或调用关系穷尽结论。"
"core","syncbus/delivery_id.go","review/REVIEW-2026-09-16.md","9","Verify，list_projects 确认 D-whb_s。syncbus 限定查询 37 项、journal 指定函数查询 10 项，均 has_more=false。coverage generation 为 2026-09-08T14:39:26Z；file_journal.go、file_durability_unix.go/windows.go、syncstream.go、lifecycle_journal.go、syncbus/patch_syncer.go、delivery_id.go、patch_syncer_test.go 均 no_recorded_issue 但 metadata_changed，按当前源码补证。flushBatch 双向一层 trace 为 6 下游/1 上游，对 Write/Sync 的目标归属有误，精确 snippet 与实际源码一致，以实际 os.File 操作为证。不声称索引同代或全包完整覆盖。"
"core","syncbus/patch_syncer.go","review/REVIEW-2026-09-16-03.md","25","- Core：nats/driver/client.go、options.go、jetstream.go、jetstream_test.go；nats/config.go、jetstream.go；room/jetstream_syncbus.go、nats_syncbus.go；syncstream/publisher.go、adapter_test.go、subscribe_promises_test.go；syncbus/sync.go、patch_syncer.go。"
"core","syncbus/patch_syncer.go","review/REVIEW-2026-09-16.md","9","Verify，list_projects 确认 D-whb_s。syncbus 限定查询 37 项、journal 指定函数查询 10 项，均 has_more=false。coverage generation 为 2026-09-08T14:39:26Z；file_journal.go、file_durability_unix.go/windows.go、syncstream.go、lifecycle_journal.go、syncbus/patch_syncer.go、delivery_id.go、patch_syncer_test.go 均 no_recorded_issue 但 metadata_changed，按当前源码补证。flushBatch 双向一层 trace 为 6 下游/1 上游，对 Write/Sync 的目标归属有误，精确 snippet 与实际源码一致，以实际 os.File 操作为证。不声称索引同代或全包完整覆盖。"
"core","syncbus/patch_syncer_test.go","review/REVIEW-2026-09-16.md","9","Verify，list_projects 确认 D-whb_s。syncbus 限定查询 37 项、journal 指定函数查询 10 项，均 has_more=false。coverage generation 为 2026-09-08T14:39:26Z；file_journal.go、file_durability_unix.go/windows.go、syncstream.go、lifecycle_journal.go、syncbus/patch_syncer.go、delivery_id.go、patch_syncer_test.go 均 no_recorded_issue 但 metadata_changed，按当前源码补证。flushBatch 双向一层 trace 为 6 下游/1 上游，对 Write/Sync 的目标归属有误，精确 snippet 与实际源码一致，以实际 os.File 操作为证。不声称索引同代或全包完整覆盖。"
"core","syncbus/sync.go","review/IMPLEMENTATION-MIRROR-LIFECYCLE.md","7","[sync.go](../../syncbus/sync.go) 的 ISubscriber（35 行）不要求 unsubscribe 等待回调退出。传输层可能已经取出 handler，此后解绑只能阻止后续查找。本轮屏障测试证明 Apply 能在 Stop 后完成；保存 handler 的测试证明重启标志不隔离旧回调。替身不能证明所有真实 bus 都这样调度。"
"core","syncbus/sync.go","review/IMPLEMENTATION-SYNCSTREAM-FRAGMENTS-AND-DELIVERY.md","3","Core b58e280；[第六轮证据](REVIEW-2026-09-15-06.md)。范围为 syncstream/publisher.go、syncbus/sync.go 和 room/jetstream_syncbus.go 的订阅包装；History/journal 尚未深入。"
"core","syncbus/sync.go","review/REVIEW-2026-09-13-06.md","11","采用 roost-review/codebase-memory Verify。list_projects 确认 D-whb_s 根 D:/whb_s。coverage generation 为 2026-09-08T14:39:26Z，envelope.go 和 sync.go 均 metadata_changed，已读取实际源码补证。mirror scope 无记录缺口不等于完整覆盖。search_graph 在 mirror 返回 5 项、syncbus 返回 10 项，均无剩余分页。get_code_snippet 读取 Start；Stop 双向 trace 零关系不作为无调用者证明。"
"core","syncbus/sync.go","review/REVIEW-2026-09-15-06.md","11","Verify，list_projects 确认 D-whb_s。coverage generation 为 2026-09-08T14:39:26Z，以下文件 no_recorded_issue 但 metadata_changed，读取当前源码补证：room/room_broadcast.go、room_transport_sink.go 及两份对应测试；syncstream/publisher.go、adapter_test.go；syncbus/sync.go；room/jetstream_syncbus.go。没有声称图谱已与 HEAD 同代。"
"core","syncbus/sync.go","review/REVIEW-2026-09-16-03.md","25","- Core：nats/driver/client.go、options.go、jetstream.go、jetstream_test.go；nats/config.go、jetstream.go；room/jetstream_syncbus.go、nats_syncbus.go；syncstream/publisher.go、adapter_test.go、subscribe_promises_test.go；syncbus/sync.go、patch_syncer.go。"
"core","syncstream/file_durability_unix.go","review/REVIEW-2026-09-16.md","9","Verify，list_projects 确认 D-whb_s。syncbus 限定查询 37 项、journal 指定函数查询 10 项，均 has_more=false。coverage generation 为 2026-09-08T14:39:26Z；file_journal.go、file_durability_unix.go/windows.go、syncstream.go、lifecycle_journal.go、syncbus/patch_syncer.go、delivery_id.go、patch_syncer_test.go 均 no_recorded_issue 但 metadata_changed，按当前源码补证。flushBatch 双向一层 trace 为 6 下游/1 上游，对 Write/Sync 的目标归属有误，精确 snippet 与实际源码一致，以实际 os.File 操作为证。不声称索引同代或全包完整覆盖。"
"core","syncstream/file_durability_unix.go","bug/REVIEW-2026-09-16.md","7","位置：syncstream/file_journal.go:233 flushBatch 在 Write 后调用 Sync，错误返回没有隔离后续 Record；Checkpoint:261 在 durableReplace 返回成功后才更新 generation。Linux 的 file_durability_unix.go:20 先 Rename，再同步目录，因此存在文件已发布但函数报错的阶段。History.Append（syncstream.go:140）在 Record 报错时保持旧 latest。"
"core","syncstream/file_journal.go","review/REVIEW-2026-09-15-07.md","9","Verify：list_projects 确认 D-whb_s，generation 2026-09-08T14:39:26Z。syncstream.go、lifecycle_journal.go、file_journal.go、syncstream_test.go 的 coverage 均 no_recorded_issue、metadata_changed，读取当前文件补证。指定 Append/ACK/Replay/Rotate/Import/Checkpoint/Load 查询 30 项、has_more=false；Append 双向一层 trace 为 3 下游、1 上游，含 fctx.Now 的错误匹配，关键事实据源码，不作完整调用覆盖结论。replayWAL 精确 snippet 与当前源码一致。"
"core","syncstream/file_journal.go","review/REVIEW-2026-09-15-08.md","9","Verify，list_projects 确认 D-whb_s；generation 2026-09-08T14:39:26Z。syncstream.go、lifecycle_journal.go、file_journal.go 均 no_recorded_issue、metadata_changed，按当前源码补证，不声称索引同代。限定 Recover/Import/Restore/Checkpoint/Record 等查询 19 项、has_more=false。Import 双向一层 trace 3 下游、2 上游（NewHistoryWithJournal、Restore）；旧图谱对 Now/Errorf 有误归因，以源码为准。Recover 精确 snippet 与当前源码一致。"
"core","syncstream/file_journal.go","review/REVIEW-2026-09-16.md","9","Verify，list_projects 确认 D-whb_s。syncbus 限定查询 37 项、journal 指定函数查询 10 项，均 has_more=false。coverage generation 为 2026-09-08T14:39:26Z；file_journal.go、file_durability_unix.go/windows.go、syncstream.go、lifecycle_journal.go、syncbus/patch_syncer.go、delivery_id.go、patch_syncer_test.go 均 no_recorded_issue 但 metadata_changed，按当前源码补证。flushBatch 双向一层 trace 为 6 下游/1 上游，对 Write/Sync 的目标归属有误，精确 snippet 与实际源码一致，以实际 os.File 操作为证。不声称索引同代或全包完整覆盖。"
"core","syncstream/file_journal.go","bug/REVIEW-2026-09-15-07.md","19","位置：syncstream/file_journal.go 的 Load:77、replayWAL:151、flushBatch:233。replayWAL 遇未换行尾部直接成功，flushBatch 后续使用 O_APPEND，未将文件恢复到最后完整记录边界。"
"core","syncstream/file_journal.go","bug/REVIEW-2026-09-16.md","7","位置：syncstream/file_journal.go:233 flushBatch 在 Write 后调用 Sync，错误返回没有隔离后续 Record；Checkpoint:261 在 durableReplace 返回成功后才更新 generation。Linux 的 file_durability_unix.go:20 先 Rename，再同步目录，因此存在文件已发布但函数报错的阶段。History.Append（syncstream.go:140）在 Record 报错时保持旧 latest。"
"core","syncstream/lifecycle_journal.go","review/REVIEW-2026-09-15-07.md","9","Verify：list_projects 确认 D-whb_s，generation 2026-09-08T14:39:26Z。syncstream.go、lifecycle_journal.go、file_journal.go、syncstream_test.go 的 coverage 均 no_recorded_issue、metadata_changed，读取当前文件补证。指定 Append/ACK/Replay/Rotate/Import/Checkpoint/Load 查询 30 项、has_more=false；Append 双向一层 trace 为 3 下游、1 上游，含 fctx.Now 的错误匹配，关键事实据源码，不作完整调用覆盖结论。replayWAL 精确 snippet 与当前源码一致。"
"core","syncstream/lifecycle_journal.go","review/REVIEW-2026-09-15-08.md","9","Verify，list_projects 确认 D-whb_s；generation 2026-09-08T14:39:26Z。syncstream.go、lifecycle_journal.go、file_journal.go 均 no_recorded_issue、metadata_changed，按当前源码补证，不声称索引同代。限定 Recover/Import/Restore/Checkpoint/Record 等查询 19 项、has_more=false。Import 双向一层 trace 3 下游、2 上游（NewHistoryWithJournal、Restore）；旧图谱对 Now/Errorf 有误归因，以源码为准。Recover 精确 snippet 与当前源码一致。"
"core","syncstream/lifecycle_journal.go","review/REVIEW-2026-09-16.md","9","Verify，list_projects 确认 D-whb_s。syncbus 限定查询 37 项、journal 指定函数查询 10 项，均 has_more=false。coverage generation 为 2026-09-08T14:39:26Z；file_journal.go、file_durability_unix.go/windows.go、syncstream.go、lifecycle_journal.go、syncbus/patch_syncer.go、delivery_id.go、patch_syncer_test.go 均 no_recorded_issue 但 metadata_changed，按当前源码补证。flushBatch 双向一层 trace 为 6 下游/1 上游，对 Write/Sync 的目标归属有误，精确 snippet 与实际源码一致，以实际 os.File 操作为证。不声称索引同代或全包完整覆盖。"
"core","syncstream/lifecycle_journal.go","bug/REVIEW-2026-09-15-07.md","7","位置：syncstream/lifecycle_journal.go 的 DeleteStream:120、DeleteObserver:136、SweepIdle:163；syncstream/syncstream.go 的 Append:140、AcknowledgeEpoch:200、Resync:300。"
"core","syncstream/lifecycle_journal.go","bug/REVIEW-2026-09-15-08.md","7","位置：syncstream/syncstream.go:482 Import 完整校验后仅替换 streams/epoch，573 Restore 调用 Import；lifecycle_journal.go:49 NewHistoryWithJournal 将 journal 保留给后续 Append/ACK。"
"core","syncstream/publisher.go","review/IMPLEMENTATION-SYNCSTREAM-FRAGMENTS-AND-DELIVERY.md","3","Core b58e280；[第六轮证据](REVIEW-2026-09-15-06.md)。范围为 syncstream/publisher.go、syncbus/sync.go 和 room/jetstream_syncbus.go 的订阅包装；History/journal 尚未深入。"
"core","syncstream/publisher.go","review/REVIEW-2026-09-15-06.md","11","Verify，list_projects 确认 D-whb_s。coverage generation 为 2026-09-08T14:39:26Z，以下文件 no_recorded_issue 但 metadata_changed，读取当前源码补证：room/room_broadcast.go、room_transport_sink.go 及两份对应测试；syncstream/publisher.go、adapter_test.go；syncbus/sync.go；room/jetstream_syncbus.go。没有声称图谱已与 HEAD 同代。"
"core","syncstream/publisher.go","review/REVIEW-2026-09-15-06.md","13","room 生命周期查询 18 项、publisher.go 限定查询 35 项、syncbus 接口/发布查询 10 项、syncstream 指定测试查询 17 项，均 has_more=false。最初 syncstream 全范围有 182 项、返回 60 项，随后缩小至 publisher.go，不用该截断查询证明模块完整。SetDownstream 双向一层 trace 只有一个 isStopped 下游、零上游，但源码还明确调用 envelopeSink.SetDownstream；图谱解析不完整，零上游不代表无人使用。精确 snippet 与当前实现一致。"
"core","syncstream/publisher.go","review/REVIEW-2026-09-16-03.md","25","- Core：nats/driver/client.go、options.go、jetstream.go、jetstream_test.go；nats/config.go、jetstream.go；room/jetstream_syncbus.go、nats_syncbus.go；syncstream/publisher.go、adapter_test.go、subscribe_promises_test.go；syncbus/sync.go、patch_syncer.go。"
"core","syncstream/publisher.go","bug/REVIEW-2026-09-16-03.md","9","位置：`room/jetstream_syncbus.go:147–193,247–255`，`nats/driver/jetstream.go:62–82`。业务影响链路：`syncstream/publisher.go:248–294,297–351`。"
"core","syncstream/subscribe_promises_test.go","review/REVIEW-2026-09-16-03.md","25","- Core：nats/driver/client.go、options.go、jetstream.go、jetstream_test.go；nats/config.go、jetstream.go；room/jetstream_syncbus.go、nats_syncbus.go；syncstream/publisher.go、adapter_test.go、subscribe_promises_test.go；syncbus/sync.go、patch_syncer.go。"
"core","syncstream/syncstream.go","review/REVIEW-2026-09-15-07.md","9","Verify：list_projects 确认 D-whb_s，generation 2026-09-08T14:39:26Z。syncstream.go、lifecycle_journal.go、file_journal.go、syncstream_test.go 的 coverage 均 no_recorded_issue、metadata_changed，读取当前文件补证。指定 Append/ACK/Replay/Rotate/Import/Checkpoint/Load 查询 30 项、has_more=false；Append 双向一层 trace 为 3 下游、1 上游，含 fctx.Now 的错误匹配，关键事实据源码，不作完整调用覆盖结论。replayWAL 精确 snippet 与当前源码一致。"
"core","syncstream/syncstream.go","review/REVIEW-2026-09-15-08.md","9","Verify，list_projects 确认 D-whb_s；generation 2026-09-08T14:39:26Z。syncstream.go、lifecycle_journal.go、file_journal.go 均 no_recorded_issue、metadata_changed，按当前源码补证，不声称索引同代。限定 Recover/Import/Restore/Checkpoint/Record 等查询 19 项、has_more=false。Import 双向一层 trace 3 下游、2 上游（NewHistoryWithJournal、Restore）；旧图谱对 Now/Errorf 有误归因，以源码为准。Recover 精确 snippet 与当前源码一致。"
"core","syncstream/syncstream.go","review/REVIEW-2026-09-16.md","9","Verify，list_projects 确认 D-whb_s。syncbus 限定查询 37 项、journal 指定函数查询 10 项，均 has_more=false。coverage generation 为 2026-09-08T14:39:26Z；file_journal.go、file_durability_unix.go/windows.go、syncstream.go、lifecycle_journal.go、syncbus/patch_syncer.go、delivery_id.go、patch_syncer_test.go 均 no_recorded_issue 但 metadata_changed，按当前源码补证。flushBatch 双向一层 trace 为 6 下游/1 上游，对 Write/Sync 的目标归属有误，精确 snippet 与实际源码一致，以实际 os.File 操作为证。不声称索引同代或全包完整覆盖。"
"core","syncstream/syncstream.go","bug/REVIEW-2026-09-15-07.md","7","位置：syncstream/lifecycle_journal.go 的 DeleteStream:120、DeleteObserver:136、SweepIdle:163；syncstream/syncstream.go 的 Append:140、AcknowledgeEpoch:200、Resync:300。"
"core","syncstream/syncstream.go","bug/REVIEW-2026-09-15-08.md","7","位置：syncstream/syncstream.go:482 Import 完整校验后仅替换 streams/epoch，573 Restore 调用 Import；lifecycle_journal.go:49 NewHistoryWithJournal 将 journal 保留给后续 Append/ACK。"
"core","syncstream/syncstream.go","bug/REVIEW-2026-09-15-08.md","19","位置：syncstream/syncstream.go:275 Recover 在锁外调用 provider，返回后不比较开始时的 epoch/stream generation/latest，直接 Append；Append:140 按当前状态赋予 epoch 和新序号。"
"core","syncstream/syncstream.go","bug/REVIEW-2026-09-16-04.md","51","位置：Core [syncstream/syncstream.go](../../syncstream/syncstream.go)，streamObservation 第 172 行、appendIfUnchanged 第 191 行、Recover 第 346 行、Import 第 578 行。基线见第 2 节。"
"core","syncstream/syncstream.go","bug/REVIEW-2026-09-16.md","7","位置：syncstream/file_journal.go:233 flushBatch 在 Write 后调用 Sync，错误返回没有隔离后续 Record；Checkpoint:261 在 durableReplace 返回成功后才更新 generation。Linux 的 file_durability_unix.go:20 先 Rename，再同步目录，因此存在文件已发布但函数报错的阶段。History.Append（syncstream.go:140）在 Record 报错时保持旧 latest。"
"core","syncstream/syncstream_test.go","review/REVIEW-2026-09-15-07.md","9","Verify：list_projects 确认 D-whb_s，generation 2026-09-08T14:39:26Z。syncstream.go、lifecycle_journal.go、file_journal.go、syncstream_test.go 的 coverage 均 no_recorded_issue、metadata_changed，读取当前文件补证。指定 Append/ACK/Replay/Rotate/Import/Checkpoint/Load 查询 30 项、has_more=false；Append 双向一层 trace 为 3 下游、1 上游，含 fctx.Now 的错误匹配，关键事实据源码，不作完整调用覆盖结论。replayWAL 精确 snippet 与当前源码一致。"
"core","versionstore/memory_store.go","review/REVIEW-2026-09-08.md","29","  cube-core/versionstore/versionstore.go、memory_store.go。"
"core","versionstore/memory_store.go","review/REVIEW-2026-09-08.md","39","| core | 缓存读穿透合并，版本存储插入/CAS 契约和内存实现 | cache/read_through.go；versionstore/versionstore.go、memory_store.go |"
"core","versionstore/memory_store.go","review/REVIEW-2026-09-11-03.md","23","coverage 检查涉及 remoteentity/transaction_manager remoteentity/batch remoteentity/finalizer_stop_handoff_promises_test.go，nest/dispatcher nest/group_transition nest/msg nest/delayed_shutdown_promises_test.go，Mail 的 mailbox/service/types/store/settled_claim_retention_promises_test，以及 versionstore/memory_store.go、versionstore.go。旧路径 metadata_changed，新测试 not_tracked，均读取当前相关源码；账本 partial 的 311 行也读取补证。此信号不是完整性证明。"
"core","versionstore/memory_store.go","bug/REVIEW-2026-09-09-02.md","9","**位置：** Kit `service/session/service.go:339` 先 discard run 再 releaseClaimIfCurrent；新增 helper `:364–365` 将旧 claim 直接传给 Store.Delete。Core `versionstore/memory_store.go:63` 重建键时版本回到 1，`:78–81` 仅比较版本后删除。"
"core","versionstore/memory_store.go","bug/REVIEW-2026-09-11-03.md","18","**位置：** Kit `service/mail/service.go:336` 的 Update 回调，`:348` 插入、`:356` 淘汰先于 `:358` 的容量拒绝；Core `versionstore/memory_store.go:45` 直接传入含 map 的 current.Value。Mailbox 的 `clone` 位于 `service/mail/mailbox.go:302`，Deliver 回调未在修改前调用它。"
"core","versionstore/memory_store.go","bug/REVIEW-2026-09-11.md","22","- 位置：Kit `service/mail/mailbox.go:264`；对外读取 `service/mail/service.go:923`；Core `versionstore/memory_store.go:27` 的 Get 按值返回泛型对象。"
"core","versionstore/memory_store.go","bug/REVIEW-2026-09-17.md","41","**P3，Core，未修复；本轮确认范围为 NewMemoryStore / 内存 versionstore。** [queue_store.go](../../service/match/queue_store.go):54 clone、:225 入队 Subject、:305 Ticket、:331 Candidates、:426 保存 Match 并赋 result、:437 Match；[store.go](../../service/match/store.go) 的 NewMemoryStore；[versionstore/memory_store.go](../../versionstore/memory_store.go) 按值存取泛型对象，未深复制引用字段。"
"core","versionstore/redis_store.go","bug/REVIEW-2026-09-09-02.md","32","**Redis 边界：** 本轮行为复现使用 MemoryStore。另读 `versionstore/redis_store.go`：Delete 重新读取当前值，只比较 expect.Version，之后 CAS 使用的是重新读取的 raw；这不能证明旧 claim 的身份。因此从源码推断该身份前提也不能依赖 Redis 自动补齐，但本轮没有连接真实 Redis 重放此交错，不将其写成已实测。"
"core","versionstore/versionstore.go","review/REVIEW-2026-09-08.md","29","  cube-core/versionstore/versionstore.go、memory_store.go。"
"core","versionstore/versionstore.go","review/REVIEW-2026-09-08.md","39","| core | 缓存读穿透合并，版本存储插入/CAS 契约和内存实现 | cache/read_through.go；versionstore/versionstore.go、memory_store.go |"
"core","versionstore/versionstore.go","review/REVIEW-2026-09-09.md","46","cube-core/versionstore/versionstore.go"
"core","versionstore/versionstore.go","review/REVIEW-2026-09-11-03.md","23","coverage 检查涉及 remoteentity/transaction_manager remoteentity/batch remoteentity/finalizer_stop_handoff_promises_test.go，nest/dispatcher nest/group_transition nest/msg nest/delayed_shutdown_promises_test.go，Mail 的 mailbox/service/types/store/settled_claim_retention_promises_test，以及 versionstore/memory_store.go、versionstore.go。旧路径 metadata_changed，新测试 not_tracked，均读取当前相关源码；账本 partial 的 311 行也读取补证。此信号不是完整性证明。"
"core","versionstore/versionstore.go","bug/REVIEW-2026-09-08.md","16","第 311–321 行。core [versionstore/versionstore.go](../../versionstore/versionstore.go) 的 Create"
"core","worker/pool.go","review/REVIEW-2026-09-09.md","38","cube-core/worker/pool.go"
"core","worker/pool.go","review/REVIEW-2026-09-09.md","64","| 并发与背压 | `worker/pool.go:148` TryDispatch 有明确队列满错误；`nest_dispatch.go:866` 起核对多实体加锁/释放 | 并发正确性有显式协议。业务仍须定义多实体原子边界；不能把实体串行化误当成所有跨实体操作自动安全 |"
"core","worker/worker.go","bug/REVIEW-2026-09-11-04.md","9","**位置：** `nest/pipelined_completion.go:234` 的 tx.Commit 在回复之前执行；`nest/rollback.go:417` 起逐个执行 commits 回调，没有逐项异常隔离。`rollback.go:722` 将 TransactionReleased 追加到业务回调之后；`worker/worker.go:76` 的 SafeFunc 只在最外层恢复并记录 panic。"
"kit","assembly_boundary_test.go","review/REVIEW-2026-09-09.md","48","cube-kit/assembly_boundary_test.go"
"kit","assembly_boundary_test.go","review/REVIEW-2026-09-09.md","69","| 边界守卫 | Core `dependency_boundary_test.go` 限制上层依赖/驱动污染；Kit `assembly_boundary_test.go` 检查非测试代码 Raw 调用 | 架构规则有可执行约束，本轮相关测试通过。AST/导入检查是守卫，不是全部运行时资源所有权的证明 |"
"kit","dataengine/mod.go","review/REVIEW-2026-09-09-03.md","33","cube-kit/dataengine/mod.go"
"kit","dataengine/mod.go","review/REVIEW-2026-09-09.md","47","cube-kit/dataengine/mod.go"
"kit","dataengine/mod.go","review/REVIEW-2026-09-09.md","61","| Core/Kit 分工 | Core `dataengine/engine/assembly.go` 的 typed Config/Dependencies 与 Assemble/Start/Shutdown；Kit `dataengine/mod.go` 将配置和能力解析后交给 Assembly | 实现归属符合三仓目标。Core 可以承载必要的基础设施实现，不必退回“只有接口”的空壳；关键是契约与具体驱动的依赖方向 |"
"kit","dataengine/mod.go","bug/REVIEW-2026-09-09-03.md","9","**位置：** `dataengine/engine/assembly.go:161–164` 调用 runtime.Shutdown 后，无论结果如何都清空 `a.runtime`；下次调用在 `runtime == nil` 时返回 nil。Kit `dataengine/mod.go` 的 StopWithContext 直接转发到该方法。"
"kit","dataengine/mod.go","bug/REVIEW-2026-09-16-04.md","115","| ARCH-03 保留已经正确的组装 | dataengine/mod.go:194 Provide 调 Core engine.Assemble，:240/:258 转发生命周期；saga/mod.go:109/:121、:137/:147 同理 | 沿用此方式作为迁移样板；业务状态机不再复制回 Kit |"
"kit","manager/manager_mod.go","bug/REVIEW-2026-09-16-04.md","114","| ARCH-02 manager 生命周期引擎 | manager/manager_mod.go:107 Start 含排序、状态、失败回滚和停止协调；manager/manager_order.go:22 自己实现依赖校验/拓扑排序 | 通用生命周期机制放 Core/app 的适当子包或 Core/manager；Kit 适配 app.Mod。复用时先核对能力，不直接换成当前语义不同的 TopologicalSortCache |"
"kit","manager/manager_mod.go","bug/REVIEW-2026-09-16-05.md","7","**P2，Core，未修复；Kit ManagerMod 同样受影响。** 位置：[manager/engine.go](../../manager/engine.go):113 Start、:136 stopRequested、:160 started 追加、:182 stopStarted。Kit manager/manager_mod.go:74 转发 Start。"
"kit","nats/nats_mod.go","review/REVIEW-2026-09-16-03.md","12","| Kit | `7030c5fd15701df9c5cc6c8c4bf62a8c91a5ba2a` | room/room_mod.go、nats/nats_mod.go 的能力装配及停止调用链 |"
"kit","nats/nats_mod.go","review/REVIEW-2026-09-16-03.md","26","- Kit：room/room_mod.go、room_mod_stop_test.go、nats/nats_mod.go。"
"kit","room/room_mod.go","review/REVIEW-2026-09-16-03.md","12","| Kit | `7030c5fd15701df9c5cc6c8c4bf62a8c91a5ba2a` | room/room_mod.go、nats/nats_mod.go 的能力装配及停止调用链 |"
"kit","room/room_mod.go","review/REVIEW-2026-09-16-03.md","26","- Kit：room/room_mod.go、room_mod_stop_test.go、nats/nats_mod.go。"
"kit","room/room_mod.go","bug/REVIEW-2026-09-16-04.md","94","Core room/jetstream_syncbus.go:315 只为默认 roost.sync 保留旧 hash；Kit room/room_mod.go:73 默认设为 **roost.room**。独立验证 topic=state、SID=7："
"kit","room/room_mod_stop_test.go","review/REVIEW-2026-09-16-03.md","26","- Kit：room/room_mod.go、room_mod_stop_test.go、nats/nats_mod.go。"
"kit","saga/mod.go","bug/REVIEW-2026-09-16-04.md","115","| ARCH-03 保留已经正确的组装 | dataengine/mod.go:194 Provide 调 Core engine.Assemble，:240/:258 转发生命周期；saga/mod.go:109/:121、:137/:147 同理 | 沿用此方式作为迁移样板；业务状态机不再复制回 Kit |"
"kit","service/account/account_mod.go","review/IMPLEMENTATION-SERVICE-PLACEMENT-AND-RECOVERY.md","33","identity.go 的 RegistryBound 是装配钩子，account_mod.go Provide 调用它。建议声明移到 Kit 装配文件，保持旧 `kit/service/account.RegistryBound` 名称与 BindRegistry 签名；Core 仅保留 IdentityVerifier/PlayerIDAllocator/NameValidator 领域方法。结构化接口允许业务对象同时实现绑定和领域接口，无需新全局 Registry。"
"kit","service/chat/chat.go","review/IMPLEMENTATION-SERVICE-PLACEMENT-AND-RECOVERY.md","15","| chat | chat.go/store/service/redis_store：频道权限、顺序与保留、特权发布、会话查询；Messaging RPC | chat_mod、ticker、日志/取消；业务策略和频道来源 |"
"kit","service/directory/directory.go","review/IMPLEMENTATION-SERVICE-PLACEMENT-AND-RECOVERY.md","13","| directory | directory.go、store.go、redis_store.go：预约/确认/撤销、token、唯一归属与过期 | directory_mod；业务 Normalizer |"
"kit","service/global/activity/redis_store.go","review/IMPLEMENTATION-ACTIVITY-WINDOW-AND-DISPATCH.md","9","`service/global/activity/redis_store.go` 为 Activities、Participants、Ledger、Audits、Dispatches、Windows 建立六套 versionstore 存储。每条 Update 有 CAS，但不同存储的操作没有共同事务。Ledger 配 TTL；其余存储此处不配置 TTL，不能把单条记录上限理解为累计磁盘空间有界。"
"kit","service/global/activity/server_run.go","bug/REVIEW-2026-09-14-02.md","26","状态：未修复。位置：Kit `service/global/activity/server_run.go:92`；`service.go:618-626`（完成后移出窗口并仅返回本次 completed），`:669`（通知完成后 settleCompletion 移除窗口）。"
"kit","service/global/activity/service.go","bug/REVIEW-2026-09-14-02.md","7","状态：未修复。位置：Kit `service/global/activity/service.go:212`（先 admitToWindow）、`:224`（Create）、`:572`（不存在就 prune）、`:675`（按 key 删除）。"
"kit","service/match/match_mod.go","bug/REVIEW-2026-09-16-04.md","75","- Kit service/match/match_mod.go:17、:63、:112：NewMod(grouping, reporter) 的注释承诺匹配策略，Provide 将其传入 Config。"
"kit","service/platform/platform_mod.go","bug/REVIEW-2026-09-17-02.md","7","**P2，Kit，本轮基线未修复。** `service/platform/server_run.go:34` run、`:51` 遍历 retryOrders、`:81` 固定返回 nil；`platform_mod.go:30/46` Mod/NewMod；`platform_rpc_assembly_gen.go:89` Server；`service.go:395` AttemptDelivery。"
"kit","service/platform/platform_rpc_assembly_gen.go","bug/REVIEW-2026-09-17-02.md","7","**P2，Kit，本轮基线未修复。** `service/platform/server_run.go:34` run、`:51` 遍历 retryOrders、`:81` 固定返回 nil；`platform_mod.go:30/46` Mod/NewMod；`platform_rpc_assembly_gen.go:89` Server；`service.go:395` AttemptDelivery。"
"kit","service/platform/server_run.go","bug/REVIEW-2026-09-17-02.md","7","**P2，Kit，本轮基线未修复。** `service/platform/server_run.go:34` run、`:51` 遍历 retryOrders、`:81` 固定返回 nil；`platform_mod.go:30/46` Mod/NewMod；`platform_rpc_assembly_gen.go:89` Server；`service.go:395` AttemptDelivery。"
"codegen","demo/game/controllers/player/finish_dungeon.go.tmpl","bug/REVIEW-2026-09-17-03.md","9","**状态：未修复；新增 demo 功能问题。** Codegen `demo/game/controllers/player/finish_dungeon.go.tmpl:32`、`:49`、`:56`；Core `service/session/service.go:541`、`:556`。"
"codegen","demo/internal/service/game/battle.go.tmpl","bug/REVIEW-2026-09-17-03.md","56","**状态：未修复；范围仅新增 demo 适配。** Codegen `demo/internal/service/game/battle.go.tmpl:56` 的宽限期约定，以及 `:220`、`:229`、`:235`。"
"codegen","demo/internal/service/game/matchmaker.go.tmpl","bug/REVIEW-2026-09-16-04.md","79","- Codegen demo/internal/service/game/matchmaker.go.tmpl:66、:88：实际匹配循环独立创建 FirstComeGrouping，走 Candidates → grouping.Group → Commit。"
"codegen","internal/attribute/gen.go","bug/REVIEW-2026-09-17-03.md","36","**状态：未修复；Wanted-03 转入。** Codegen `internal/attribute/gen.go:17`、`:169`、`:177`，`internal/roost/render.go:138` 附近 attribute 脚手架；参考 `docs/CODEGEN_REFERENCE.zh-CN.md` §11。"
"codegen","internal/dao/template_nested.go","bug/REVIEW-2026-09-17-03.md","26","**状态：未修复；Wanted-02 转入。** Codegen `internal/dao/template_nested.go`；当前 golden `internal/dao/testdata/golden/gen_equip_info_nested.go:102`、`:165` 和 `gen_gem_info_nested.go:104`。"
"codegen","internal/dao/testdata/golden/gen_equip_info_nested.go","bug/REVIEW-2026-09-17-03.md","26","**状态：未修复；Wanted-02 转入。** Codegen `internal/dao/template_nested.go`；当前 golden `internal/dao/testdata/golden/gen_equip_info_nested.go:102`、`:165` 和 `gen_gem_info_nested.go:104`。"
"codegen","internal/dao/testdata/golden/gen_gem_info_nested.go","bug/REVIEW-2026-09-17-03.md","26","**状态：未修复；Wanted-02 转入。** Codegen `internal/dao/template_nested.go`；当前 golden `internal/dao/testdata/golden/gen_equip_info_nested.go:102`、`:165` 和 `gen_gem_info_nested.go:104`。"
"codegen","internal/entity/gen.go","review/IMPLEMENTATION-REMOTE-POLICY-MIRROR.md","20","| 构造/生成 | [entity_factory.go](../../entity/entity_factory.go):341、[gen.go](../../../cube-codegen/internal/entity/gen.go):34、50、400：特殊接口/RemoteBase 分支只针对 Managed | Mirror 仍走普通 EntityBase 分支；`noPersist` 独立设置，不能假定 Mirror 自动禁用 DAO/持久化 |"
"codegen","internal/entity/gen.go","review/REVIEW-2026-09-09-03.md","34","cube-codegen/internal/entity/gen.go cube-codegen/internal/entity/main.go cube-codegen/internal/entity/parse.go cube-codegen/internal/entity/guard_tests_promises_test.go cube-codegen/internal/entity/testdata/remote/guild.go"
"codegen","internal/entity/gen.go","bug/REVIEW-2026-09-09-03.md","32","**位置：** `internal/entity/main.go:86` 为解析到的每个实体分别生成文件；`internal/entity/gen.go:299` 和 `:304` 无条件为每个文件声明包级 `registerEntityOnce`、`RegisterEntity`。"
"codegen","internal/entity/gen.go","bug/REVIEW-2026-09-10-03.md","18","- 位置：Codegen `internal/entity/parse.go:370`，尤其 378～381；输出引用见 `internal/entity/gen.go:336`。本次 M-05 新增场景。"
"codegen","internal/entity/gen.go","bug/REVIEW-2026-09-18.md","9","**状态：未修复；Wanted-05 的生成入口缺口。** Codegen `internal/entity/gen.go:357` 附近生成 EntitySyncBuilderParam，`:362` 生成 FlushPolicy，`:367` 生成 SubjectPackerFactory；Core `entity/subject_sync.go:143` 的当前配置仅有 Enabled、Topic、PackerFactory。"
"codegen","internal/entity/guard_tests_promises_test.go","review/REVIEW-2026-09-09-03.md","34","cube-codegen/internal/entity/gen.go cube-codegen/internal/entity/main.go cube-codegen/internal/entity/parse.go cube-codegen/internal/entity/guard_tests_promises_test.go cube-codegen/internal/entity/testdata/remote/guild.go"
"codegen","internal/entity/main.go","review/IMPLEMENTATION-SERVICE-REPLAY-AND-CODEGEN.md","23","Codegen `internal/entity/main.go` 收集包内实体，再调用 `gen.go` 的 generateInPackage。当前默认模式使用每实体文件名，每实体注册 once/helper 名称唯一，包级 RegisterEntity 放在排序后的首实体产物中。"
"codegen","internal/entity/main.go","review/REVIEW-2026-09-09-03.md","34","cube-codegen/internal/entity/gen.go cube-codegen/internal/entity/main.go cube-codegen/internal/entity/parse.go cube-codegen/internal/entity/guard_tests_promises_test.go cube-codegen/internal/entity/testdata/remote/guild.go"
"codegen","internal/entity/main.go","bug/REVIEW-2026-09-09-03.md","32","**位置：** `internal/entity/main.go:86` 为解析到的每个实体分别生成文件；`internal/entity/gen.go:299` 和 `:304` 无条件为每个文件声明包级 `registerEntityOnce`、`RegisterEntity`。"
"codegen","internal/entity/main.go","bug/REVIEW-2026-09-09-04.md","19","- 位置：`internal/entity/main.go:93–99`。"
"codegen","internal/entity/parse.go","review/REVIEW-2026-09-09-03.md","34","cube-codegen/internal/entity/gen.go cube-codegen/internal/entity/main.go cube-codegen/internal/entity/parse.go cube-codegen/internal/entity/guard_tests_promises_test.go cube-codegen/internal/entity/testdata/remote/guild.go"
"codegen","internal/entity/parse.go","bug/REVIEW-2026-09-10-03.md","18","- 位置：Codegen `internal/entity/parse.go:370`，尤其 378～381；输出引用见 `internal/entity/gen.go:336`。本次 M-05 新增场景。"
"codegen","internal/entity/testdata/player_gen_wire.go","bug/REVIEW-2026-09-10-03.md","21","- 实际：collectEntityImports 收集 EntityKind、SyncTopic、packer、component、dao，却没有收集 Category。生成成功，消费者 `go test ./...` 失败：`player_gen_wire.go:25:14: undefined: view`。"
"codegen","internal/entity/testdata/remote/guild.go","review/REVIEW-2026-09-09-03.md","34","cube-codegen/internal/entity/gen.go cube-codegen/internal/entity/main.go cube-codegen/internal/entity/parse.go cube-codegen/internal/entity/guard_tests_promises_test.go cube-codegen/internal/entity/testdata/remote/guild.go"
"codegen","internal/entity/testdata/remote/guild.go","review/REVIEW-2026-09-09-03.md","65","消费者输入来自仓内 remote/guild.go fixture。初次直接使用它时单实体启动因 Category=6 超过 2-bit 范围而 panic；仅在临时输入改成有效 Category=2 后重做单/双对照，单体通过、双体仍重复声明。这个夹具问题没有作为第三项功能 bug。首次尝试 roost entity 被 CLI 拒绝后，按文档改用独立 cmd/entity；调用方式错误不算产品问题。"
"codegen","internal/entity/testdata/remote/guild_gen_wire.go","bug/REVIEW-2026-09-09-03.md","38","**实际：** 生成器 exit 0，写出 clan_gen_wire.go 与 guild_gen_wire.go；消费者编译 exit 1："
"codegen","internal/entity/testdata/remote/guild_gen_wire.go","bug/REVIEW-2026-09-09-03.md","41","guild_gen_wire.go:12:5: registerEntityOnce redeclared in this block"
"codegen","internal/entity/testdata/remote/guild_gen_wire.go","bug/REVIEW-2026-09-09-03.md","43","guild_gen_wire.go:17:6: RegisterEntity redeclared in this block"
"codegen","internal/genutil/write.go","review/REVIEW-2026-09-09-03.md","35","cube-codegen/internal/genutil/write.go"
"codegen","internal/registry/gen.go","bug/REVIEW-2026-09-10-03.md","28","- 位置：Codegen `internal/registry/gen.go:212`；模板固定 core entity 导入见同文件 import 块。本次 M-05 新增场景。"
"codegen","internal/roost/cli.go","review/REVIEW-2026-09-08.md","31","- cube-codegen/internal/roost/consolidate.go、consolidate_test.go、cli.go、migration/consolidation_imports.yaml。"
"codegen","internal/roost/cli.go","review/REVIEW-2026-09-08.md","41","| codegen | 根据迁移映射拆分旧包符号并执行升级 | internal/roost/consolidate.go、cli.go、migration/consolidation_imports.yaml |"
"codegen","internal/roost/cli.go","review/REVIEW-2026-09-09.md","50","cube-codegen/internal/roost/project.go cube-codegen/internal/roost/doctor.go cube-codegen/internal/roost/cli.go cube-codegen/internal/roost/manifest.go cube-codegen/internal/roost/consolidate.go"
"codegen","internal/roost/cli.go","review/REVIEW-2026-09-09.md","68","| 工程接入 | Codegen `project.go:53` 起在 staging 生成后 rename；`cli.go:117` 强制 module，依赖失败给恢复命令；doctor 检查生成一致性和编译 | Codegen 已承担消费者工程管理。基础文件提交、可选 game template、依赖解析有不同阶段，不能概括成所有步骤整体原子；doctor 也不等于真实依赖健康或业务成功 |"
"codegen","internal/roost/cli.go","bug/REVIEW-2026-09-09.md","9","**位置：** Core `docs/QUICKSTART.md:21–27` 固定 Codegen v1.7.0 并给出没有 `-module` 的生成命令；`docs/README.md` 的版本基线仍列五仓。Codegen `ci/framework-release.yaml` 当前记录 Core v1.15.0、Kit v1.14.0、Codegen v1.15.1；`internal/roost/cli.go:117–118` 强制检查 module。"
"codegen","internal/roost/consolidate.go","review/REVIEW-2026-09-08.md","31","- cube-codegen/internal/roost/consolidate.go、consolidate_test.go、cli.go、migration/consolidation_imports.yaml。"
"codegen","internal/roost/consolidate.go","review/REVIEW-2026-09-08.md","41","| codegen | 根据迁移映射拆分旧包符号并执行升级 | internal/roost/consolidate.go、cli.go、migration/consolidation_imports.yaml |"
"codegen","internal/roost/consolidate.go","review/REVIEW-2026-09-09.md","50","cube-codegen/internal/roost/project.go cube-codegen/internal/roost/doctor.go cube-codegen/internal/roost/cli.go cube-codegen/internal/roost/manifest.go cube-codegen/internal/roost/consolidate.go"
"codegen","internal/roost/consolidate.go","review/REVIEW-2026-09-09.md","105","| RR-20260908-03 | Codegen `internal/roost/consolidate.go:271` | 单行 import 分流仍触发 format 错误 | AST 合法形态是否被文本编辑隐含缩窄？升级测试是否验证实际消费者而非只比字符串？ |"
"codegen","internal/roost/consolidate.go","bug/REVIEW-2026-09-08.md","65","[internal/roost/consolidate.go](../../../cube-codegen/internal/roost/consolidate.go) 第 330–334 行。"
"codegen","internal/roost/consolidate.go","bug/REVIEW-2026-09-09.md","37","| RR-20260908-03 | Codegen `internal/roost/consolidate.go:271–275` | 单行 import 分流后格式化失败 |"
"codegen","internal/roost/consolidate_test.go","review/REVIEW-2026-09-08.md","31","- cube-codegen/internal/roost/consolidate.go、consolidate_test.go、cli.go、migration/consolidation_imports.yaml。"
"codegen","internal/roost/doctor.go","review/REVIEW-2026-09-09.md","50","cube-codegen/internal/roost/project.go cube-codegen/internal/roost/doctor.go cube-codegen/internal/roost/cli.go cube-codegen/internal/roost/manifest.go cube-codegen/internal/roost/consolidate.go"
"codegen","internal/roost/framework_services.go","bug/REVIEW-2026-09-16-04.md","78","- Codegen internal/roost/framework_services.go:89：生成 Grouping() collaborator 并注入 Mod，注释让项目在这里替换策略。"
"codegen","internal/roost/manifest.go","review/REVIEW-2026-09-09.md","50","cube-codegen/internal/roost/project.go cube-codegen/internal/roost/doctor.go cube-codegen/internal/roost/cli.go cube-codegen/internal/roost/manifest.go cube-codegen/internal/roost/consolidate.go"
"codegen","internal/roost/project.go","review/REVIEW-2026-09-09.md","50","cube-codegen/internal/roost/project.go cube-codegen/internal/roost/doctor.go cube-codegen/internal/roost/cli.go cube-codegen/internal/roost/manifest.go cube-codegen/internal/roost/consolidate.go"
"codegen","internal/roost/project.go","review/REVIEW-2026-09-09.md","68","| 工程接入 | Codegen `project.go:53` 起在 staging 生成后 rename；`cli.go:117` 强制 module，依赖失败给恢复命令；doctor 检查生成一致性和编译 | Codegen 已承担消费者工程管理。基础文件提交、可选 game template、依赖解析有不同阶段，不能概括成所有步骤整体原子；doctor 也不等于真实依赖健康或业务成功 |"
"codegen","internal/roost/render.go","bug/REVIEW-2026-09-17-03.md","36","**状态：未修复；Wanted-03 转入。** Codegen `internal/attribute/gen.go:17`、`:169`、`:177`，`internal/roost/render.go:138` 附近 attribute 脚手架；参考 `docs/CODEGEN_REFERENCE.zh-CN.md` §11。"
