"repo","path","stratum","directory","physical_lines","head","document_reference","reference_count","confirmed_partial_source","confirmed_review","verified_scope","reviewed_sha","source_unchanged_since_review","whole_file_complete","behavior_complete"
"core","actionflow/action_runner.go","primary","actionflow","483","dbbf132a0da74093b5936c73dfc0edb9bcff034e","False","0","False","","","","unknown","unknown","unknown"
"core","actionflow/action_runner_test.go","test_fixture","actionflow","228","dbbf132a0da74093b5936c73dfc0edb9bcff034e","False","0","False","","","","unknown","unknown","unknown"
"core","actionflow/action_types.go","primary","actionflow","119","dbbf132a0da74093b5936c73dfc0edb9bcff034e","False","0","False","","","","unknown","unknown","unknown"
"core","actionflow/mission_runner.go","primary","actionflow","342","dbbf132a0da74093b5936c73dfc0edb9bcff034e","False","0","False","","","","unknown","unknown","unknown"
"core","actionflow/mission_runner_test.go","test_fixture","actionflow","93","dbbf132a0da74093b5936c73dfc0edb9bcff034e","False","0","False","","","","unknown","unknown","unknown"
"core","actionflow/plan.go","primary","actionflow","214","dbbf132a0da74093b5936c73dfc0edb9bcff034e","False","0","False","","","","unknown","unknown","unknown"
"core","actionflow/plan_guards_promises_test.go","test_fixture","actionflow","112","dbbf132a0da74093b5936c73dfc0edb9bcff034e","False","0","False","","","","unknown","unknown","unknown"
"core","actionflow/promises_test.go","test_fixture","actionflow","68","dbbf132a0da74093b5936c73dfc0edb9bcff034e","False","0","False","","","","unknown","unknown","unknown"
"core","actionflow/reentrancy_promises_test.go","test_fixture","actionflow","209","dbbf132a0da74093b5936c73dfc0edb9bcff034e","False","0","False","","","","unknown","unknown","unknown"
"core","actionflow/registry.go","primary","actionflow","130","dbbf132a0da74093b5936c73dfc0edb9bcff034e","False","0","False","","","","unknown","unknown","unknown"
"core","actionflow/runtime.go","primary","actionflow","77","dbbf132a0da74093b5936c73dfc0edb9bcff034e","False","0","False","","","","unknown","unknown","unknown"
"core","actionflow/types_test.go","test_fixture","actionflow","18","dbbf132a0da74093b5936c73dfc0edb9bcff034e","False","0","False","","","","unknown","unknown","unknown"
"core","admin/admin.go","primary","admin","292","dbbf132a0da74093b5936c73dfc0edb9bcff034e","False","0","False","","","","unknown","unknown","unknown"
"core","admin/admin_test.go","test_fixture","admin","135","dbbf132a0da74093b5936c73dfc0edb9bcff034e","False","0","False","","","","unknown","unknown","unknown"
"core","admin/guards_promises_test.go","test_fixture","admin","37","dbbf132a0da74093b5936c73dfc0edb9bcff034e","False","0","False","","","","unknown","unknown","unknown"
"core","admin/promises_test.go","test_fixture","admin","30","dbbf132a0da74093b5936c73dfc0edb9bcff034e","False","0","False","","","","unknown","unknown","unknown"
"core","ai/behavior_strategy.go","primary","ai","182","dbbf132a0da74093b5936c73dfc0edb9bcff034e","False","0","False","","","","unknown","unknown","unknown"
"core","ai/behavior_test.go","test_fixture","ai","323","dbbf132a0da74093b5936c73dfc0edb9bcff034e","False","0","False","","","","unknown","unknown","unknown"
"core","ai/blackboard.go","primary","ai","51","dbbf132a0da74093b5936c73dfc0edb9bcff034e","False","0","False","","","","unknown","unknown","unknown"
"core","ai/controller.go","primary","ai","269","dbbf132a0da74093b5936c73dfc0edb9bcff034e","False","0","False","","","","unknown","unknown","unknown"
"core","ai/controller_test.go","test_fixture","ai","103","dbbf132a0da74093b5936c73dfc0edb9bcff034e","False","0","False","","","","unknown","unknown","unknown"
"core","ai/guards_promises_test.go","test_fixture","ai","62","dbbf132a0da74093b5936c73dfc0edb9bcff034e","False","0","False","","","","unknown","unknown","unknown"
"core","ai/nodes.go","primary","ai","344","dbbf132a0da74093b5936c73dfc0edb9bcff034e","False","0","False","","","","unknown","unknown","unknown"
"core","ai/strategy.go","primary","ai","30","dbbf132a0da74093b5936c73dfc0edb9bcff034e","False","0","False","","","","unknown","unknown","unknown"
"core","ai/tree.go","primary","ai","144","dbbf132a0da74093b5936c73dfc0edb9bcff034e","False","0","False","","","","unknown","unknown","unknown"
"core","ai/tree_parser.go","primary","ai","356","dbbf132a0da74093b5936c73dfc0edb9bcff034e","False","0","False","","","","unknown","unknown","unknown"
"core","ai/tree_parser_promises_test.go","test_fixture","ai","71","dbbf132a0da74093b5936c73dfc0edb9bcff034e","False","0","False","","","","unknown","unknown","unknown"
"core","app/app.go","primary","app","600","dbbf132a0da74093b5936c73dfc0edb9bcff034e","True","2","False","","","","unknown","unknown","unknown"
"core","app/app_test.go","test_fixture","app","452","dbbf132a0da74093b5936c73dfc0edb9bcff034e","True","1","False","","","","unknown","unknown","unknown"
"core","app/buildinfo/buildinfo.go","primary","app/buildinfo","42","dbbf132a0da74093b5936c73dfc0edb9bcff034e","False","0","False","","","","unknown","unknown","unknown"
"core","app/buildinfo/buildinfo_test.go","test_fixture","app/buildinfo","60","dbbf132a0da74093b5936c73dfc0edb9bcff034e","False","0","False","","","","unknown","unknown","unknown"
"core","app/config_validation.go","primary","app","302","dbbf132a0da74093b5936c73dfc0edb9bcff034e","True","2","False","","","","unknown","unknown","unknown"
"core","app/config_validation_test.go","test_fixture","app","341","dbbf132a0da74093b5936c73dfc0edb9bcff034e","False","0","False","","","","unknown","unknown","unknown"
"core","app/example_test.go","test_fixture","app","101","dbbf132a0da74093b5936c73dfc0edb9bcff034e","False","0","False","","","","unknown","unknown","unknown"
"core","app/guards_promises_test.go","test_fixture","app","109","dbbf132a0da74093b5936c73dfc0edb9bcff034e","False","0","False","","","","unknown","unknown","unknown"
"core","app/manager.go","primary","app","26","dbbf132a0da74093b5936c73dfc0edb9bcff034e","False","0","False","","","","unknown","unknown","unknown"
"core","app/mod.go","primary","app","37","dbbf132a0da74093b5936c73dfc0edb9bcff034e","False","0","False","","","","unknown","unknown","unknown"
"core","app/mod_order_test.go","test_fixture","app","65","dbbf132a0da74093b5936c73dfc0edb9bcff034e","False","0","False","","","","unknown","unknown","unknown"
"core","app/name.go","primary","app","17","dbbf132a0da74093b5936c73dfc0edb9bcff034e","False","0","False","","","","unknown","unknown","unknown"
"core","app/registry.go","primary","app","131","dbbf132a0da74093b5936c73dfc0edb9bcff034e","True","1","False","","","","unknown","unknown","unknown"
"core","app/registry_test.go","test_fixture","app","47","dbbf132a0da74093b5936c73dfc0edb9bcff034e","False","0","False","","","","unknown","unknown","unknown"
"core","app/runtime_failure.go","primary","app","48","dbbf132a0da74093b5936c73dfc0edb9bcff034e","False","0","False","","","","unknown","unknown","unknown"
"core","app/runtime_failure_test.go","test_fixture","app","25","dbbf132a0da74093b5936c73dfc0edb9bcff034e","False","0","False","","","","unknown","unknown","unknown"
"core","app/service.go","primary","app","13","dbbf132a0da74093b5936c73dfc0edb9bcff034e","False","0","False","","","","unknown","unknown","unknown"
"core","bus/admin.go","primary","bus","94","dbbf132a0da74093b5936c73dfc0edb9bcff034e","False","0","False","","","","unknown","unknown","unknown"
"core","bus/bus.go","primary","bus","993","dbbf132a0da74093b5936c73dfc0edb9bcff034e","False","0","False","","","","unknown","unknown","unknown"
"core","bus/bus_lifecycle_test.go","test_fixture","bus","434","dbbf132a0da74093b5936c73dfc0edb9bcff034e","False","0","False","","","","unknown","unknown","unknown"
"core","bus/codec.go","primary","bus","11","dbbf132a0da74093b5936c73dfc0edb9bcff034e","False","0","False","","","","unknown","unknown","unknown"
"core","bus/dead_letter_admission_promises_test.go","test_fixture","bus","107","dbbf132a0da74093b5936c73dfc0edb9bcff034e","False","0","False","","","","unknown","unknown","unknown"
"core","bus/handler.go","primary","bus","70","dbbf132a0da74093b5936c73dfc0edb9bcff034e","False","0","False","","","","unknown","unknown","unknown"
"core","bus/jetstream_rpc.go","primary","bus","602","dbbf132a0da74093b5936c73dfc0edb9bcff034e","False","0","False","","","","unknown","unknown","unknown"
"core","bus/jetstream_rpc_test.go","test_fixture","bus","479","dbbf132a0da74093b5936c73dfc0edb9bcff034e","False","0","False","","","","unknown","unknown","unknown"
"core","bus/json_codec.go","primary","bus","14","dbbf132a0da74093b5936c73dfc0edb9bcff034e","False","0","False","","","","unknown","unknown","unknown"
"core","bus/promises_test.go","test_fixture","bus","166","dbbf132a0da74093b5936c73dfc0edb9bcff034e","False","0","False","","","","unknown","unknown","unknown"
"core","bus/reliable.go","primary","bus","288","dbbf132a0da74093b5936c73dfc0edb9bcff034e","False","0","False","","","","unknown","unknown","unknown"
"core","bus/reliable_redis_test.go","test_fixture","bus","255","dbbf132a0da74093b5936c73dfc0edb9bcff034e","False","0","False","","","","unknown","unknown","unknown"
"core","bus/reliable_test.go","test_fixture","bus","387","dbbf132a0da74093b5936c73dfc0edb9bcff034e","False","0","False","","","","unknown","unknown","unknown"
"core","bus/rpc_error.go","primary","bus","86","dbbf132a0da74093b5936c73dfc0edb9bcff034e","False","0","False","","","","unknown","unknown","unknown"
"core","bus/rpc_error_test.go","test_fixture","bus","18","dbbf132a0da74093b5936c73dfc0edb9bcff034e","False","0","False","","","","unknown","unknown","unknown"
"core","cache/atomic_local.go","primary","cache","283","dbbf132a0da74093b5936c73dfc0edb9bcff034e","True","2","False","","","","unknown","unknown","unknown"
"core","cache/atomic_local_test.go","test_fixture","cache","102","dbbf132a0da74093b5936c73dfc0edb9bcff034e","False","0","False","","","","unknown","unknown","unknown"
"core","cache/cache_test.go","test_fixture","cache","192","dbbf132a0da74093b5936c73dfc0edb9bcff034e","False","0","False","","","","unknown","unknown","unknown"
"core","cache/grouped_local.go","primary","cache","92","dbbf132a0da74093b5936c73dfc0edb9bcff034e","False","0","False","","","","unknown","unknown","unknown"
"core","cache/guards_promises_test.go","test_fixture","cache","136","dbbf132a0da74093b5936c73dfc0edb9bcff034e","False","0","False","","","","unknown","unknown","unknown"
"core","cache/layered.go","primary","cache","171","dbbf132a0da74093b5936c73dfc0edb9bcff034e","False","0","False","","","","unknown","unknown","unknown"
"core","cache/local.go","primary","cache","133","dbbf132a0da74093b5936c73dfc0edb9bcff034e","False","0","False","","","","unknown","unknown","unknown"
"core","cache/mirror.go","primary","cache","99","dbbf132a0da74093b5936c73dfc0edb9bcff034e","True","2","False","","","","unknown","unknown","unknown"
"core","cache/read_through.go","primary","cache","285","dbbf132a0da74093b5936c73dfc0edb9bcff034e","True","12","False","","","","unknown","unknown","unknown"
"core","cache/read_through_promises_test.go","test_fixture","cache","75","dbbf132a0da74093b5936c73dfc0edb9bcff034e","True","1","False","","","","unknown","unknown","unknown"
"core","cache/read_through_waiters_promises_test.go","test_fixture","cache","58","dbbf132a0da74093b5936c73dfc0edb9bcff034e","False","0","False","","","","unknown","unknown","unknown"
"core","cache/redis_hash.go","primary","cache","114","dbbf132a0da74093b5936c73dfc0edb9bcff034e","False","0","False","","","","unknown","unknown","unknown"
"core","cache/redis_json.go","primary","cache","87","dbbf132a0da74093b5936c73dfc0edb9bcff034e","False","0","False","","","","unknown","unknown","unknown"
"core","cache/redis_raw.go","primary","cache","140","dbbf132a0da74093b5936c73dfc0edb9bcff034e","False","0","False","","","","unknown","unknown","unknown"
"core","cache/ref_hmap.go","primary","cache","954","dbbf132a0da74093b5936c73dfc0edb9bcff034e","False","0","False","","","","unknown","unknown","unknown"
"core","cache/ref_hmap_patch_promises_test.go","test_fixture","cache","104","dbbf132a0da74093b5936c73dfc0edb9bcff034e","False","0","False","","","","unknown","unknown","unknown"
"core","cache/ref_hmap_test.go","test_fixture","cache","680","dbbf132a0da74093b5936c73dfc0edb9bcff034e","False","0","False","","","","unknown","unknown","unknown"
"core","cache/stale_write_test.go","test_fixture","cache","136","dbbf132a0da74093b5936c73dfc0edb9bcff034e","False","0","False","","","","unknown","unknown","unknown"
"core","cache/store.go","primary","cache","99","dbbf132a0da74093b5936c73dfc0edb9bcff034e","False","0","False","","","","unknown","unknown","unknown"
"core","clock/clock.go","primary","clock","75","dbbf132a0da74093b5936c73dfc0edb9bcff034e","False","0","False","","","","unknown","unknown","unknown"
"core","cmd/glsvet/main.go","primary","cmd/glsvet","594","dbbf132a0da74093b5936c73dfc0edb9bcff034e","False","0","False","","","","unknown","unknown","unknown"
"core","cmd/glsvet/main_test.go","test_fixture","cmd/glsvet","158","dbbf132a0da74093b5936c73dfc0edb9bcff034e","False","0","False","","","","unknown","unknown","unknown"
"core","configdata/auto.go","primary","configdata","603","dbbf132a0da74093b5936c73dfc0edb9bcff034e","False","0","False","","","","unknown","unknown","unknown"
"core","configdata/auto_hardening_test.go","test_fixture","configdata","254","dbbf132a0da74093b5936c73dfc0edb9bcff034e","False","0","False","","","","unknown","unknown","unknown"
"core","configdata/auto_tag_guards_promises_test.go","test_fixture","configdata","49","dbbf132a0da74093b5936c73dfc0edb9bcff034e","False","0","False","","","","unknown","unknown","unknown"
"core","configdata/auto_test.go","test_fixture","configdata","203","dbbf132a0da74093b5936c73dfc0edb9bcff034e","False","0","False","","","","unknown","unknown","unknown"
"core","configdata/configdata.go","primary","configdata","1320","dbbf132a0da74093b5936c73dfc0edb9bcff034e","False","0","False","","","","unknown","unknown","unknown"
"core","configdata/configdata_test.go","test_fixture","configdata","271","dbbf132a0da74093b5936c73dfc0edb9bcff034e","False","0","False","","","","unknown","unknown","unknown"
"core","configdata/external.go","primary","configdata","170","dbbf132a0da74093b5936c73dfc0edb9bcff034e","False","0","False","","","","unknown","unknown","unknown"
"core","configdata/promises_test.go","test_fixture","configdata","162","dbbf132a0da74093b5936c73dfc0edb9bcff034e","False","0","False","","","","unknown","unknown","unknown"
"core","configdata/reload_commit_test.go","test_fixture","configdata","328","dbbf132a0da74093b5936c73dfc0edb9bcff034e","False","0","False","","","","unknown","unknown","unknown"
"core","configdata/review_round2_test.go","test_fixture","configdata","349","dbbf132a0da74093b5936c73dfc0edb9bcff034e","False","0","False","","","","unknown","unknown","unknown"
"core","container/bucket.go","primary","container","137","dbbf132a0da74093b5936c73dfc0edb9bcff034e","False","0","False","","","","unknown","unknown","unknown"
"core","container/container_test.go","test_fixture","container","171","dbbf132a0da74093b5936c73dfc0edb9bcff034e","False","0","False","","","","unknown","unknown","unknown"
"core","container/keymap.go","primary","container","100","dbbf132a0da74093b5936c73dfc0edb9bcff034e","False","0","False","","","","unknown","unknown","unknown"
"core","container/object_pool.go","primary","container","83","dbbf132a0da74093b5936c73dfc0edb9bcff034e","False","0","False","","","","unknown","unknown","unknown"
"core","container/topologic_sort.go","primary","container","130","dbbf132a0da74093b5936c73dfc0edb9bcff034e","False","0","False","","","","unknown","unknown","unknown"
"core","dataengine/architecture_test.go","test_fixture","dataengine","68","dbbf132a0da74093b5936c73dfc0edb9bcff034e","False","0","False","","","","unknown","unknown","unknown"
"core","dataengine/engine/assembly.go","primary","dataengine/engine","202","dbbf132a0da74093b5936c73dfc0edb9bcff034e","True","5","False","","","","unknown","unknown","unknown"
"core","dataengine/engine/assembly_promises_test.go","test_fixture","dataengine/engine","134","dbbf132a0da74093b5936c73dfc0edb9bcff034e","True","1","False","","","","unknown","unknown","unknown"
"core","dataengine/engine/assembly_shutdown_promises_test.go","test_fixture","dataengine/engine","90","dbbf132a0da74093b5936c73dfc0edb9bcff034e","False","0","False","","","","unknown","unknown","unknown"
"core","dataengine/engine/entity_delete.go","primary","dataengine/engine","180","dbbf132a0da74093b5936c73dfc0edb9bcff034e","False","0","False","","","","unknown","unknown","unknown"
"core","dataengine/engine/entity_delete_promises_test.go","test_fixture","dataengine/engine","158","dbbf132a0da74093b5936c73dfc0edb9bcff034e","False","0","False","","","","unknown","unknown","unknown"
"core","dataengine/engine/entity_delete_test.go","test_fixture","dataengine/engine","134","dbbf132a0da74093b5936c73dfc0edb9bcff034e","False","0","False","","","","unknown","unknown","unknown"
"core","dataengine/engine/entity_repository.go","primary","dataengine/engine","252","dbbf132a0da74093b5936c73dfc0edb9bcff034e","False","0","False","","","","unknown","unknown","unknown"
"core","dataengine/engine/entity_repository_load_promises_test.go","test_fixture","dataengine/engine","132","dbbf132a0da74093b5936c73dfc0edb9bcff034e","False","0","False","","","","unknown","unknown","unknown"
"core","dataengine/engine/entity_repository_migration_promises_test.go","test_fixture","dataengine/engine","68","dbbf132a0da74093b5936c73dfc0edb9bcff034e","False","0","False","","","","unknown","unknown","unknown"
"core","dataengine/engine/entity_repository_promises_test.go","test_fixture","dataengine/engine","108","dbbf132a0da74093b5936c73dfc0edb9bcff034e","False","0","False","","","","unknown","unknown","unknown"
"core","dataengine/engine/entity_repository_test.go","test_fixture","dataengine/engine","392","dbbf132a0da74093b5936c73dfc0edb9bcff034e","False","0","False","","","","unknown","unknown","unknown"
"core","dataengine/engine/failure_integration_test.go","test_fixture","dataengine/engine","89","dbbf132a0da74093b5936c73dfc0edb9bcff034e","False","0","False","","","","unknown","unknown","unknown"
"core","dataengine/engine/health.go","primary","dataengine/engine","16","dbbf132a0da74093b5936c73dfc0edb9bcff034e","False","0","False","","","","unknown","unknown","unknown"
"core","dataengine/engine/migration_runner.go","primary","dataengine/engine","93","dbbf132a0da74093b5936c73dfc0edb9bcff034e","False","0","False","","","","unknown","unknown","unknown"
"core","dataengine/engine/migration_runner_test.go","test_fixture","dataengine/engine","74","dbbf132a0da74093b5936c73dfc0edb9bcff034e","False","0","False","","","","unknown","unknown","unknown"
"core","dataengine/engine/mongo_benchmark_test.go","test_fixture","dataengine/engine","113","dbbf132a0da74093b5936c73dfc0edb9bcff034e","False","0","False","","","","unknown","unknown","unknown"
"core","dataengine/engine/mongo_load.go","primary","dataengine/engine","133","dbbf132a0da74093b5936c73dfc0edb9bcff034e","False","0","False","","","","unknown","unknown","unknown"
"core","dataengine/engine/mongo_load_test.go","test_fixture","dataengine/engine","132","dbbf132a0da74093b5936c73dfc0edb9bcff034e","False","0","False","","","","unknown","unknown","unknown"
"core","dataengine/engine/mongo_store.go","primary","dataengine/engine","736","dbbf132a0da74093b5936c73dfc0edb9bcff034e","False","0","False","","","","unknown","unknown","unknown"
"core","dataengine/engine/mongo_store_test.go","test_fixture","dataengine/engine","684","dbbf132a0da74093b5936c73dfc0edb9bcff034e","False","0","False","","","","unknown","unknown","unknown"
"core","dataengine/engine/outbox_store.go","primary","dataengine/engine","163","dbbf132a0da74093b5936c73dfc0edb9bcff034e","False","0","False","","","","unknown","unknown","unknown"
"core","dataengine/engine/outbox_store_test.go","test_fixture","dataengine/engine","178","dbbf132a0da74093b5936c73dfc0edb9bcff034e","False","0","False","","","","unknown","unknown","unknown"
"core","dataengine/engine/outbox_worker.go","primary","dataengine/engine","315","dbbf132a0da74093b5936c73dfc0edb9bcff034e","True","1","False","","","","unknown","unknown","unknown"
"core","dataengine/engine/outbox_worker_failures_test.go","test_fixture","dataengine/engine","141","dbbf132a0da74093b5936c73dfc0edb9bcff034e","False","0","False","","","","unknown","unknown","unknown"
"core","dataengine/engine/outbox_worker_test.go","test_fixture","dataengine/engine","149","dbbf132a0da74093b5936c73dfc0edb9bcff034e","False","0","False","","","","unknown","unknown","unknown"
"core","dataengine/engine/pipelined_projection_promises_test.go","test_fixture","dataengine/engine","131","dbbf132a0da74093b5936c73dfc0edb9bcff034e","False","0","False","","","","unknown","unknown","unknown"
"core","dataengine/engine/projection_plan.go","primary","dataengine/engine","131","dbbf132a0da74093b5936c73dfc0edb9bcff034e","False","0","False","","","","unknown","unknown","unknown"
"core","dataengine/engine/projection_plan_test.go","test_fixture","dataengine/engine","141","dbbf132a0da74093b5936c73dfc0edb9bcff034e","False","0","False","","","","unknown","unknown","unknown"
"core","dataengine/engine/projector.go","primary","dataengine/engine","614","dbbf132a0da74093b5936c73dfc0edb9bcff034e","True","1","False","","","","unknown","unknown","unknown"
"core","dataengine/engine/projector_benchmark_test.go","test_fixture","dataengine/engine","256","dbbf132a0da74093b5936c73dfc0edb9bcff034e","False","0","False","","","","unknown","unknown","unknown"
"core","dataengine/engine/projector_test.go","test_fixture","dataengine/engine","773","dbbf132a0da74093b5936c73dfc0edb9bcff034e","True","1","False","","","","unknown","unknown","unknown"
"core","dataengine/engine/runtime.go","primary","dataengine/engine","167","dbbf132a0da74093b5936c73dfc0edb9bcff034e","True","1","False","","","","unknown","unknown","unknown"
"core","dataengine/guards_promises_test.go","test_fixture","dataengine","66","dbbf132a0da74093b5936c73dfc0edb9bcff034e","False","0","False","","","","unknown","unknown","unknown"
"core","dataengine/hook.go","primary","dataengine","17","dbbf132a0da74093b5936c73dfc0edb9bcff034e","False","0","False","","","","unknown","unknown","unknown"
"core","dataengine/lease_fence.go","primary","dataengine","104","dbbf132a0da74093b5936c73dfc0edb9bcff034e","False","0","False","","","","unknown","unknown","unknown"
"core","dataengine/lease_fence_test.go","test_fixture","dataengine","37","dbbf132a0da74093b5936c73dfc0edb9bcff034e","False","0","False","","","","unknown","unknown","unknown"
"core","dataengine/load.go","primary","dataengine","243","dbbf132a0da74093b5936c73dfc0edb9bcff034e","False","0","False","","","","unknown","unknown","unknown"
"core","dataengine/load_test.go","test_fixture","dataengine","150","dbbf132a0da74093b5936c73dfc0edb9bcff034e","False","0","False","","","","unknown","unknown","unknown"
"core","dataengine/migration.go","primary","dataengine","46","dbbf132a0da74093b5936c73dfc0edb9bcff034e","False","0","False","","","","unknown","unknown","unknown"
"core","dataengine/migration_test.go","test_fixture","dataengine","33","dbbf132a0da74093b5936c73dfc0edb9bcff034e","False","0","False","","","","unknown","unknown","unknown"
"core","dataengine/model_test.go","test_fixture","dataengine","98","dbbf132a0da74093b5936c73dfc0edb9bcff034e","False","0","False","","","","unknown","unknown","unknown"
"core","dataengine/mutation_types.go","primary","dataengine","167","dbbf132a0da74093b5936c73dfc0edb9bcff034e","False","0","False","","","","unknown","unknown","unknown"
"core","dataengine/scope.go","primary","dataengine","58","dbbf132a0da74093b5936c73dfc0edb9bcff034e","False","0","False","","","","unknown","unknown","unknown"
"core","dataengine/scope_test.go","test_fixture","dataengine","28","dbbf132a0da74093b5936c73dfc0edb9bcff034e","False","0","False","","","","unknown","unknown","unknown"
"core","dataengine/tracker.go","primary","dataengine","98","dbbf132a0da74093b5936c73dfc0edb9bcff034e","False","0","False","","","","unknown","unknown","unknown"
"core","dataengine/tracker_test.go","test_fixture","dataengine","99","dbbf132a0da74093b5936c73dfc0edb9bcff034e","False","0","False","","","","unknown","unknown","unknown"
"core","dataengine/validate.go","primary","dataengine","169","dbbf132a0da74093b5936c73dfc0edb9bcff034e","False","0","False","","","","unknown","unknown","unknown"
"core","dataengine/validate_promises_test.go","test_fixture","dataengine","171","dbbf132a0da74093b5936c73dfc0edb9bcff034e","False","0","False","","","","unknown","unknown","unknown"
"core","dependency_boundary_test.go","test_fixture",".","144","dbbf132a0da74093b5936c73dfc0edb9bcff034e","True","1","False","","","","unknown","unknown","unknown"
"core","entity/category_lock_order_promises_test.go","test_fixture","entity","105","dbbf132a0da74093b5936c73dfc0edb9bcff034e","False","0","False","","","","unknown","unknown","unknown"
"core","entity/category_order.go","primary","entity","246","dbbf132a0da74093b5936c73dfc0edb9bcff034e","True","2","False","","","","unknown","unknown","unknown"
"core","entity/category_taxonomy_promises_test.go","test_fixture","entity","53","dbbf132a0da74093b5936c73dfc0edb9bcff034e","False","0","False","","","","unknown","unknown","unknown"
"core","entity/comp_sort.go","primary","entity","113","dbbf132a0da74093b5936c73dfc0edb9bcff034e","False","0","False","","","","unknown","unknown","unknown"
"core","entity/component_base.go","primary","entity","14","dbbf132a0da74093b5936c73dfc0edb9bcff034e","False","0","False","","","","unknown","unknown","unknown"
"core","entity/entity.go","primary","entity","212","dbbf132a0da74093b5936c73dfc0edb9bcff034e","False","0","False","","","","unknown","unknown","unknown"
"core","entity/entity_base.go","primary","entity","672","dbbf132a0da74093b5936c73dfc0edb9bcff034e","True","1","True","review/REVIEW-2026-09-18.md","entity lifecycle and Sync lock wiring","6e09124aa3ea4036c43592be5b6893bb61cdfaf0","True","unknown","unknown"
"core","entity/entity_base_test.go","test_fixture","entity","521","dbbf132a0da74093b5936c73dfc0edb9bcff034e","False","0","False","","","","unknown","unknown","unknown"
"core","entity/entity_factory.go","primary","entity","397","dbbf132a0da74093b5936c73dfc0edb9bcff034e","True","4","True","review/REVIEW-2026-09-18.md","BuildEntity and initEntitySync","6e09124aa3ea4036c43592be5b6893bb61cdfaf0","True","unknown","unknown"
"core","entity/entity_factory_test.go","test_fixture","entity","312","dbbf132a0da74093b5936c73dfc0edb9bcff034e","False","0","False","","","","unknown","unknown","unknown"
"core","entity/entity_group.go","primary","entity","82","dbbf132a0da74093b5936c73dfc0edb9bcff034e","False","0","False","","","","unknown","unknown","unknown"
"core","entity/entity_group_test.go","test_fixture","entity","137","dbbf132a0da74093b5936c73dfc0edb9bcff034e","False","0","False","","","","unknown","unknown","unknown"
"core","entity/entity_guard.go","primary","entity","395","dbbf132a0da74093b5936c73dfc0edb9bcff034e","True","1","False","","","","unknown","unknown","unknown"
"core","entity/entity_kind.go","primary","entity","45","dbbf132a0da74093b5936c73dfc0edb9bcff034e","False","0","False","","","","unknown","unknown","unknown"
"core","entity/entity_manager.go","primary","entity","469","dbbf132a0da74093b5936c73dfc0edb9bcff034e","False","0","False","","","","unknown","unknown","unknown"
"core","entity/entity_manager_test.go","test_fixture","entity","421","dbbf132a0da74093b5936c73dfc0edb9bcff034e","False","0","False","","","","unknown","unknown","unknown"
"core","entity/entity_remote.go","primary","entity","134","dbbf132a0da74093b5936c73dfc0edb9bcff034e","False","0","False","","","","unknown","unknown","unknown"
"core","entity/entity_remote_test.go","test_fixture","entity","163","dbbf132a0da74093b5936c73dfc0edb9bcff034e","False","0","False","","","","unknown","unknown","unknown"
"core","entity/example_gen_test.go","test_fixture","entity","154","dbbf132a0da74093b5936c73dfc0edb9bcff034e","False","0","False","","","","unknown","unknown","unknown"
"core","entity/guards_promises_test.go","test_fixture","entity","48","dbbf132a0da74093b5936c73dfc0edb9bcff034e","False","0","False","","","","unknown","unknown","unknown"
"core","entity/idgen.go","primary","entity","257","dbbf132a0da74093b5936c73dfc0edb9bcff034e","True","2","False","","","","unknown","unknown","unknown"
"core","entity/kind_registration_promises_test.go","test_fixture","entity","95","dbbf132a0da74093b5936c73dfc0edb9bcff034e","False","0","False","","","","unknown","unknown","unknown"
"core","entity/kind_registry_promises_test.go","test_fixture","entity","146","dbbf132a0da74093b5936c73dfc0edb9bcff034e","False","0","False","","","","unknown","unknown","unknown"
"core","entity/lock_order_no_hook_promises_test.go","test_fixture","entity","58","dbbf132a0da74093b5936c73dfc0edb9bcff034e","False","0","False","","","","unknown","unknown","unknown"
"core","entity/manager_access.go","primary","entity","328","dbbf132a0da74093b5936c73dfc0edb9bcff034e","False","0","False","","","","unknown","unknown","unknown"
"core","entity/manager_access_test.go","test_fixture","entity","192","dbbf132a0da74093b5936c73dfc0edb9bcff034e","False","0","False","","","","unknown","unknown","unknown"
"core","entity/manager_factory.go","primary","entity","88","dbbf132a0da74093b5936c73dfc0edb9bcff034e","False","0","False","","","","unknown","unknown","unknown"
"core","entity/policy.go","primary","entity","92","dbbf132a0da74093b5936c73dfc0edb9bcff034e","True","2","False","","","","unknown","unknown","unknown"
"core","entity/remote_commit_promises_test.go","test_fixture","entity","100","dbbf132a0da74093b5936c73dfc0edb9bcff034e","False","0","False","","","","unknown","unknown","unknown"
"core","entity/remote_manager.go","primary","entity","72","dbbf132a0da74093b5936c73dfc0edb9bcff034e","False","0","False","","","","unknown","unknown","unknown"
"core","entity/remote_protocol.go","primary","entity","536","dbbf132a0da74093b5936c73dfc0edb9bcff034e","False","0","False","","","","unknown","unknown","unknown"
"core","entity/remote_snapshot.go","primary","entity","682","dbbf132a0da74093b5936c73dfc0edb9bcff034e","True","14","False","","","","unknown","unknown","unknown"
"core","entity/remote_snapshot_codec.go","primary","entity","87","dbbf132a0da74093b5936c73dfc0edb9bcff034e","False","0","False","","","","unknown","unknown","unknown"
"core","entity/remote_snapshot_test.go","test_fixture","entity","363","dbbf132a0da74093b5936c73dfc0edb9bcff034e","False","0","False","","","","unknown","unknown","unknown"
"core","entity/remote_view.go","primary","entity","176","dbbf132a0da74093b5936c73dfc0edb9bcff034e","False","0","False","","","","unknown","unknown","unknown"
"core","entity/remote_view_test.go","test_fixture","entity","70","dbbf132a0da74093b5936c73dfc0edb9bcff034e","False","0","False","","","","unknown","unknown","unknown"
"core","entity/resolver.go","primary","entity","46","dbbf132a0da74093b5936c73dfc0edb9bcff034e","True","1","False","","","","unknown","unknown","unknown"
"core","entity/snapshot_delete_l2_promises_test.go","test_fixture","entity","118","dbbf132a0da74093b5936c73dfc0edb9bcff034e","False","0","False","","","","unknown","unknown","unknown"
"core","entity/snapshot_delete_version_promises_test.go","test_fixture","entity","98","dbbf132a0da74093b5936c73dfc0edb9bcff034e","False","0","False","","","","unknown","unknown","unknown"
"core","entity/snapshot_expiry_authoritative_promises_test.go","test_fixture","entity","73","dbbf132a0da74093b5936c73dfc0edb9bcff034e","False","0","False","","","","unknown","unknown","unknown"
"core","entity/snapshot_expiry_promises_test.go","test_fixture","entity","82","dbbf132a0da74093b5936c73dfc0edb9bcff034e","False","0","False","","","","unknown","unknown","unknown"
"core","entity/snapshot_l2_conflict_promises_test.go","test_fixture","entity","197","dbbf132a0da74093b5936c73dfc0edb9bcff034e","False","0","False","","","","unknown","unknown","unknown"
"core","entity/snapshot_load_waiters_promises_test.go","test_fixture","entity","117","dbbf132a0da74093b5936c73dfc0edb9bcff034e","False","0","False","","","","unknown","unknown","unknown"
"core","entity/subject_sync.go","primary","entity","792","dbbf132a0da74093b5936c73dfc0edb9bcff034e","True","5","True","review/REVIEW-2026-09-18.md","public config, packer and captured LSN","6e09124aa3ea4036c43592be5b6893bb61cdfaf0","True","unknown","unknown"
"core","entity/subject_sync_test.go","test_fixture","entity","338","dbbf132a0da74093b5936c73dfc0edb9bcff034e","False","0","False","","","","unknown","unknown","unknown"
"core","entitysync/durability_gate_promises_test.go","test_fixture","entitysync","134","dbbf132a0da74093b5936c73dfc0edb9bcff034e","False","0","False","","","","unknown","unknown","unknown"
"core","entitysync/subscription.go","primary","entitysync","706","dbbf132a0da74093b5936c73dfc0edb9bcff034e","True","8","True","review/REVIEW-2026-09-18.md","public gate and room-call boundaries","6e09124aa3ea4036c43592be5b6893bb61cdfaf0","True","unknown","unknown"
"core","entitysync/subscription_promises_test.go","test_fixture","entitysync","159","dbbf132a0da74093b5936c73dfc0edb9bcff034e","False","0","False","","","","unknown","unknown","unknown"
"core","entitysync/subscription_test.go","test_fixture","entitysync","419","dbbf132a0da74093b5936c73dfc0edb9bcff034e","True","2","False","","","","unknown","unknown","unknown"
"core","errcode/errcode.go","primary","errcode","203","dbbf132a0da74093b5936c73dfc0edb9bcff034e","False","0","False","","","","unknown","unknown","unknown"
"core","errcode/errcode_test.go","test_fixture","errcode","47","dbbf132a0da74093b5936c73dfc0edb9bcff034e","False","0","False","","","","unknown","unknown","unknown"
"core","etcd/client.go","primary","etcd","92","dbbf132a0da74093b5936c73dfc0edb9bcff034e","False","0","False","","","","unknown","unknown","unknown"
"core","etcd/config.go","primary","etcd","29","dbbf132a0da74093b5936c73dfc0edb9bcff034e","False","0","False","","","","unknown","unknown","unknown"
"core","etcd/discovery.go","primary","etcd","51","dbbf132a0da74093b5936c73dfc0edb9bcff034e","False","0","False","","","","unknown","unknown","unknown"
"core","etcd/driver/assembly.go","primary","etcd/driver","89","dbbf132a0da74093b5936c73dfc0edb9bcff034e","False","0","False","","","","unknown","unknown","unknown"
"core","etcd/driver/assembly_test.go","test_fixture","etcd/driver","59","dbbf132a0da74093b5936c73dfc0edb9bcff034e","False","0","False","","","","unknown","unknown","unknown"
"core","etcd/driver/client.go","primary","etcd/driver","254","dbbf132a0da74093b5936c73dfc0edb9bcff034e","False","0","False","","","","unknown","unknown","unknown"
"core","etcd/driver/discovery.go","primary","etcd/driver","492","dbbf132a0da74093b5936c73dfc0edb9bcff034e","False","0","False","","","","unknown","unknown","unknown"
"core","etcd/driver/discovery_shutdown_test.go","test_fixture","etcd/driver","159","dbbf132a0da74093b5936c73dfc0edb9bcff034e","False","0","False","","","","unknown","unknown","unknown"
"core","etcd/driver/election.go","primary","etcd/driver","208","dbbf132a0da74093b5936c73dfc0edb9bcff034e","False","0","False","","","","unknown","unknown","unknown"
"core","etcd/driver/election_test.go","test_fixture","etcd/driver","165","dbbf132a0da74093b5936c73dfc0edb9bcff034e","False","0","False","","","","unknown","unknown","unknown"
"core","etcd/driver/guards_promises_test.go","test_fixture","etcd/driver","166","dbbf132a0da74093b5936c73dfc0edb9bcff034e","False","0","False","","","","unknown","unknown","unknown"
"core","etcd/driver/local_mirror.go","primary","etcd/driver","604","dbbf132a0da74093b5936c73dfc0edb9bcff034e","False","0","False","","","","unknown","unknown","unknown"
"core","etcd/driver/local_mirror_promises_test.go","test_fixture","etcd/driver","74","dbbf132a0da74093b5936c73dfc0edb9bcff034e","False","0","False","","","","unknown","unknown","unknown"
"core","etcd/driver/local_mirror_subscription.go","primary","etcd/driver","295","dbbf132a0da74093b5936c73dfc0edb9bcff034e","False","0","False","","","","unknown","unknown","unknown"
"core","etcd/driver/local_mirror_test.go","test_fixture","etcd/driver","702","dbbf132a0da74093b5936c73dfc0edb9bcff034e","False","0","False","","","","unknown","unknown","unknown"
"core","etcd/driver/real_etcd_promises_test.go","test_fixture","etcd/driver","81","dbbf132a0da74093b5936c73dfc0edb9bcff034e","False","0","False","","","","unknown","unknown","unknown"
"core","etcd/driver/watcher.go","primary","etcd/driver","150","dbbf132a0da74093b5936c73dfc0edb9bcff034e","False","0","False","","","","unknown","unknown","unknown"
"core","etcd/driver/watcher_ready_test.go","test_fixture","etcd/driver","69","dbbf132a0da74093b5936c73dfc0edb9bcff034e","False","0","False","","","","unknown","unknown","unknown"
"core","etcd/driver/watcher_status_test.go","test_fixture","etcd/driver","36","dbbf132a0da74093b5936c73dfc0edb9bcff034e","False","0","False","","","","unknown","unknown","unknown"
"core","etcd/election.go","primary","etcd","50","dbbf132a0da74093b5936c73dfc0edb9bcff034e","False","0","False","","","","unknown","unknown","unknown"
"core","etcd/errors.go","primary","etcd","26","dbbf132a0da74093b5936c73dfc0edb9bcff034e","False","0","False","","","","unknown","unknown","unknown"
"core","etcd/guards_promises_test.go","test_fixture","etcd","40","dbbf132a0da74093b5936c73dfc0edb9bcff034e","False","0","False","","","","unknown","unknown","unknown"
"core","etcd/local_mirror.go","primary","etcd","160","dbbf132a0da74093b5936c73dfc0edb9bcff034e","False","0","False","","","","unknown","unknown","unknown"
"core","etcd/watch_callback.go","primary","etcd","153","dbbf132a0da74093b5936c73dfc0edb9bcff034e","False","0","False","","","","unknown","unknown","unknown"
"core","etcd/watch_callback_test.go","test_fixture","etcd","133","dbbf132a0da74093b5936c73dfc0edb9bcff034e","False","0","False","","","","unknown","unknown","unknown"
"core","etcd/watcher.go","primary","etcd","64","dbbf132a0da74093b5936c73dfc0edb9bcff034e","False","0","False","","","","unknown","unknown","unknown"
"core","event/event.go","primary","event","13","dbbf132a0da74093b5936c73dfc0edb9bcff034e","False","0","False","","","","unknown","unknown","unknown"
"core","event/event_bus.go","primary","event","44","dbbf132a0da74093b5936c73dfc0edb9bcff034e","False","0","False","","","","unknown","unknown","unknown"
"core","event/event_handler.go","primary","event","17","dbbf132a0da74093b5936c73dfc0edb9bcff034e","False","0","False","","","","unknown","unknown","unknown"
"core","event/event_mgr.go","primary","event","139","dbbf132a0da74093b5936c73dfc0edb9bcff034e","False","0","False","","","","unknown","unknown","unknown"
"core","event/event_test.go","test_fixture","event","177","dbbf132a0da74093b5936c73dfc0edb9bcff034e","False","0","False","","","","unknown","unknown","unknown"
"core","examples/configgen/cfg/cfg_gen.go","example_demo","examples/configgen/cfg","84","dbbf132a0da74093b5936c73dfc0edb9bcff034e","False","0","False","","","","unknown","unknown","unknown"
"core","examples/configgen/main.go","example_demo","examples/configgen","77","dbbf132a0da74093b5936c73dfc0edb9bcff034e","False","0","False","","","","unknown","unknown","unknown"
"core","examples/lubanreal/gen/Item.go","example_demo","examples/lubanreal/gen","86","dbbf132a0da74093b5936c73dfc0edb9bcff034e","False","0","False","","","","unknown","unknown","unknown"
"core","examples/lubanreal/gen/Tables.go","example_demo","examples/lubanreal/gen","30","dbbf132a0da74093b5936c73dfc0edb9bcff034e","False","0","False","","","","unknown","unknown","unknown"
"core","examples/lubanreal/gen/TbItem.go","example_demo","examples/lubanreal/gen","42","dbbf132a0da74093b5936c73dfc0edb9bcff034e","False","0","False","","","","unknown","unknown","unknown"
"core","examples/lubanreal/main.go","example_demo","examples/lubanreal","77","dbbf132a0da74093b5936c73dfc0edb9bcff034e","False","0","False","","","","unknown","unknown","unknown"
"core","examples/robotdemo/main.go","example_demo","examples/robotdemo","160","dbbf132a0da74093b5936c73dfc0edb9bcff034e","False","0","False","","","","unknown","unknown","unknown"
"core","failurelog/failurelog.go","primary","failurelog","422","dbbf132a0da74093b5936c73dfc0edb9bcff034e","False","0","False","","","","unknown","unknown","unknown"
"core","failurelog/failurelog_fix_test.go","test_fixture","failurelog","118","dbbf132a0da74093b5936c73dfc0edb9bcff034e","False","0","False","","","","unknown","unknown","unknown"
"core","failurelog/failurelog_test.go","test_fixture","failurelog","286","dbbf132a0da74093b5936c73dfc0edb9bcff034e","False","0","False","","","","unknown","unknown","unknown"
"core","failurelog/key_guards_promises_test.go","test_fixture","failurelog","30","dbbf132a0da74093b5936c73dfc0edb9bcff034e","False","0","False","","","","unknown","unknown","unknown"
"core","fctx/context.go","primary","fctx","382","dbbf132a0da74093b5936c73dfc0edb9bcff034e","False","0","False","","","","unknown","unknown","unknown"
"core","fctx/ctx_test.go","test_fixture","fctx","152","dbbf132a0da74093b5936c73dfc0edb9bcff034e","False","0","False","","","","unknown","unknown","unknown"
"core","fctx/runtime_context.go","primary","fctx","59","dbbf132a0da74093b5936c73dfc0edb9bcff034e","False","0","False","","","","unknown","unknown","unknown"
"core","featureflag/flags.go","primary","featureflag","101","dbbf132a0da74093b5936c73dfc0edb9bcff034e","False","0","False","","","","unknown","unknown","unknown"
"core","featureflag/flags_test.go","test_fixture","featureflag","125","dbbf132a0da74093b5936c73dfc0edb9bcff034e","False","0","False","","","","unknown","unknown","unknown"
"core","gateway/gateway.go","primary","gateway","90","dbbf132a0da74093b5936c73dfc0edb9bcff034e","False","0","False","","","","unknown","unknown","unknown"
"core","gateway/gateway_test.go","test_fixture","gateway","46","dbbf132a0da74093b5936c73dfc0edb9bcff034e","False","0","False","","","","unknown","unknown","unknown"
"core","gateway/middleware.go","primary","gateway","83","dbbf132a0da74093b5936c73dfc0edb9bcff034e","False","0","False","","","","unknown","unknown","unknown"
"core","gateway/middleware_test.go","test_fixture","gateway","69","dbbf132a0da74093b5936c73dfc0edb9bcff034e","False","0","False","","","","unknown","unknown","unknown"
"core","goroutine/goid_prod.go","primary","goroutine","12","dbbf132a0da74093b5936c73dfc0edb9bcff034e","False","0","False","","","","unknown","unknown","unknown"
"core","goroutine/goid_race.go","primary","goroutine","23","dbbf132a0da74093b5936c73dfc0edb9bcff034e","False","0","False","","","","unknown","unknown","unknown"
"core","goroutine/goroutine_test.go","test_fixture","goroutine","34","dbbf132a0da74093b5936c73dfc0edb9bcff034e","False","0","False","","","","unknown","unknown","unknown"
"core","goroutine/mpsc_queue.go","primary","goroutine","124","dbbf132a0da74093b5936c73dfc0edb9bcff034e","False","0","False","","","","unknown","unknown","unknown"
"core","goroutine/mpsc_queue_test.go","test_fixture","goroutine","171","dbbf132a0da74093b5936c73dfc0edb9bcff034e","False","0","False","","","","unknown","unknown","unknown"
"core","goroutine/parallel.go","primary","goroutine","143","dbbf132a0da74093b5936c73dfc0edb9bcff034e","False","0","False","","","","unknown","unknown","unknown"
"core","goroutine/safe_func.go","primary","goroutine","79","dbbf132a0da74093b5936c73dfc0edb9bcff034e","False","0","False","","","","unknown","unknown","unknown"
"core","goroutine/safe_func_test.go","test_fixture","goroutine","40","dbbf132a0da74093b5936c73dfc0edb9bcff034e","False","0","False","","","","unknown","unknown","unknown"
"core","goroutine/task_pool.go","primary","goroutine","220","dbbf132a0da74093b5936c73dfc0edb9bcff034e","False","0","False","","","","unknown","unknown","unknown"
"core","goroutine/task_pool_guards_promises_test.go","test_fixture","goroutine","28","dbbf132a0da74093b5936c73dfc0edb9bcff034e","False","0","False","","","","unknown","unknown","unknown"
"core","goroutine/task_pool_test.go","test_fixture","goroutine","31","dbbf132a0da74093b5936c73dfc0edb9bcff034e","False","0","False","","","","unknown","unknown","unknown"
"core","health/health.go","primary","health","137","dbbf132a0da74093b5936c73dfc0edb9bcff034e","False","0","False","","","","unknown","unknown","unknown"
"core","health/health_test.go","test_fixture","health","52","dbbf132a0da74093b5936c73dfc0edb9bcff034e","False","0","False","","","","unknown","unknown","unknown"
"core","hotcode/admin.go","primary","hotcode","71","dbbf132a0da74093b5936c73dfc0edb9bcff034e","False","0","False","","","","unknown","unknown","unknown"
"core","hotcode/admin_test.go","test_fixture","hotcode","41","dbbf132a0da74093b5936c73dfc0edb9bcff034e","False","0","False","","","","unknown","unknown","unknown"
"core","hotcode/guards_promises_test.go","test_fixture","hotcode","20","dbbf132a0da74093b5936c73dfc0edb9bcff034e","False","0","False","","","","unknown","unknown","unknown"
"core","hotcode/plugin.go","primary","hotcode","54","dbbf132a0da74093b5936c73dfc0edb9bcff034e","False","0","False","","","","unknown","unknown","unknown"
"core","hotcode/plugin_guards_promises_test.go","test_fixture","hotcode","20","dbbf132a0da74093b5936c73dfc0edb9bcff034e","False","0","False","","","","unknown","unknown","unknown"
"core","hotcode/plugin_stub.go","primary","hotcode","16","dbbf132a0da74093b5936c73dfc0edb9bcff034e","False","0","False","","","","unknown","unknown","unknown"
"core","hotcode/plugin_stub_guards_promises_test.go","test_fixture","hotcode","16","dbbf132a0da74093b5936c73dfc0edb9bcff034e","False","0","False","","","","unknown","unknown","unknown"
"core","hotcode/promises_test.go","test_fixture","hotcode","35","dbbf132a0da74093b5936c73dfc0edb9bcff034e","False","0","False","","","","unknown","unknown","unknown"
"core","hotcode/registry.go","primary","hotcode","205","dbbf132a0da74093b5936c73dfc0edb9bcff034e","False","0","False","","","","unknown","unknown","unknown"
"core","hotcode/registry_test.go","test_fixture","hotcode","44","dbbf132a0da74093b5936c73dfc0edb9bcff034e","False","0","False","","","","unknown","unknown","unknown"
"core","httpclient/client.go","primary","httpclient","214","dbbf132a0da74093b5936c73dfc0edb9bcff034e","False","0","False","","","","unknown","unknown","unknown"
"core","httpclient/guards_promises_test.go","test_fixture","httpclient","16","dbbf132a0da74093b5936c73dfc0edb9bcff034e","False","0","False","","","","unknown","unknown","unknown"
"core","httpclient/httpclient_test.go","test_fixture","httpclient","120","dbbf132a0da74093b5936c73dfc0edb9bcff034e","False","0","False","","","","unknown","unknown","unknown"
"core","httpserver/httpserver_test.go","test_fixture","httpserver","113","dbbf132a0da74093b5936c73dfc0edb9bcff034e","False","0","False","","","","unknown","unknown","unknown"
"core","httpserver/server.go","primary","httpserver","315","dbbf132a0da74093b5936c73dfc0edb9bcff034e","False","0","False","","","","unknown","unknown","unknown"
"core","index/index.go","primary","index","168","dbbf132a0da74093b5936c73dfc0edb9bcff034e","False","0","False","","","","unknown","unknown","unknown"
"core","index/index_test.go","test_fixture","index","48","dbbf132a0da74093b5936c73dfc0edb9bcff034e","False","0","False","","","","unknown","unknown","unknown"
"core","lifecycle/guards_promises_test.go","test_fixture","lifecycle","60","dbbf132a0da74093b5936c73dfc0edb9bcff034e","False","0","False","","","","unknown","unknown","unknown"
"core","lifecycle/lifecycle.go","primary","lifecycle","138","dbbf132a0da74093b5936c73dfc0edb9bcff034e","False","0","False","","","","unknown","unknown","unknown"
"core","lifecycle/lifecycle_test.go","test_fixture","lifecycle","81","dbbf132a0da74093b5936c73dfc0edb9bcff034e","True","1","False","","","","unknown","unknown","unknown"
"core","lifecycle/manager_group.go","primary","lifecycle","179","dbbf132a0da74093b5936c73dfc0edb9bcff034e","False","0","False","","","","unknown","unknown","unknown"
"core","lifecycle/manager_group_test.go","test_fixture","lifecycle","121","dbbf132a0da74093b5936c73dfc0edb9bcff034e","False","0","False","","","","unknown","unknown","unknown"
"core","lock/cputime_unix_test.go","test_fixture","lock","22","dbbf132a0da74093b5936c73dfc0edb9bcff034e","False","0","False","","","","unknown","unknown","unknown"
"core","lock/cputime_windows_test.go","test_fixture","lock","17","dbbf132a0da74093b5936c73dfc0edb9bcff034e","False","0","False","","","","unknown","unknown","unknown"
"core","lock/lock.go","primary","lock","83","dbbf132a0da74093b5936c73dfc0edb9bcff034e","False","0","False","","","","unknown","unknown","unknown"
"core","lock/lock_manager.go","primary","lock","57","dbbf132a0da74093b5936c73dfc0edb9bcff034e","False","0","False","","","","unknown","unknown","unknown"
"core","lock/lock_test.go","test_fixture","lock","302","dbbf132a0da74093b5936c73dfc0edb9bcff034e","False","0","False","","","","unknown","unknown","unknown"
"core","lock/reentrant_mutex.go","primary","lock","126","dbbf132a0da74093b5936c73dfc0edb9bcff034e","False","0","False","","","","unknown","unknown","unknown"
"core","lock/reentrant_mutex_bench_test.go","test_fixture","lock","192","dbbf132a0da74093b5936c73dfc0edb9bcff034e","False","0","False","","","","unknown","unknown","unknown"
"core","lockstep/assembler.go","primary","lockstep","91","dbbf132a0da74093b5936c73dfc0edb9bcff034e","False","0","False","","","","unknown","unknown","unknown"
"core","lockstep/catchup_rate_promises_test.go","test_fixture","lockstep","53","dbbf132a0da74093b5936c73dfc0edb9bcff034e","False","0","False","","","","unknown","unknown","unknown"
"core","lockstep/desync.go","primary","lockstep","110","dbbf132a0da74093b5936c73dfc0edb9bcff034e","False","0","False","","","","unknown","unknown","unknown"
"core","lockstep/guards_promises_test.go","test_fixture","lockstep","85","dbbf132a0da74093b5936c73dfc0edb9bcff034e","False","0","False","","","","unknown","unknown","unknown"
"core","lockstep/history.go","primary","lockstep","95","dbbf132a0da74093b5936c73dfc0edb9bcff034e","False","0","False","","","","unknown","unknown","unknown"
"core","lockstep/input_replay_promises_test.go","test_fixture","lockstep","92","dbbf132a0da74093b5936c73dfc0edb9bcff034e","False","0","False","","","","unknown","unknown","unknown"
"core","lockstep/lockstep_test.go","test_fixture","lockstep","383","dbbf132a0da74093b5936c73dfc0edb9bcff034e","False","0","False","","","","unknown","unknown","unknown"
"core","lockstep/replay_window_promises_test.go","test_fixture","lockstep","95","dbbf132a0da74093b5936c73dfc0edb9bcff034e","False","0","False","","","","unknown","unknown","unknown"
"core","lockstep/room.go","primary","lockstep","532","dbbf132a0da74093b5936c73dfc0edb9bcff034e","True","3","False","","","","unknown","unknown","unknown"
"core","lockstep/room_test.go","test_fixture","lockstep","498","dbbf132a0da74093b5936c73dfc0edb9bcff034e","False","0","False","","","","unknown","unknown","unknown"
"core","lockstep/seat_identity_promises_test.go","test_fixture","lockstep","84","dbbf132a0da74093b5936c73dfc0edb9bcff034e","False","0","False","","","","unknown","unknown","unknown"
"core","lockstep/sequencer.go","primary","lockstep","328","dbbf132a0da74093b5936c73dfc0edb9bcff034e","True","6","False","","","","unknown","unknown","unknown"
"core","lockstep/submit_validation_promises_test.go","test_fixture","lockstep","58","dbbf132a0da74093b5936c73dfc0edb9bcff034e","False","0","False","","","","unknown","unknown","unknown"
"core","lockstep/wire.go","primary","lockstep","171","dbbf132a0da74093b5936c73dfc0edb9bcff034e","True","1","False","","","","unknown","unknown","unknown"
"core","log/elog.go","primary","log","258","dbbf132a0da74093b5936c73dfc0edb9bcff034e","False","0","False","","","","unknown","unknown","unknown"
"core","log/log.go","primary","log","307","dbbf132a0da74093b5936c73dfc0edb9bcff034e","False","0","False","","","","unknown","unknown","unknown"
"core","log/log_test.go","test_fixture","log","302","dbbf132a0da74093b5936c73dfc0edb9bcff034e","False","0","False","","","","unknown","unknown","unknown"
"core","log/ordered_text_handler.go","primary","log","247","dbbf132a0da74093b5936c73dfc0edb9bcff034e","False","0","False","","","","unknown","unknown","unknown"
"core","log/rotation.go","primary","log","142","dbbf132a0da74093b5936c73dfc0edb9bcff034e","False","0","False","","","","unknown","unknown","unknown"
"core","log/rotation_guards_promises_test.go","test_fixture","log","29","dbbf132a0da74093b5936c73dfc0edb9bcff034e","False","0","False","","","","unknown","unknown","unknown"
"core","manager/abort_promises_test.go","test_fixture","manager","49","dbbf132a0da74093b5936c73dfc0edb9bcff034e","False","0","False","","","","unknown","unknown","unknown"
"core","manager/engine.go","primary","manager","247","dbbf132a0da74093b5936c73dfc0edb9bcff034e","True","2","False","","","","unknown","unknown","unknown"
"core","manager/engine_test.go","test_fixture","manager","475","dbbf132a0da74093b5936c73dfc0edb9bcff034e","False","0","False","","","","unknown","unknown","unknown"
"core","manager/guards_promises_test.go","test_fixture","manager","45","dbbf132a0da74093b5936c73dfc0edb9bcff034e","False","0","False","","","","unknown","unknown","unknown"
"core","manager/order.go","primary","manager","95","dbbf132a0da74093b5936c73dfc0edb9bcff034e","False","0","False","","","","unknown","unknown","unknown"
"core","manager/order_test.go","test_fixture","manager","174","dbbf132a0da74093b5936c73dfc0edb9bcff034e","False","0","False","","","","unknown","unknown","unknown"
"core","manager/register_during_start_promises_test.go","test_fixture","manager","38","dbbf132a0da74093b5936c73dfc0edb9bcff034e","False","0","False","","","","unknown","unknown","unknown"
"core","manager/stop_during_last_start_promises_test.go","test_fixture","manager","86","dbbf132a0da74093b5936c73dfc0edb9bcff034e","False","0","False","","","","unknown","unknown","unknown"
"core","metrics/metrics.go","primary","metrics","575","dbbf132a0da74093b5936c73dfc0edb9bcff034e","False","0","False","","","","unknown","unknown","unknown"
"core","metrics/metrics_test.go","test_fixture","metrics","137","dbbf132a0da74093b5936c73dfc0edb9bcff034e","False","0","False","","","","unknown","unknown","unknown"
"core","metrics/prometheus.go","primary","metrics","110","dbbf132a0da74093b5936c73dfc0edb9bcff034e","False","0","False","","","","unknown","unknown","unknown"
"core","migration/guards_promises_test.go","test_fixture","migration","37","dbbf132a0da74093b5936c73dfc0edb9bcff034e","False","0","False","","","","unknown","unknown","unknown"
"core","migration/migration.go","primary","migration","257","dbbf132a0da74093b5936c73dfc0edb9bcff034e","False","0","False","","","","unknown","unknown","unknown"
"core","migration/migration_test.go","test_fixture","migration","62","dbbf132a0da74093b5936c73dfc0edb9bcff034e","False","0","False","","","","unknown","unknown","unknown"
"core","migration/promises_test.go","test_fixture","migration","91","dbbf132a0da74093b5936c73dfc0edb9bcff034e","False","0","False","","","","unknown","unknown","unknown"
"core","mirror/envelope.go","primary","mirror","194","dbbf132a0da74093b5936c73dfc0edb9bcff034e","True","3","False","","","","unknown","unknown","unknown"
"core","mirror/envelope_test.go","test_fixture","mirror","164","dbbf132a0da74093b5936c73dfc0edb9bcff034e","False","0","False","","","","unknown","unknown","unknown"
"core","mirror/guards_promises_test.go","test_fixture","mirror","32","dbbf132a0da74093b5936c73dfc0edb9bcff034e","False","0","False","","","","unknown","unknown","unknown"
"core","mirror/promises_test.go","test_fixture","mirror","134","dbbf132a0da74093b5936c73dfc0edb9bcff034e","False","0","False","","","","unknown","unknown","unknown"
"core","misc/hash.go","primary","misc","9","dbbf132a0da74093b5936c73dfc0edb9bcff034e","False","0","False","","","","unknown","unknown","unknown"
"core","misc/integer.go","primary","misc","7","dbbf132a0da74093b5936c73dfc0edb9bcff034e","False","0","False","","","","unknown","unknown","unknown"
"core","misc/misc_test.go","test_fixture","misc","28","dbbf132a0da74093b5936c73dfc0edb9bcff034e","False","0","False","","","","unknown","unknown","unknown"
"core","mongo/bulk.go","primary","mongo","41","dbbf132a0da74093b5936c73dfc0edb9bcff034e","False","0","False","","","","unknown","unknown","unknown"
"core","mongo/client.go","primary","mongo","22","dbbf132a0da74093b5936c73dfc0edb9bcff034e","False","0","False","","","","unknown","unknown","unknown"
"core","mongo/collection.go","primary","mongo","73","dbbf132a0da74093b5936c73dfc0edb9bcff034e","False","0","False","","","","unknown","unknown","unknown"
"core","mongo/config.go","primary","mongo","27","dbbf132a0da74093b5936c73dfc0edb9bcff034e","False","0","False","","","","unknown","unknown","unknown"
"core","mongo/database.go","primary","mongo","16","dbbf132a0da74093b5936c73dfc0edb9bcff034e","False","0","False","","","","unknown","unknown","unknown"
"core","mongo/driver/client.go","primary","mongo/driver","108","dbbf132a0da74093b5936c73dfc0edb9bcff034e","False","0","False","","","","unknown","unknown","unknown"
"core","mongo/driver/collection.go","primary","mongo/driver","370","dbbf132a0da74093b5936c73dfc0edb9bcff034e","False","0","False","","","","unknown","unknown","unknown"
"core","mongo/driver/collection_test.go","test_fixture","mongo/driver","112","dbbf132a0da74093b5936c73dfc0edb9bcff034e","False","0","False","","","","unknown","unknown","unknown"
"core","mongo/driver/database.go","primary","mongo/driver","33","dbbf132a0da74093b5936c73dfc0edb9bcff034e","False","0","False","","","","unknown","unknown","unknown"
"core","mongo/driver/guards_promises_test.go","test_fixture","mongo/driver","43","dbbf132a0da74093b5936c73dfc0edb9bcff034e","False","0","False","","","","unknown","unknown","unknown"
"core","mongo/driver/real_mongo_promises_test.go","test_fixture","mongo/driver","125","dbbf132a0da74093b5936c73dfc0edb9bcff034e","False","0","False","","","","unknown","unknown","unknown"
"core","mongo/driver/session.go","primary","mongo/driver","39","dbbf132a0da74093b5936c73dfc0edb9bcff034e","False","0","False","","","","unknown","unknown","unknown"
"core","mongo/errors.go","primary","mongo","11","dbbf132a0da74093b5936c73dfc0edb9bcff034e","False","0","False","","","","unknown","unknown","unknown"
"core","mongo/index.go","primary","mongo","21","dbbf132a0da74093b5936c73dfc0edb9bcff034e","False","0","False","","","","unknown","unknown","unknown"
"core","mongo/mongotest/contract_promises_test.go","test_fixture","mongo/mongotest","57","dbbf132a0da74093b5936c73dfc0edb9bcff034e","False","0","False","","","","unknown","unknown","unknown"
"core","mongo/mongotest/guards_promises_test.go","test_fixture","mongo/mongotest","128","dbbf132a0da74093b5936c73dfc0edb9bcff034e","False","0","False","","","","unknown","unknown","unknown"
"core","mongo/mongotest/mongotest.go","test_fixture","mongo/mongotest","1698","dbbf132a0da74093b5936c73dfc0edb9bcff034e","False","0","False","","","","unknown","unknown","unknown"
"core","mongo/mongotest/mongotest_test.go","test_fixture","mongo/mongotest","375","dbbf132a0da74093b5936c73dfc0edb9bcff034e","False","0","False","","","","unknown","unknown","unknown"
"core","mongo/session.go","primary","mongo","14","dbbf132a0da74093b5936c73dfc0edb9bcff034e","False","0","False","","","","unknown","unknown","unknown"
"core","nats/client.go","primary","nats","41","dbbf132a0da74093b5936c73dfc0edb9bcff034e","True","1","False","","","","unknown","unknown","unknown"
"core","nats/config.go","primary","nats","26","dbbf132a0da74093b5936c73dfc0edb9bcff034e","True","1","False","","","","unknown","unknown","unknown"
"core","nats/driver/assembly.go","primary","nats/driver","70","dbbf132a0da74093b5936c73dfc0edb9bcff034e","False","0","False","","","","unknown","unknown","unknown"
"core","nats/driver/assembly_test.go","test_fixture","nats/driver","27","dbbf132a0da74093b5936c73dfc0edb9bcff034e","False","0","False","","","","unknown","unknown","unknown"
"core","nats/driver/client.go","primary","nats/driver","250","dbbf132a0da74093b5936c73dfc0edb9bcff034e","True","2","False","","","","unknown","unknown","unknown"
"core","nats/driver/client_boundary_test.go","test_fixture","nats/driver","60","dbbf132a0da74093b5936c73dfc0edb9bcff034e","False","0","False","","","","unknown","unknown","unknown"
"core","nats/driver/client_promises_test.go","test_fixture","nats/driver","68","dbbf132a0da74093b5936c73dfc0edb9bcff034e","False","0","False","","","","unknown","unknown","unknown"
"core","nats/driver/guards_promises_test.go","test_fixture","nats/driver","93","dbbf132a0da74093b5936c73dfc0edb9bcff034e","False","0","False","","","","unknown","unknown","unknown"
"core","nats/driver/jetstream.go","primary","nats/driver","282","dbbf132a0da74093b5936c73dfc0edb9bcff034e","True","4","False","","","","unknown","unknown","unknown"
"core","nats/driver/jetstream_settle_test.go","test_fixture","nats/driver","111","dbbf132a0da74093b5936c73dfc0edb9bcff034e","True","1","False","","","","unknown","unknown","unknown"
"core","nats/driver/jetstream_test.go","test_fixture","nats/driver","171","dbbf132a0da74093b5936c73dfc0edb9bcff034e","True","2","False","","","","unknown","unknown","unknown"
"core","nats/driver/options.go","primary","nats/driver","62","dbbf132a0da74093b5936c73dfc0edb9bcff034e","True","1","False","","","","unknown","unknown","unknown"
"core","nats/driver/options_discovered_test.go","test_fixture","nats/driver","34","dbbf132a0da74093b5936c73dfc0edb9bcff034e","False","0","False","","","","unknown","unknown","unknown"
"core","nats/driver/options_test.go","test_fixture","nats/driver","53","dbbf132a0da74093b5936c73dfc0edb9bcff034e","False","0","False","","","","unknown","unknown","unknown"
"core","nats/driver/rpc.go","primary","nats/driver","289","dbbf132a0da74093b5936c73dfc0edb9bcff034e","False","0","False","","","","unknown","unknown","unknown"
"core","nats/driver/rpc_test.go","test_fixture","nats/driver","261","dbbf132a0da74093b5936c73dfc0edb9bcff034e","False","0","False","","","","unknown","unknown","unknown"
"core","nats/driver/subscription.go","primary","nats/driver","22","dbbf132a0da74093b5936c73dfc0edb9bcff034e","False","0","False","","","","unknown","unknown","unknown"
"core","nats/errors.go","primary","nats","32","dbbf132a0da74093b5936c73dfc0edb9bcff034e","False","0","False","","","","unknown","unknown","unknown"
"core","nats/errors_test.go","test_fixture","nats","15","dbbf132a0da74093b5936c73dfc0edb9bcff034e","False","0","False","","","","unknown","unknown","unknown"
"core","nats/jetstream.go","primary","nats","78","dbbf132a0da74093b5936c73dfc0edb9bcff034e","True","1","False","","","","unknown","unknown","unknown"
"core","nats/message.go","primary","nats","30","dbbf132a0da74093b5936c73dfc0edb9bcff034e","False","0","False","","","","unknown","unknown","unknown"
"core","nats/permanent_guards_promises_test.go","test_fixture","nats","22","dbbf132a0da74093b5936c73dfc0edb9bcff034e","False","0","False","","","","unknown","unknown","unknown"
"core","nats/rpc.go","primary","nats","43","dbbf132a0da74093b5936c73dfc0edb9bcff034e","False","0","False","","","","unknown","unknown","unknown"
"core","nats/rpc_test.go","test_fixture","nats","10","dbbf132a0da74093b5936c73dfc0edb9bcff034e","False","0","False","","","","unknown","unknown","unknown"
"core","nats/subject.go","primary","nats","81","dbbf132a0da74093b5936c73dfc0edb9bcff034e","False","0","False","","","","unknown","unknown","unknown"
"core","nest/cast.go","primary","nest","241","dbbf132a0da74093b5936c73dfc0edb9bcff034e","True","1","False","","","","unknown","unknown","unknown"
"core","nest/cast_promises_test.go","test_fixture","nest","158","dbbf132a0da74093b5936c73dfc0edb9bcff034e","False","0","False","","","","unknown","unknown","unknown"
"core","nest/cast_test.go","test_fixture","nest","249","dbbf132a0da74093b5936c73dfc0edb9bcff034e","False","0","False","","","","unknown","unknown","unknown"
"core","nest/client.go","primary","nest","324","dbbf132a0da74093b5936c73dfc0edb9bcff034e","True","1","False","","","","unknown","unknown","unknown"
"core","nest/client_test.go","test_fixture","nest","304","dbbf132a0da74093b5936c73dfc0edb9bcff034e","False","0","False","","","","unknown","unknown","unknown"
"core","nest/commit_callback_panic_promises_test.go","test_fixture","nest","52","dbbf132a0da74093b5936c73dfc0edb9bcff034e","False","0","False","","","","unknown","unknown","unknown"
"core","nest/dataengine_compat_test.go","test_fixture","nest","40","dbbf132a0da74093b5936c73dfc0edb9bcff034e","False","0","False","","","","unknown","unknown","unknown"
"core","nest/delayed_shutdown_promises_test.go","test_fixture","nest","63","dbbf132a0da74093b5936c73dfc0edb9bcff034e","True","1","False","","","","unknown","unknown","unknown"
"core","nest/dispatcher.go","primary","nest","621","dbbf132a0da74093b5936c73dfc0edb9bcff034e","True","1","False","","","","unknown","unknown","unknown"
"core","nest/group_lock.go","primary","nest","311","dbbf132a0da74093b5936c73dfc0edb9bcff034e","False","0","False","","","","unknown","unknown","unknown"
"core","nest/group_lock_test.go","test_fixture","nest","393","dbbf132a0da74093b5936c73dfc0edb9bcff034e","False","0","False","","","","unknown","unknown","unknown"
"core","nest/group_transition.go","primary","nest","444","dbbf132a0da74093b5936c73dfc0edb9bcff034e","True","1","False","","","","unknown","unknown","unknown"
"core","nest/group_transition_promises_test.go","test_fixture","nest","67","dbbf132a0da74093b5936c73dfc0edb9bcff034e","False","0","False","","","","unknown","unknown","unknown"
"core","nest/group_transition_test.go","test_fixture","nest","310","dbbf132a0da74093b5936c73dfc0edb9bcff034e","False","0","False","","","","unknown","unknown","unknown"
"core","nest/legacy_engine_test.go","test_fixture","nest","22","dbbf132a0da74093b5936c73dfc0edb9bcff034e","False","0","False","","","","unknown","unknown","unknown"
"core","nest/msg.go","primary","nest","302","dbbf132a0da74093b5936c73dfc0edb9bcff034e","True","1","False","","","","unknown","unknown","unknown"
"core","nest/nest.go","primary","nest","537","dbbf132a0da74093b5936c73dfc0edb9bcff034e","True","2","False","","","","unknown","unknown","unknown"
"core","nest/nest_dispatch.go","primary","nest","1093","dbbf132a0da74093b5936c73dfc0edb9bcff034e","True","4","False","","","","unknown","unknown","unknown"
"core","nest/nest_test.go","test_fixture","nest","1586","dbbf132a0da74093b5936c73dfc0edb9bcff034e","False","0","False","","","","unknown","unknown","unknown"
"core","nest/persist_change.go","primary","nest","362","dbbf132a0da74093b5936c73dfc0edb9bcff034e","False","0","False","","","","unknown","unknown","unknown"
"core","nest/persist_change_test.go","test_fixture","nest","335","dbbf132a0da74093b5936c73dfc0edb9bcff034e","False","0","False","","","","unknown","unknown","unknown"
"core","nest/pipelined_async_test.go","test_fixture","nest","565","dbbf132a0da74093b5936c73dfc0edb9bcff034e","False","0","False","","","","unknown","unknown","unknown"
"core","nest/pipelined_bench_test.go","test_fixture","nest","130","dbbf132a0da74093b5936c73dfc0edb9bcff034e","False","0","False","","","","unknown","unknown","unknown"
"core","nest/pipelined_commit_test.go","test_fixture","nest","501","dbbf132a0da74093b5936c73dfc0edb9bcff034e","False","0","False","","","","unknown","unknown","unknown"
"core","nest/pipelined_completion.go","primary","nest","307","dbbf132a0da74093b5936c73dfc0edb9bcff034e","True","2","False","","","","unknown","unknown","unknown"
"core","nest/production_limits_test.go","test_fixture","nest","53","dbbf132a0da74093b5936c73dfc0edb9bcff034e","False","0","False","","","","unknown","unknown","unknown"
"core","nest/promises_test.go","test_fixture","nest","163","dbbf132a0da74093b5936c73dfc0edb9bcff034e","False","0","False","","","","unknown","unknown","unknown"
"core","nest/remote_access.go","primary","nest","233","dbbf132a0da74093b5936c73dfc0edb9bcff034e","True","1","False","","","","unknown","unknown","unknown"
"core","nest/remote_transaction_test.go","test_fixture","nest","156","dbbf132a0da74093b5936c73dfc0edb9bcff034e","False","0","False","","","","unknown","unknown","unknown"
"core","nest/rollback.go","primary","nest","945","dbbf132a0da74093b5936c73dfc0edb9bcff034e","True","5","False","","","","unknown","unknown","unknown"
"core","nest/stats.go","primary","nest","73","dbbf132a0da74093b5936c73dfc0edb9bcff034e","False","0","False","","","","unknown","unknown","unknown"
"core","nest/ticker.go","primary","nest","182","dbbf132a0da74093b5936c73dfc0edb9bcff034e","False","0","False","","","","unknown","unknown","unknown"
"core","nest/transaction.go","primary","nest","144","dbbf132a0da74093b5936c73dfc0edb9bcff034e","True","2","False","","","","unknown","unknown","unknown"
"core","nestwal/checkpoint.go","primary","nestwal","114","dbbf132a0da74093b5936c73dfc0edb9bcff034e","False","0","False","","","","unknown","unknown","unknown"
"core","nestwal/codec.go","primary","nestwal","794","dbbf132a0da74093b5936c73dfc0edb9bcff034e","False","0","False","","","","unknown","unknown","unknown"
"core","nestwal/codec_promises_test.go","test_fixture","nestwal","111","dbbf132a0da74093b5936c73dfc0edb9bcff034e","False","0","False","","","","unknown","unknown","unknown"
"core","nestwal/codec_v2_test.go","test_fixture","nestwal","171","dbbf132a0da74093b5936c73dfc0edb9bcff034e","False","0","False","","","","unknown","unknown","unknown"
"core","nestwal/committer.go","primary","nestwal","586","dbbf132a0da74093b5936c73dfc0edb9bcff034e","True","2","False","","","","unknown","unknown","unknown"
"core","nestwal/corruption_promises_test.go","test_fixture","nestwal","139","dbbf132a0da74093b5936c73dfc0edb9bcff034e","False","0","False","","","","unknown","unknown","unknown"
"core","nestwal/crash_test.go","test_fixture","nestwal","157","dbbf132a0da74093b5936c73dfc0edb9bcff034e","False","0","False","","","","unknown","unknown","unknown"
"core","nestwal/dirsync_unix.go","primary","nestwal","17","dbbf132a0da74093b5936c73dfc0edb9bcff034e","False","0","False","","","","unknown","unknown","unknown"
"core","nestwal/dirsync_windows.go","primary","nestwal","23","dbbf132a0da74093b5936c73dfc0edb9bcff034e","False","0","False","","","","unknown","unknown","unknown"
"core","nestwal/effect_inbox.go","primary","nestwal","149","dbbf132a0da74093b5936c73dfc0edb9bcff034e","False","0","False","","","","unknown","unknown","unknown"
"core","nestwal/effect_inbox_test.go","test_fixture","nestwal","101","dbbf132a0da74093b5936c73dfc0edb9bcff034e","False","0","False","","","","unknown","unknown","unknown"
"core","nestwal/jetstream_publisher.go","primary","nestwal","52","dbbf132a0da74093b5936c73dfc0edb9bcff034e","False","0","False","","","","unknown","unknown","unknown"
"core","nestwal/lock_unix.go","primary","nestwal","17","dbbf132a0da74093b5936c73dfc0edb9bcff034e","False","0","False","","","","unknown","unknown","unknown"
"core","nestwal/lock_windows.go","primary","nestwal","27","dbbf132a0da74093b5936c73dfc0edb9bcff034e","False","0","False","","","","unknown","unknown","unknown"
"core","nestwal/pipelined_test.go","test_fixture","nestwal","288","dbbf132a0da74093b5936c73dfc0edb9bcff034e","False","0","False","","","","unknown","unknown","unknown"
"core","nestwal/promises_test.go","test_fixture","nestwal","174","dbbf132a0da74093b5936c73dfc0edb9bcff034e","False","0","False","","","","unknown","unknown","unknown"
"core","nestwal/remote_codec_test.go","test_fixture","nestwal","87","dbbf132a0da74093b5936c73dfc0edb9bcff034e","False","0","False","","","","unknown","unknown","unknown"
"core","nestwal/runtime.go","primary","nestwal","60","dbbf132a0da74093b5936c73dfc0edb9bcff034e","False","0","False","","","","unknown","unknown","unknown"
"core","nestwal/shutdown_deadline_promises_test.go","test_fixture","nestwal","155","dbbf132a0da74093b5936c73dfc0edb9bcff034e","False","0","False","","","","unknown","unknown","unknown"
"core","nestwal/sync_barrier_promises_test.go","test_fixture","nestwal","70","dbbf132a0da74093b5936c73dfc0edb9bcff034e","False","0","False","","","","unknown","unknown","unknown"
"core","nestwal/sync_closing_promises_test.go","test_fixture","nestwal","110","dbbf132a0da74093b5936c73dfc0edb9bcff034e","False","0","False","","","","unknown","unknown","unknown"
"core","nestwal/wal.go","primary","nestwal","1300","dbbf132a0da74093b5936c73dfc0edb9bcff034e","True","5","False","","","","unknown","unknown","unknown"
"core","nestwal/wal_benchmark_test.go","test_fixture","nestwal","203","dbbf132a0da74093b5936c73dfc0edb9bcff034e","False","0","False","","","","unknown","unknown","unknown"
"core","nestwal/wal_test.go","test_fixture","nestwal","482","dbbf132a0da74093b5936c73dfc0edb9bcff034e","True","1","False","","","","unknown","unknown","unknown"
"core","nettransport/admission_promises_test.go","test_fixture","nettransport","93","dbbf132a0da74093b5936c73dfc0edb9bcff034e","False","0","False","","","","unknown","unknown","unknown"
"core","nettransport/atomic_admission_test.go","test_fixture","nettransport","70","dbbf132a0da74093b5936c73dfc0edb9bcff034e","True","1","False","","","","unknown","unknown","unknown"
"core","nettransport/channel.go","primary","nettransport","707","dbbf132a0da74093b5936c73dfc0edb9bcff034e","True","3","False","","","","unknown","unknown","unknown"
"core","nettransport/channel_test.go","test_fixture","nettransport","425","dbbf132a0da74093b5936c73dfc0edb9bcff034e","False","0","False","","","","unknown","unknown","unknown"
"core","nettransport/control_plane.go","primary","nettransport","57","dbbf132a0da74093b5936c73dfc0edb9bcff034e","False","0","False","","","","unknown","unknown","unknown"
"core","nettransport/kcp_transport.go","primary","nettransport","487","dbbf132a0da74093b5936c73dfc0edb9bcff034e","False","0","False","","","","unknown","unknown","unknown"
"core","nettransport/protocol_transport_test.go","test_fixture","nettransport","337","dbbf132a0da74093b5936c73dfc0edb9bcff034e","False","0","False","","","","unknown","unknown","unknown"
"core","nettransport/quic_transport.go","primary","nettransport","451","dbbf132a0da74093b5936c73dfc0edb9bcff034e","False","0","False","","","","unknown","unknown","unknown"
"core","nettransport/sender.go","primary","nettransport","146","dbbf132a0da74093b5936c73dfc0edb9bcff034e","True","1","False","","","","unknown","unknown","unknown"
"core","nettransport/session_state_promises_test.go","test_fixture","nettransport","201","dbbf132a0da74093b5936c73dfc0edb9bcff034e","False","0","False","","","","unknown","unknown","unknown"
"core","nettransport/udp_crypto.go","primary","nettransport","145","dbbf132a0da74093b5936c73dfc0edb9bcff034e","False","0","False","","","","unknown","unknown","unknown"
"core","nettransport/udp_transport.go","primary","nettransport","387","dbbf132a0da74093b5936c73dfc0edb9bcff034e","False","0","False","","","","unknown","unknown","unknown"
"core","ownerroute/bus.go","primary","ownerroute","43","dbbf132a0da74093b5936c73dfc0edb9bcff034e","False","0","False","","","","unknown","unknown","unknown"
"core","ownerroute/guards_promises_test.go","test_fixture","ownerroute","45","dbbf132a0da74093b5936c73dfc0edb9bcff034e","False","0","False","","","","unknown","unknown","unknown"
"core","ownerroute/promises_test.go","test_fixture","ownerroute","45","dbbf132a0da74093b5936c73dfc0edb9bcff034e","False","0","False","","","","unknown","unknown","unknown"
"core","ownerroute/route.go","primary","ownerroute","80","dbbf132a0da74093b5936c73dfc0edb9bcff034e","False","0","False","","","","unknown","unknown","unknown"
"core","ownerroute/route_test.go","test_fixture","ownerroute","72","dbbf132a0da74093b5936c73dfc0edb9bcff034e","False","0","False","","","","unknown","unknown","unknown"
"core","redis/cas.go","primary","redis","131","dbbf132a0da74093b5936c73dfc0edb9bcff034e","False","0","False","","","","unknown","unknown","unknown"
"core","redis/cas_promises_test.go","test_fixture","redis","74","dbbf132a0da74093b5936c73dfc0edb9bcff034e","False","0","False","","","","unknown","unknown","unknown"
"core","redis/cas_test.go","test_fixture","redis","112","dbbf132a0da74093b5936c73dfc0edb9bcff034e","False","0","False","","","","unknown","unknown","unknown"
"core","redis/client.go","primary","redis","118","dbbf132a0da74093b5936c73dfc0edb9bcff034e","False","0","False","","","","unknown","unknown","unknown"
"core","redis/config.go","primary","redis","38","dbbf132a0da74093b5936c73dfc0edb9bcff034e","False","0","False","","","","unknown","unknown","unknown"
"core","redis/driver/assembly.go","primary","redis/driver","50","dbbf132a0da74093b5936c73dfc0edb9bcff034e","False","0","False","","","","unknown","unknown","unknown"
"core","redis/driver/assembly_test.go","test_fixture","redis/driver","46","dbbf132a0da74093b5936c73dfc0edb9bcff034e","False","0","False","","","","unknown","unknown","unknown"
"core","redis/driver/client.go","primary","redis/driver","450","dbbf132a0da74093b5936c73dfc0edb9bcff034e","False","0","False","","","","unknown","unknown","unknown"
"core","redis/driver/client_deadline_test.go","test_fixture","redis/driver","32","dbbf132a0da74093b5936c73dfc0edb9bcff034e","False","0","False","","","","unknown","unknown","unknown"
"core","redis/driver/client_export_test.go","test_fixture","redis/driver","34","dbbf132a0da74093b5936c73dfc0edb9bcff034e","False","0","False","","","","unknown","unknown","unknown"
"core","redis/driver/client_promises_test.go","test_fixture","redis/driver","232","dbbf132a0da74093b5936c73dfc0edb9bcff034e","False","0","False","","","","unknown","unknown","unknown"
"core","redis/driver/client_test.go","test_fixture","redis/driver","52","dbbf132a0da74093b5936c73dfc0edb9bcff034e","False","0","False","","","","unknown","unknown","unknown"
"core","redis/driver/lock.go","primary","redis/driver","337","dbbf132a0da74093b5936c73dfc0edb9bcff034e","False","0","False","","","","unknown","unknown","unknown"
"core","redis/driver/lock_integration_test.go","test_fixture","redis/driver","66","dbbf132a0da74093b5936c73dfc0edb9bcff034e","False","0","False","","","","unknown","unknown","unknown"
"core","redis/driver/lock_promises_test.go","test_fixture","redis/driver","155","dbbf132a0da74093b5936c73dfc0edb9bcff034e","False","0","False","","","","unknown","unknown","unknown"
"core","redis/driver/lock_state_test.go","test_fixture","redis/driver","174","dbbf132a0da74093b5936c73dfc0edb9bcff034e","False","0","False","","","","unknown","unknown","unknown"
"core","redis/driver/lock_test.go","test_fixture","redis/driver","176","dbbf132a0da74093b5936c73dfc0edb9bcff034e","False","0","False","","","","unknown","unknown","unknown"
"core","redis/driver/lock_toxic_integration_test.go","test_fixture","redis/driver","215","dbbf132a0da74093b5936c73dfc0edb9bcff034e","False","0","False","","","","unknown","unknown","unknown"
"core","redis/driver/mget_integration_test.go","test_fixture","redis/driver","123","dbbf132a0da74093b5936c73dfc0edb9bcff034e","False","0","False","","","","unknown","unknown","unknown"
"core","redis/driver/pipeline.go","primary","redis/driver","140","dbbf132a0da74093b5936c73dfc0edb9bcff034e","False","0","False","","","","unknown","unknown","unknown"
"core","redis/driver/pubsub.go","primary","redis/driver","60","dbbf132a0da74093b5936c73dfc0edb9bcff034e","False","0","False","","","","unknown","unknown","unknown"
"core","redis/errors.go","primary","redis","11","dbbf132a0da74093b5936c73dfc0edb9bcff034e","False","0","False","","","","unknown","unknown","unknown"
"core","redis/lock.go","primary","redis","36","dbbf132a0da74093b5936c73dfc0edb9bcff034e","False","0","False","","","","unknown","unknown","unknown"
"core","redis/pipeline.go","primary","redis","79","dbbf132a0da74093b5936c73dfc0edb9bcff034e","False","0","False","","","","unknown","unknown","unknown"
"core","redis/pubsub.go","primary","redis","17","dbbf132a0da74093b5936c73dfc0edb9bcff034e","False","0","False","","","","unknown","unknown","unknown"
"core","redis/script.go","primary","redis","10","dbbf132a0da74093b5936c73dfc0edb9bcff034e","False","0","False","","","","unknown","unknown","unknown"
"core","redis/versioned_lock.go","primary","redis","81","dbbf132a0da74093b5936c73dfc0edb9bcff034e","False","0","False","","","","unknown","unknown","unknown"
"core","remoteentity/assemble.go","primary","remoteentity","173","dbbf132a0da74093b5936c73dfc0edb9bcff034e","True","3","False","","","","unknown","unknown","unknown"
"core","remoteentity/assemble_admission_promises_test.go","test_fixture","remoteentity","154","dbbf132a0da74093b5936c73dfc0edb9bcff034e","False","0","False","","","","unknown","unknown","unknown"
"core","remoteentity/assembly.go","primary","remoteentity","63","dbbf132a0da74093b5936c73dfc0edb9bcff034e","True","1","False","","","","unknown","unknown","unknown"
"core","remoteentity/backend.go","primary","remoteentity","81","dbbf132a0da74093b5936c73dfc0edb9bcff034e","False","0","False","","","","unknown","unknown","unknown"
"core","remoteentity/batch.go","primary","remoteentity","527","dbbf132a0da74093b5936c73dfc0edb9bcff034e","True","5","False","","","","unknown","unknown","unknown"
"core","remoteentity/batch_test.go","test_fixture","remoteentity","721","dbbf132a0da74093b5936c73dfc0edb9bcff034e","False","0","False","","","","unknown","unknown","unknown"
"core","remoteentity/config.go","primary","remoteentity","73","dbbf132a0da74093b5936c73dfc0edb9bcff034e","False","0","False","","","","unknown","unknown","unknown"
"core","remoteentity/finalizer_stop_handoff_promises_test.go","test_fixture","remoteentity","67","dbbf132a0da74093b5936c73dfc0edb9bcff034e","True","1","False","","","","unknown","unknown","unknown"
"core","remoteentity/guards_promises_test.go","test_fixture","remoteentity","159","dbbf132a0da74093b5936c73dfc0edb9bcff034e","False","0","False","","","","unknown","unknown","unknown"
"core","remoteentity/interest.go","primary","remoteentity","201","dbbf132a0da74093b5936c73dfc0edb9bcff034e","True","1","False","","","","unknown","unknown","unknown"
"core","remoteentity/interest_generation_promises_test.go","test_fixture","remoteentity","135","dbbf132a0da74093b5936c73dfc0edb9bcff034e","False","0","False","","","","unknown","unknown","unknown"
"core","remoteentity/interest_generation_seed_promises_test.go","test_fixture","remoteentity","52","dbbf132a0da74093b5936c73dfc0edb9bcff034e","False","0","False","","","","unknown","unknown","unknown"
"core","remoteentity/interest_test.go","test_fixture","remoteentity","154","dbbf132a0da74093b5936c73dfc0edb9bcff034e","False","0","False","","","","unknown","unknown","unknown"
"core","remoteentity/manager.go","primary","remoteentity","291","dbbf132a0da74093b5936c73dfc0edb9bcff034e","False","0","False","","","","unknown","unknown","unknown"
"core","remoteentity/manager_test.go","test_fixture","remoteentity","368","dbbf132a0da74093b5936c73dfc0edb9bcff034e","False","0","False","","","","unknown","unknown","unknown"
"core","remoteentity/marker.go","primary","remoteentity","239","dbbf132a0da74093b5936c73dfc0edb9bcff034e","True","1","False","","","","unknown","unknown","unknown"
"core","remoteentity/marker_epoch_format_promises_test.go","test_fixture","remoteentity","44","dbbf132a0da74093b5936c73dfc0edb9bcff034e","False","0","False","","","","unknown","unknown","unknown"
"core","remoteentity/marker_test.go","test_fixture","remoteentity","163","dbbf132a0da74093b5936c73dfc0edb9bcff034e","False","0","False","","","","unknown","unknown","unknown"
"core","remoteentity/mongo_committer.go","primary","remoteentity","418","dbbf132a0da74093b5936c73dfc0edb9bcff034e","False","0","False","","","","unknown","unknown","unknown"
"core","remoteentity/mongo_committer_test.go","test_fixture","remoteentity","100","dbbf132a0da74093b5936c73dfc0edb9bcff034e","False","0","False","","","","unknown","unknown","unknown"
"core","remoteentity/ownership.go","primary","remoteentity","407","dbbf132a0da74093b5936c73dfc0edb9bcff034e","True","7","False","","","","unknown","unknown","unknown"
"core","remoteentity/ownership_mode_indeterminate_promises_test.go","test_fixture","remoteentity","180","dbbf132a0da74093b5936c73dfc0edb9bcff034e","True","1","False","","","","unknown","unknown","unknown"
"core","remoteentity/ownership_test.go","test_fixture","remoteentity","77","dbbf132a0da74093b5936c73dfc0edb9bcff034e","False","0","False","","","","unknown","unknown","unknown"
"core","remoteentity/ownership_transfer_indeterminate_promises_test.go","test_fixture","remoteentity","150","dbbf132a0da74093b5936c73dfc0edb9bcff034e","False","0","False","","","","unknown","unknown","unknown"
"core","remoteentity/promises_test.go","test_fixture","remoteentity","81","dbbf132a0da74093b5936c73dfc0edb9bcff034e","False","0","False","","","","unknown","unknown","unknown"
"core","remoteentity/snapshot_delete_order_promises_test.go","test_fixture","remoteentity","90","dbbf132a0da74093b5936c73dfc0edb9bcff034e","False","0","False","","","","unknown","unknown","unknown"
"core","remoteentity/snapshot_l2.go","primary","remoteentity","199","dbbf132a0da74093b5936c73dfc0edb9bcff034e","True","5","False","","","","unknown","unknown","unknown"
"core","remoteentity/snapshot_l2_cas_promises_test.go","test_fixture","remoteentity","140","dbbf132a0da74093b5936c73dfc0edb9bcff034e","False","0","False","","","","unknown","unknown","unknown"
"core","remoteentity/snapshot_l2_delete_promises_test.go","test_fixture","remoteentity","58","dbbf132a0da74093b5936c73dfc0edb9bcff034e","False","0","False","","","","unknown","unknown","unknown"
"core","remoteentity/snapshot_l2_test.go","test_fixture","remoteentity","150","dbbf132a0da74093b5936c73dfc0edb9bcff034e","True","1","False","","","","unknown","unknown","unknown"
"core","remoteentity/snapshot_payload_identity_promises_test.go","test_fixture","remoteentity","93","dbbf132a0da74093b5936c73dfc0edb9bcff034e","False","0","False","","","","unknown","unknown","unknown"
"core","remoteentity/syncer.go","primary","remoteentity","158","dbbf132a0da74093b5936c73dfc0edb9bcff034e","True","6","False","","","","unknown","unknown","unknown"
"core","remoteentity/transaction_manager.go","primary","remoteentity","1077","dbbf132a0da74093b5936c73dfc0edb9bcff034e","True","9","False","","","","unknown","unknown","unknown"
"core","remoteentity/transaction_wait_eviction_promises_test.go","test_fixture","remoteentity","115","dbbf132a0da74093b5936c73dfc0edb9bcff034e","False","0","False","","","","unknown","unknown","unknown"
"core","remoteentity/versioned_lock.go","primary","remoteentity","515","dbbf132a0da74093b5936c73dfc0edb9bcff034e","False","0","False","","","","unknown","unknown","unknown"
"core","remoteentity/versioned_lock_lua.go","primary","remoteentity","67","dbbf132a0da74093b5936c73dfc0edb9bcff034e","False","0","False","","","","unknown","unknown","unknown"
"core","remoteentity/versioned_lock_unlock_test.go","test_fixture","remoteentity","240","dbbf132a0da74093b5936c73dfc0edb9bcff034e","False","0","False","","","","unknown","unknown","unknown"
"core","remoteentity/wrapper.go","primary","remoteentity","213","dbbf132a0da74093b5936c73dfc0edb9bcff034e","True","1","False","","","","unknown","unknown","unknown"
"core","robot/action/action.go","primary","robot/action","109","dbbf132a0da74093b5936c73dfc0edb9bcff034e","False","0","False","","","","unknown","unknown","unknown"
"core","robot/action/builtin.go","primary","robot/action","94","dbbf132a0da74093b5936c73dfc0edb9bcff034e","False","0","False","","","","unknown","unknown","unknown"
"core","robot/action/call.go","primary","robot/action","354","dbbf132a0da74093b5936c73dfc0edb9bcff034e","False","0","False","","","","unknown","unknown","unknown"
"core","robot/action/call_test.go","test_fixture","robot/action","181","dbbf132a0da74093b5936c73dfc0edb9bcff034e","False","0","False","","","","unknown","unknown","unknown"
"core","robot/action/guards_promises_test.go","test_fixture","robot/action","134","dbbf132a0da74093b5936c73dfc0edb9bcff034e","False","0","False","","","","unknown","unknown","unknown"
"core","robot/action/params.go","primary","robot/action","99","dbbf132a0da74093b5936c73dfc0edb9bcff034e","False","0","False","","","","unknown","unknown","unknown"
"core","robot/action/promises_test.go","test_fixture","robot/action","42","dbbf132a0da74093b5936c73dfc0edb9bcff034e","False","0","False","","","","unknown","unknown","unknown"
"core","robot/blackboard.go","primary","robot","113","dbbf132a0da74093b5936c73dfc0edb9bcff034e","False","0","False","","","","unknown","unknown","unknown"
"core","robot/context_guards_promises_test.go","test_fixture","robot","46","dbbf132a0da74093b5936c73dfc0edb9bcff034e","False","0","False","","","","unknown","unknown","unknown"
"core","robot/dialers.go","primary","robot","135","dbbf132a0da74093b5936c73dfc0edb9bcff034e","False","0","False","","","","unknown","unknown","unknown"
"core","robot/loadtest/admin.go","primary","robot/loadtest","172","dbbf132a0da74093b5936c73dfc0edb9bcff034e","False","0","False","","","","unknown","unknown","unknown"
"core","robot/loadtest/guards_promises_test.go","test_fixture","robot/loadtest","58","dbbf132a0da74093b5936c73dfc0edb9bcff034e","False","0","False","","","","unknown","unknown","unknown"
"core","robot/loadtest/loadtest_test.go","test_fixture","robot/loadtest","168","dbbf132a0da74093b5936c73dfc0edb9bcff034e","False","0","False","","","","unknown","unknown","unknown"
"core","robot/loadtest/manager.go","primary","robot/loadtest","622","dbbf132a0da74093b5936c73dfc0edb9bcff034e","False","0","False","","","","unknown","unknown","unknown"
"core","robot/lockstep.go","primary","robot","347","dbbf132a0da74093b5936c73dfc0edb9bcff034e","True","2","False","","","","unknown","unknown","unknown"
"core","robot/lockstep_apply_promises_test.go","test_fixture","robot","179","dbbf132a0da74093b5936c73dfc0edb9bcff034e","False","0","False","","","","unknown","unknown","unknown"
"core","robot/protocol/registry.go","primary","robot/protocol","233","dbbf132a0da74093b5936c73dfc0edb9bcff034e","False","0","False","","","","unknown","unknown","unknown"
"core","robot/robot.go","primary","robot","399","dbbf132a0da74093b5936c73dfc0edb9bcff034e","False","0","False","","","","unknown","unknown","unknown"
"core","robot/robot_impl_test.go","test_fixture","robot","324","dbbf132a0da74093b5936c73dfc0edb9bcff034e","False","0","False","","","","unknown","unknown","unknown"
"core","robot/robot_test.go","test_fixture","robot","302","dbbf132a0da74093b5936c73dfc0edb9bcff034e","False","0","False","","","","unknown","unknown","unknown"
"core","robot/runner/runner.go","primary","robot/runner","501","dbbf132a0da74093b5936c73dfc0edb9bcff034e","False","0","False","","","","unknown","unknown","unknown"
"core","robot/runner/runner_test.go","test_fixture","robot/runner","259","dbbf132a0da74093b5936c73dfc0edb9bcff034e","False","0","False","","","","unknown","unknown","unknown"
"core","robot/scenario/guards_promises_test.go","test_fixture","robot/scenario","21","dbbf132a0da74093b5936c73dfc0edb9bcff034e","False","0","False","","","","unknown","unknown","unknown"
"core","robot/scenario/promises_test.go","test_fixture","robot/scenario","54","dbbf132a0da74093b5936c73dfc0edb9bcff034e","False","0","False","","","","unknown","unknown","unknown"
"core","robot/scenario/scenario.go","primary","robot/scenario","364","dbbf132a0da74093b5936c73dfc0edb9bcff034e","False","0","False","","","","unknown","unknown","unknown"
"core","robot/scenario/scenario_test.go","test_fixture","robot/scenario","170","dbbf132a0da74093b5936c73dfc0edb9bcff034e","False","0","False","","","","unknown","unknown","unknown"
"core","robot/scenario/spec.go","primary","robot/scenario","244","dbbf132a0da74093b5936c73dfc0edb9bcff034e","False","0","False","","","","unknown","unknown","unknown"
"core","robot/session/session.go","primary","robot/session","387","dbbf132a0da74093b5936c73dfc0edb9bcff034e","False","0","False","","","","unknown","unknown","unknown"
"core","robot/transport/transport.go","primary","robot/transport","373","dbbf132a0da74093b5936c73dfc0edb9bcff034e","False","0","False","","","","unknown","unknown","unknown"
"core","room/downstream_handover_promises_test.go","test_fixture","room","135","dbbf132a0da74093b5936c73dfc0edb9bcff034e","False","0","False","","","","unknown","unknown","unknown"
"core","room/eviction_notice_promises_test.go","test_fixture","room","113","dbbf132a0da74093b5936c73dfc0edb9bcff034e","False","0","False","","","","unknown","unknown","unknown"
"core","room/guards_promises_test.go","test_fixture","room","141","dbbf132a0da74093b5936c73dfc0edb9bcff034e","False","0","False","","","","unknown","unknown","unknown"
"core","room/jetstream_durable_identity_promises_test.go","test_fixture","room","55","dbbf132a0da74093b5936c73dfc0edb9bcff034e","False","0","False","","","","unknown","unknown","unknown"
"core","room/jetstream_fanout_promises_test.go","test_fixture","room","156","dbbf132a0da74093b5936c73dfc0edb9bcff034e","False","0","False","","","","unknown","unknown","unknown"
"core","room/jetstream_syncbus.go","primary","room","361","dbbf132a0da74093b5936c73dfc0edb9bcff034e","True","9","False","","","","unknown","unknown","unknown"
"core","room/jetstream_syncbus_test.go","test_fixture","room","220","dbbf132a0da74093b5936c73dfc0edb9bcff034e","True","1","False","","","","unknown","unknown","unknown"
"core","room/nats_syncbus.go","primary","room","90","dbbf132a0da74093b5936c73dfc0edb9bcff034e","True","2","False","","","","unknown","unknown","unknown"
"core","room/room_broadcast.go","primary","room","1233","dbbf132a0da74093b5936c73dfc0edb9bcff034e","True","7","True","review/REVIEW-2026-09-18.md","construction, subscription, flush and close","6e09124aa3ea4036c43592be5b6893bb61cdfaf0","True","unknown","unknown"
"core","room/room_broadcast_test.go","test_fixture","room","473","dbbf132a0da74093b5936c73dfc0edb9bcff034e","False","0","False","","","","unknown","unknown","unknown"
"core","room/room_manager.go","primary","room","470","dbbf132a0da74093b5936c73dfc0edb9bcff034e","True","3","True","review/REVIEW-2026-09-18.md","construction and room lifecycle","6e09124aa3ea4036c43592be5b6893bb61cdfaf0","True","unknown","unknown"
"core","room/room_manager_test.go","test_fixture","room","183","dbbf132a0da74093b5936c73dfc0edb9bcff034e","False","0","False","","","","unknown","unknown","unknown"
"core","room/room_transport_sink.go","primary","room","948","dbbf132a0da74093b5936c73dfc0edb9bcff034e","True","4","True","review/REVIEW-2026-09-18.md","transport config and actual wire consumption","6e09124aa3ea4036c43592be5b6893bb61cdfaf0","True","unknown","unknown"
"core","room/room_transport_sink_test.go","test_fixture","room","483","dbbf132a0da74093b5936c73dfc0edb9bcff034e","True","1","False","","","","unknown","unknown","unknown"
"core","room/sweep_interval_promises_test.go","test_fixture","room","67","dbbf132a0da74093b5936c73dfc0edb9bcff034e","False","0","False","","","","unknown","unknown","unknown"
"core","safemap/bench_test.go","test_fixture","safemap","31","dbbf132a0da74093b5936c73dfc0edb9bcff034e","False","0","False","","","","unknown","unknown","unknown"
"core","safemap/fast.go","primary","safemap","224","dbbf132a0da74093b5936c73dfc0edb9bcff034e","False","0","False","","","","unknown","unknown","unknown"
"core","safemap/hash.go","primary","safemap","74","dbbf132a0da74093b5936c73dfc0edb9bcff034e","False","0","False","","","","unknown","unknown","unknown"
"core","safemap/map.go","primary","safemap","22","dbbf132a0da74093b5936c73dfc0edb9bcff034e","False","0","False","","","","unknown","unknown","unknown"
"core","safemap/map_test.go","test_fixture","safemap","306","dbbf132a0da74093b5936c73dfc0edb9bcff034e","False","0","False","","","","unknown","unknown","unknown"
"core","safemap/sharded.go","primary","safemap","212","dbbf132a0da74093b5936c73dfc0edb9bcff034e","False","0","False","","","","unknown","unknown","unknown"
"core","safemap/small.go","primary","safemap","135","dbbf132a0da74093b5936c73dfc0edb9bcff034e","False","0","False","","","","unknown","unknown","unknown"
"core","saga/assembly.go","primary","saga","238","dbbf132a0da74093b5936c73dfc0edb9bcff034e","True","3","False","","","","unknown","unknown","unknown"
"core","saga/assembly_test.go","test_fixture","saga","93","dbbf132a0da74093b5936c73dfc0edb9bcff034e","False","0","False","","","","unknown","unknown","unknown"
"core","saga/command_consumer.go","primary","saga","388","dbbf132a0da74093b5936c73dfc0edb9bcff034e","False","0","False","","","","unknown","unknown","unknown"
"core","saga/command_consumer_test.go","test_fixture","saga","126","dbbf132a0da74093b5936c73dfc0edb9bcff034e","False","0","False","","","","unknown","unknown","unknown"
"core","saga/compensation_version_promises_test.go","test_fixture","saga","108","dbbf132a0da74093b5936c73dfc0edb9bcff034e","False","0","False","","","","unknown","unknown","unknown"
"core","saga/dataengine_step_benchmark_test.go","test_fixture","saga","44","dbbf132a0da74093b5936c73dfc0edb9bcff034e","False","0","False","","","","unknown","unknown","unknown"
"core","saga/dataengine_step_inbox.go","primary","saga","318","dbbf132a0da74093b5936c73dfc0edb9bcff034e","False","0","False","","","","unknown","unknown","unknown"
"core","saga/dataengine_step_inbox_test.go","test_fixture","saga","249","dbbf132a0da74093b5936c73dfc0edb9bcff034e","False","0","False","","","","unknown","unknown","unknown"
"core","saga/digest_promises_test.go","test_fixture","saga","105","dbbf132a0da74093b5936c73dfc0edb9bcff034e","False","0","False","","","","unknown","unknown","unknown"
"core","saga/engine.go","primary","saga","848","dbbf132a0da74093b5936c73dfc0edb9bcff034e","False","0","False","","","","unknown","unknown","unknown"
"core","saga/engine_promises_test.go","test_fixture","saga","139","dbbf132a0da74093b5936c73dfc0edb9bcff034e","False","0","False","","","","unknown","unknown","unknown"
"core","saga/engine_test.go","test_fixture","saga","702","dbbf132a0da74093b5936c73dfc0edb9bcff034e","False","0","False","","","","unknown","unknown","unknown"
"core","saga/errors.go","primary","saga","17","dbbf132a0da74093b5936c73dfc0edb9bcff034e","False","0","False","","","","unknown","unknown","unknown"
"core","saga/guards_promises_test.go","test_fixture","saga","69","dbbf132a0da74093b5936c73dfc0edb9bcff034e","False","0","False","","","","unknown","unknown","unknown"
"core","saga/jetstream.go","primary","saga","163","dbbf132a0da74093b5936c73dfc0edb9bcff034e","True","1","False","","","","unknown","unknown","unknown"
"core","saga/mongo_store.go","primary","saga","522","dbbf132a0da74093b5936c73dfc0edb9bcff034e","False","0","False","","","","unknown","unknown","unknown"
"core","saga/nest.go","primary","saga","160","dbbf132a0da74093b5936c73dfc0edb9bcff034e","True","1","False","","","","unknown","unknown","unknown"
"core","saga/nest_atomic_test.go","test_fixture","saga","124","dbbf132a0da74093b5936c73dfc0edb9bcff034e","False","0","False","","","","unknown","unknown","unknown"
"core","saga/nest_start_consumer.go","primary","saga","119","dbbf132a0da74093b5936c73dfc0edb9bcff034e","False","0","False","","","","unknown","unknown","unknown"
"core","saga/nest_start_consumer_test.go","test_fixture","saga","107","dbbf132a0da74093b5936c73dfc0edb9bcff034e","False","0","False","","","","unknown","unknown","unknown"
"core","saga/promises_impl_test.go","test_fixture","saga","145","dbbf132a0da74093b5936c73dfc0edb9bcff034e","False","0","False","","","","unknown","unknown","unknown"
"core","saga/promises_test.go","test_fixture","saga","188","dbbf132a0da74093b5936c73dfc0edb9bcff034e","False","0","False","","","","unknown","unknown","unknown"
"core","saga/record.go","primary","saga","249","dbbf132a0da74093b5936c73dfc0edb9bcff034e","False","0","False","","","","unknown","unknown","unknown"
"core","saga/step_consumer_promises_test.go","test_fixture","saga","167","dbbf132a0da74093b5936c73dfc0edb9bcff034e","False","0","False","","","","unknown","unknown","unknown"
"core","saga/store.go","primary","saga","68","dbbf132a0da74093b5936c73dfc0edb9bcff034e","False","0","False","","","","unknown","unknown","unknown"
"core","security/payload_signature.go","primary","security","32","dbbf132a0da74093b5936c73dfc0edb9bcff034e","False","0","False","","","","unknown","unknown","unknown"
"core","security/ratelimit.go","primary","security","188","dbbf132a0da74093b5936c73dfc0edb9bcff034e","False","0","False","","","","unknown","unknown","unknown"
"core","security/ratelimit_test.go","test_fixture","security","137","dbbf132a0da74093b5936c73dfc0edb9bcff034e","False","0","False","","","","unknown","unknown","unknown"
"core","security/session_token.go","primary","security","126","dbbf132a0da74093b5936c73dfc0edb9bcff034e","False","0","False","","","","unknown","unknown","unknown"
"core","security/session_token_promises_test.go","test_fixture","security","84","dbbf132a0da74093b5936c73dfc0edb9bcff034e","False","0","False","","","","unknown","unknown","unknown"
"core","security/session_token_test.go","test_fixture","security","37","dbbf132a0da74093b5936c73dfc0edb9bcff034e","False","0","False","","","","unknown","unknown","unknown"
"core","service/mail/atomic_refusal_promises_test.go","test_fixture","service/mail","95","dbbf132a0da74093b5936c73dfc0edb9bcff034e","False","0","False","","","","unknown","unknown","unknown"
"core","service/mail/claim_identity_promises_test.go","test_fixture","service/mail","193","dbbf132a0da74093b5936c73dfc0edb9bcff034e","False","0","False","","","","unknown","unknown","unknown"
"core","service/mail/entry_guards_promises_test.go","test_fixture","service/mail","72","dbbf132a0da74093b5936c73dfc0edb9bcff034e","False","0","False","","","","unknown","unknown","unknown"
"core","service/mail/errcode_test.go","test_fixture","service/mail","209","dbbf132a0da74093b5936c73dfc0edb9bcff034e","False","0","False","","","","unknown","unknown","unknown"
"core","service/mail/fake_envelopes_test.go","test_fixture","service/mail","89","dbbf132a0da74093b5936c73dfc0edb9bcff034e","False","0","False","","","","unknown","unknown","unknown"
"core","service/mail/get_consistency_promises_test.go","test_fixture","service/mail","50","dbbf132a0da74093b5936c73dfc0edb9bcff034e","False","0","False","","","","unknown","unknown","unknown"
"core","service/mail/mail.go","primary","service/mail","73","dbbf132a0da74093b5936c73dfc0edb9bcff034e","False","0","False","","","","unknown","unknown","unknown"
"core","service/mail/mail_rpc_gen.go","generated","service/mail","550","dbbf132a0da74093b5936c73dfc0edb9bcff034e","False","0","False","","","","unknown","unknown","unknown"
"core","service/mail/mail_test.go","test_fixture","service/mail","1119","dbbf132a0da74093b5936c73dfc0edb9bcff034e","True","1","False","","","","unknown","unknown","unknown"
"core","service/mail/mailbox.go","primary","service/mail","322","dbbf132a0da74093b5936c73dfc0edb9bcff034e","True","6","False","","","","unknown","unknown","unknown"
"core","service/mail/redis_guards_promises_test.go","test_fixture","service/mail","41","dbbf132a0da74093b5936c73dfc0edb9bcff034e","False","0","False","","","","unknown","unknown","unknown"
"core","service/mail/redis_integration_test.go","test_fixture","service/mail","284","dbbf132a0da74093b5936c73dfc0edb9bcff034e","False","0","False","","","","unknown","unknown","unknown"
"core","service/mail/redis_store.go","primary","service/mail","274","dbbf132a0da74093b5936c73dfc0edb9bcff034e","False","0","False","","","","unknown","unknown","unknown"
"core","service/mail/redis_store_test.go","test_fixture","service/mail","350","dbbf132a0da74093b5936c73dfc0edb9bcff034e","False","0","False","","","","unknown","unknown","unknown"
"core","service/mail/rpc_test.go","test_fixture","service/mail","535","dbbf132a0da74093b5936c73dfc0edb9bcff034e","False","0","False","","","","unknown","unknown","unknown"
"core","service/mail/send_race_promises_test.go","test_fixture","service/mail","76","dbbf132a0da74093b5936c73dfc0edb9bcff034e","False","0","False","","","","unknown","unknown","unknown"
"core","service/mail/service.go","primary","service/mail","978","dbbf132a0da74093b5936c73dfc0edb9bcff034e","True","5","False","","","","unknown","unknown","unknown"
"core","service/mail/settled_claim_retention_promises_test.go","test_fixture","service/mail","240","dbbf132a0da74093b5936c73dfc0edb9bcff034e","False","0","False","","","","unknown","unknown","unknown"
"core","service/mail/store.go","primary","service/mail","84","dbbf132a0da74093b5936c73dfc0edb9bcff034e","False","0","False","","","","unknown","unknown","unknown"
"core","service/mail/types.go","primary","service/mail","357","dbbf132a0da74093b5936c73dfc0edb9bcff034e","True","1","False","","","","unknown","unknown","unknown"
"core","service/mail/validate_promises_test.go","test_fixture","service/mail","59","dbbf132a0da74093b5936c73dfc0edb9bcff034e","False","0","False","","","","unknown","unknown","unknown"
"core","service/match/commit_promises_test.go","test_fixture","service/match","84","dbbf132a0da74093b5936c73dfc0edb9bcff034e","False","0","False","","","","unknown","unknown","unknown"
"core","service/match/enqueue_request_owner_promises_test.go","test_fixture","service/match","66","dbbf132a0da74093b5936c73dfc0edb9bcff034e","False","0","False","","","","unknown","unknown","unknown"
"core","service/match/errcode_test.go","test_fixture","service/match","163","dbbf132a0da74093b5936c73dfc0edb9bcff034e","False","0","False","","","","unknown","unknown","unknown"
"core","service/match/grouping.go","primary","service/match","145","dbbf132a0da74093b5936c73dfc0edb9bcff034e","True","2","False","","","","unknown","unknown","unknown"
"core","service/match/match_rpc.go","primary","service/match","74","dbbf132a0da74093b5936c73dfc0edb9bcff034e","False","0","False","","","","unknown","unknown","unknown"
"core","service/match/match_test.go","test_fixture","service/match","839","dbbf132a0da74093b5936c73dfc0edb9bcff034e","False","0","False","","","","unknown","unknown","unknown"
"core","service/match/matchmaker_rpc_gen.go","generated","service/match","551","dbbf132a0da74093b5936c73dfc0edb9bcff034e","False","0","False","","","","unknown","unknown","unknown"
"core","service/match/queue_key_collision_promises_test.go","test_fixture","service/match","73","dbbf132a0da74093b5936c73dfc0edb9bcff034e","False","0","False","","","","unknown","unknown","unknown"
"core","service/match/queue_store.go","primary","service/match","557","dbbf132a0da74093b5936c73dfc0edb9bcff034e","True","6","False","","","","unknown","unknown","unknown"
"core","service/match/read_guards_promises_test.go","test_fixture","service/match","117","dbbf132a0da74093b5936c73dfc0edb9bcff034e","False","0","False","","","","unknown","unknown","unknown"
"core","service/match/redis_store.go","primary","service/match","39","dbbf132a0da74093b5936c73dfc0edb9bcff034e","True","1","False","","","","unknown","unknown","unknown"
"core","service/match/result_ownership_promises_test.go","test_fixture","service/match","112","dbbf132a0da74093b5936c73dfc0edb9bcff034e","False","0","False","","","","unknown","unknown","unknown"
"core","service/match/score_window_overflow_promises_test.go","test_fixture","service/match","81","dbbf132a0da74093b5936c73dfc0edb9bcff034e","False","0","False","","","","unknown","unknown","unknown"
"core","service/match/store.go","primary","service/match","87","dbbf132a0da74093b5936c73dfc0edb9bcff034e","True","3","False","","","","unknown","unknown","unknown"
"core","service/match/sweep_failure_promises_test.go","test_fixture","service/match","46","dbbf132a0da74093b5936c73dfc0edb9bcff034e","False","0","False","","","","unknown","unknown","unknown"
"core","service/match/types.go","primary","service/match","341","dbbf132a0da74093b5936c73dfc0edb9bcff034e","True","1","False","","","","unknown","unknown","unknown"
"core","service/session/admin.go","primary","service/session","149","dbbf132a0da74093b5936c73dfc0edb9bcff034e","False","0","False","","","","unknown","unknown","unknown"
"core","service/session/admin_test.go","test_fixture","service/session","361","dbbf132a0da74093b5936c73dfc0edb9bcff034e","False","0","False","","","","unknown","unknown","unknown"
"core","service/session/enter_collision_cleanup_promises_test.go","test_fixture","service/session","135","dbbf132a0da74093b5936c73dfc0edb9bcff034e","False","0","False","","","","unknown","unknown","unknown"
"core","service/session/enter_ledger_collision_promises_test.go","test_fixture","service/session","80","dbbf132a0da74093b5936c73dfc0edb9bcff034e","False","0","False","","","","unknown","unknown","unknown"
"core","service/session/errcode_test.go","test_fixture","service/session","167","dbbf132a0da74093b5936c73dfc0edb9bcff034e","False","0","False","","","","unknown","unknown","unknown"
"core","service/session/guards_promises_test.go","test_fixture","service/session","132","dbbf132a0da74093b5936c73dfc0edb9bcff034e","False","0","False","","","","unknown","unknown","unknown"
"core","service/session/ledger_failure_test.go","test_fixture","service/session","68","dbbf132a0da74093b5936c73dfc0edb9bcff034e","True","1","False","","","","unknown","unknown","unknown"
"core","service/session/redis_store.go","primary","service/session","97","dbbf132a0da74093b5936c73dfc0edb9bcff034e","False","0","False","","","","unknown","unknown","unknown"
"core","service/session/service.go","primary","service/session","817","dbbf132a0da74093b5936c73dfc0edb9bcff034e","True","10","False","","","","unknown","unknown","unknown"
"core","service/session/session_rpc.go","primary","service/session","49","dbbf132a0da74093b5936c73dfc0edb9bcff034e","True","3","False","","","","unknown","unknown","unknown"
"core","service/session/session_rpc_gen.go","generated","service/session","473","dbbf132a0da74093b5936c73dfc0edb9bcff034e","False","0","False","","","","unknown","unknown","unknown"
"core","service/session/session_test.go","test_fixture","service/session","864","dbbf132a0da74093b5936c73dfc0edb9bcff034e","True","2","False","","","","unknown","unknown","unknown"
"core","service/session/types.go","primary","service/session","371","dbbf132a0da74093b5936c73dfc0edb9bcff034e","False","0","False","","","","unknown","unknown","unknown"
"core","service/session/validate_promises_test.go","test_fixture","service/session","89","dbbf132a0da74093b5936c73dfc0edb9bcff034e","False","0","False","","","","unknown","unknown","unknown"
"core","servicemetrics/recorder.go","primary","servicemetrics","102","dbbf132a0da74093b5936c73dfc0edb9bcff034e","False","0","False","","","","unknown","unknown","unknown"
"core","servicemetrics/servicemetrics.go","primary","servicemetrics","102","dbbf132a0da74093b5936c73dfc0edb9bcff034e","False","0","False","","","","unknown","unknown","unknown"
"core","servicemetrics/servicemetrics_test.go","test_fixture","servicemetrics","195","dbbf132a0da74093b5936c73dfc0edb9bcff034e","False","0","False","","","","unknown","unknown","unknown"
"core","servicerpc/affinity.go","primary","servicerpc","95","dbbf132a0da74093b5936c73dfc0edb9bcff034e","False","0","False","","","","unknown","unknown","unknown"
"core","servicerpc/client.go","primary","servicerpc","216","dbbf132a0da74093b5936c73dfc0edb9bcff034e","False","0","False","","","","unknown","unknown","unknown"
"core","servicerpc/guards_promises_test.go","test_fixture","servicerpc","46","dbbf132a0da74093b5936c73dfc0edb9bcff034e","False","0","False","","","","unknown","unknown","unknown"
"core","servicerpc/servicerpc_test.go","test_fixture","servicerpc","230","dbbf132a0da74093b5936c73dfc0edb9bcff034e","False","0","False","","","","unknown","unknown","unknown"
"core","servicerpc/status.go","primary","servicerpc","32","dbbf132a0da74093b5936c73dfc0edb9bcff034e","False","0","False","","","","unknown","unknown","unknown"
"core","skill/ability_test.go","test_fixture","skill","463","dbbf132a0da74093b5936c73dfc0edb9bcff034e","False","0","False","","","","unknown","unknown","unknown"
"core","skill/acceptance_test.go","test_fixture","skill","168","dbbf132a0da74093b5936c73dfc0edb9bcff034e","False","0","False","","","","unknown","unknown","unknown"
"core","skill/area_test.go","test_fixture","skill","390","dbbf132a0da74093b5936c73dfc0edb9bcff034e","False","0","False","","","","unknown","unknown","unknown"
"core","skill/canonical_definition.go","primary","skill","33","dbbf132a0da74093b5936c73dfc0edb9bcff034e","False","0","False","","","","unknown","unknown","unknown"
"core","skill/combat/attributes.go","primary","skill/combat","228","dbbf132a0da74093b5936c73dfc0edb9bcff034e","False","0","False","","","","unknown","unknown","unknown"
"core","skill/combat/buffs.go","primary","skill/combat","400","dbbf132a0da74093b5936c73dfc0edb9bcff034e","False","0","False","","","","unknown","unknown","unknown"
"core","skill/combat/combat.go","primary","skill/combat","83","dbbf132a0da74093b5936c73dfc0edb9bcff034e","False","0","False","","","","unknown","unknown","unknown"
"core","skill/combat/combat_test.go","test_fixture","skill/combat","341","dbbf132a0da74093b5936c73dfc0edb9bcff034e","False","0","False","","","","unknown","unknown","unknown"
"core","skill/combat/damage.go","primary","skill/combat","288","dbbf132a0da74093b5936c73dfc0edb9bcff034e","False","0","False","","","","unknown","unknown","unknown"
"core","skill/combat/roll.go","primary","skill/combat","50","dbbf132a0da74093b5936c73dfc0edb9bcff034e","False","0","False","","","","unknown","unknown","unknown"
"core","skill/combat_test.go","test_fixture","skill","83","dbbf132a0da74093b5936c73dfc0edb9bcff034e","False","0","False","","","","unknown","unknown","unknown"
"core","skill/combatcomponent/adapter.go","primary","skill/combatcomponent","355","dbbf132a0da74093b5936c73dfc0edb9bcff034e","False","0","False","","","","unknown","unknown","unknown"
"core","skill/combatcomponent/adapter_test.go","test_fixture","skill/combatcomponent","162","dbbf132a0da74093b5936c73dfc0edb9bcff034e","False","0","False","","","","unknown","unknown","unknown"
"core","skill/combatcomponent/component.go","primary","skill/combatcomponent","429","dbbf132a0da74093b5936c73dfc0edb9bcff034e","False","0","False","","","","unknown","unknown","unknown"
"core","skill/combatcomponent/component_test.go","test_fixture","skill/combatcomponent","315","dbbf132a0da74093b5936c73dfc0edb9bcff034e","False","0","False","","","","unknown","unknown","unknown"
"core","skill/combatcomponent/guards_promises_test.go","test_fixture","skill/combatcomponent","135","dbbf132a0da74093b5936c73dfc0edb9bcff034e","False","0","False","","","","unknown","unknown","unknown"
"core","skill/combatcomponent/resource_promises_test.go","test_fixture","skill/combatcomponent","92","dbbf132a0da74093b5936c73dfc0edb9bcff034e","False","0","False","","","","unknown","unknown","unknown"
"core","skill/combatcomponent/status_bridge.go","primary","skill/combatcomponent","494","dbbf132a0da74093b5936c73dfc0edb9bcff034e","False","0","False","","","","unknown","unknown","unknown"
"core","skill/combatcomponent/status_bridge_test.go","test_fixture","skill/combatcomponent","269","dbbf132a0da74093b5936c73dfc0edb9bcff034e","False","0","False","","","","unknown","unknown","unknown"
"core","skill/compile.go","primary","skill","70","dbbf132a0da74093b5936c73dfc0edb9bcff034e","False","0","False","","","","unknown","unknown","unknown"
"core","skill/compile_ability.go","primary","skill","182","dbbf132a0da74093b5936c73dfc0edb9bcff034e","False","0","False","","","","unknown","unknown","unknown"
"core","skill/compile_authority.go","primary","skill","470","dbbf132a0da74093b5936c73dfc0edb9bcff034e","False","0","False","","","","unknown","unknown","unknown"
"core","skill/compile_authority_test.go","test_fixture","skill","163","dbbf132a0da74093b5936c73dfc0edb9bcff034e","False","0","False","","","","unknown","unknown","unknown"
"core","skill/compile_budget.go","primary","skill","200","dbbf132a0da74093b5936c73dfc0edb9bcff034e","False","0","False","","","","unknown","unknown","unknown"
"core","skill/compile_budget_test.go","test_fixture","skill","19","dbbf132a0da74093b5936c73dfc0edb9bcff034e","False","0","False","","","","unknown","unknown","unknown"
"core","skill/compile_capability.go","primary","skill","83","dbbf132a0da74093b5936c73dfc0edb9bcff034e","False","0","False","","","","unknown","unknown","unknown"
"core","skill/compile_context.go","primary","skill","199","dbbf132a0da74093b5936c73dfc0edb9bcff034e","False","0","False","","","","unknown","unknown","unknown"
"core","skill/compile_effect_result.go","primary","skill","106","dbbf132a0da74093b5936c73dfc0edb9bcff034e","False","0","False","","","","unknown","unknown","unknown"
"core","skill/compile_environment.go","primary","skill","430","dbbf132a0da74093b5936c73dfc0edb9bcff034e","False","0","False","","","","unknown","unknown","unknown"
"core","skill/compile_graph.go","primary","skill","98","dbbf132a0da74093b5936c73dfc0edb9bcff034e","False","0","False","","","","unknown","unknown","unknown"
"core","skill/compile_graph_test.go","test_fixture","skill","31","dbbf132a0da74093b5936c73dfc0edb9bcff034e","False","0","False","","","","unknown","unknown","unknown"
"core","skill/compile_identity.go","primary","skill","18","dbbf132a0da74093b5936c73dfc0edb9bcff034e","False","0","False","","","","unknown","unknown","unknown"
"core","skill/compile_input.go","primary","skill","99","dbbf132a0da74093b5936c73dfc0edb9bcff034e","False","0","False","","","","unknown","unknown","unknown"
"core","skill/compile_lifetime.go","primary","skill","178","dbbf132a0da74093b5936c73dfc0edb9bcff034e","False","0","False","","","","unknown","unknown","unknown"
"core","skill/compile_lifetime_test.go","test_fixture","skill","29","dbbf132a0da74093b5936c73dfc0edb9bcff034e","False","0","False","","","","unknown","unknown","unknown"
"core","skill/compile_memory.go","primary","skill","171","dbbf132a0da74093b5936c73dfc0edb9bcff034e","False","0","False","","","","unknown","unknown","unknown"
"core","skill/compile_memory_test.go","test_fixture","skill","33","dbbf132a0da74093b5936c73dfc0edb9bcff034e","False","0","False","","","","unknown","unknown","unknown"
"core","skill/compile_motion.go","primary","skill","396","dbbf132a0da74093b5936c73dfc0edb9bcff034e","False","0","False","","","","unknown","unknown","unknown"
"core","skill/compile_normalize.go","primary","skill","526","dbbf132a0da74093b5936c73dfc0edb9bcff034e","False","0","False","","","","unknown","unknown","unknown"
"core","skill/compile_optional.go","primary","skill","11","dbbf132a0da74093b5936c73dfc0edb9bcff034e","False","0","False","","","","unknown","unknown","unknown"
"core","skill/compile_owned_entity.go","primary","skill","278","dbbf132a0da74093b5936c73dfc0edb9bcff034e","False","0","False","","","","unknown","unknown","unknown"
"core","skill/compile_proc.go","primary","skill","75","dbbf132a0da74093b5936c73dfc0edb9bcff034e","False","0","False","","","","unknown","unknown","unknown"
"core","skill/compile_proc_test.go","test_fixture","skill","56","dbbf132a0da74093b5936c73dfc0edb9bcff034e","False","0","False","","","","unknown","unknown","unknown"
"core","skill/compile_quantity.go","primary","skill","10","dbbf132a0da74093b5936c73dfc0edb9bcff034e","False","0","False","","","","unknown","unknown","unknown"
"core","skill/compile_random.go","primary","skill","52","dbbf132a0da74093b5936c73dfc0edb9bcff034e","False","0","False","","","","unknown","unknown","unknown"
"core","skill/compile_random_test.go","test_fixture","skill","19","dbbf132a0da74093b5936c73dfc0edb9bcff034e","False","0","False","","","","unknown","unknown","unknown"
"core","skill/compile_shape.go","primary","skill","98","dbbf132a0da74093b5936c73dfc0edb9bcff034e","False","0","False","","","","unknown","unknown","unknown"
"core","skill/compile_shape_test.go","test_fixture","skill","50","dbbf132a0da74093b5936c73dfc0edb9bcff034e","False","0","False","","","","unknown","unknown","unknown"
"core","skill/compile_snapshot.go","primary","skill","41","dbbf132a0da74093b5936c73dfc0edb9bcff034e","False","0","False","","","","unknown","unknown","unknown"
"core","skill/compile_snapshot_test.go","test_fixture","skill","23","dbbf132a0da74093b5936c73dfc0edb9bcff034e","False","0","False","","","","unknown","unknown","unknown"
"core","skill/compile_state.go","primary","skill","221","dbbf132a0da74093b5936c73dfc0edb9bcff034e","False","0","False","","","","unknown","unknown","unknown"
"core","skill/compile_status.go","primary","skill","130","dbbf132a0da74093b5936c73dfc0edb9bcff034e","False","0","False","","","","unknown","unknown","unknown"
"core","skill/compile_tags.go","primary","skill","95","dbbf132a0da74093b5936c73dfc0edb9bcff034e","False","0","False","","","","unknown","unknown","unknown"
"core","skill/compile_tags_test.go","test_fixture","skill","41","dbbf132a0da74093b5936c73dfc0edb9bcff034e","False","0","False","","","","unknown","unknown","unknown"
"core","skill/compile_temporal.go","primary","skill","30","dbbf132a0da74093b5936c73dfc0edb9bcff034e","False","0","False","","","","unknown","unknown","unknown"
"core","skill/compile_typecheck.go","primary","skill","823","dbbf132a0da74093b5936c73dfc0edb9bcff034e","False","0","False","","","","unknown","unknown","unknown"
"core","skill/compile_typecheck_test.go","test_fixture","skill","45","dbbf132a0da74093b5936c73dfc0edb9bcff034e","False","0","False","","","","unknown","unknown","unknown"
"core","skill/compile_visual.go","primary","skill","168","dbbf132a0da74093b5936c73dfc0edb9bcff034e","False","0","False","","","","unknown","unknown","unknown"
"core","skill/completed_order_checkpoint_promises_test.go","test_fixture","skill","144","dbbf132a0da74093b5936c73dfc0edb9bcff034e","False","0","False","","","","unknown","unknown","unknown"
"core","skill/diagnostic.go","primary","skill","57","dbbf132a0da74093b5936c73dfc0edb9bcff034e","False","0","False","","","","unknown","unknown","unknown"
"core","skill/doc.go","primary","skill","17","dbbf132a0da74093b5936c73dfc0edb9bcff034e","False","0","False","","","","unknown","unknown","unknown"
"core","skill/effect_result_test.go","test_fixture","skill","332","dbbf132a0da74093b5936c73dfc0edb9bcff034e","False","0","False","","","","unknown","unknown","unknown"
"core","skill/environment_kinds.go","primary","skill","41","dbbf132a0da74093b5936c73dfc0edb9bcff034e","False","0","False","","","","unknown","unknown","unknown"
"core","skill/examples/combat/main.go","example_demo","skill/examples/combat","40","dbbf132a0da74093b5936c73dfc0edb9bcff034e","False","0","False","","","","unknown","unknown","unknown"
"core","skill/examples/fireball/main.go","example_demo","skill/examples/fireball","101","dbbf132a0da74093b5936c73dfc0edb9bcff034e","False","0","False","","","","unknown","unknown","unknown"
"core","skill/examples/statusbridge/main.go","example_demo","skill/examples/statusbridge","91","dbbf132a0da74093b5936c73dfc0edb9bcff034e","False","0","False","","","","unknown","unknown","unknown"
"core","skill/executor.go","primary","skill","326","dbbf132a0da74093b5936c73dfc0edb9bcff034e","False","0","False","","","","unknown","unknown","unknown"
"core","skill/executor_flow_promises_test.go","test_fixture","skill","139","dbbf132a0da74093b5936c73dfc0edb9bcff034e","False","0","False","","","","unknown","unknown","unknown"
"core","skill/executor_promises_test.go","test_fixture","skill","66","dbbf132a0da74093b5936c73dfc0edb9bcff034e","False","0","False","","","","unknown","unknown","unknown"
"core","skill/fixed_math.go","primary","skill","167","dbbf132a0da74093b5936c73dfc0edb9bcff034e","False","0","False","","","","unknown","unknown","unknown"
"core","skill/fixed_math_test.go","test_fixture","skill","151","dbbf132a0da74093b5936c73dfc0edb9bcff034e","False","0","False","","","","unknown","unknown","unknown"
"core","skill/fuzz_test.go","test_fixture","skill","45","dbbf132a0da74093b5936c73dfc0edb9bcff034e","False","0","False","","","","unknown","unknown","unknown"
"core","skill/generated.go","primary","skill","18","dbbf132a0da74093b5936c73dfc0edb9bcff034e","False","0","False","","","","unknown","unknown","unknown"
"core","skill/host.go","primary","skill","224","dbbf132a0da74093b5936c73dfc0edb9bcff034e","False","0","False","","","","unknown","unknown","unknown"
"core","skill/host_combat.go","primary","skill","148","dbbf132a0da74093b5936c73dfc0edb9bcff034e","False","0","False","","","","unknown","unknown","unknown"
"core","skill/host_command.go","primary","skill","161","dbbf132a0da74093b5936c73dfc0edb9bcff034e","False","0","False","","","","unknown","unknown","unknown"
"core","skill/host_event.go","primary","skill","35","dbbf132a0da74093b5936c73dfc0edb9bcff034e","False","0","False","","","","unknown","unknown","unknown"
"core","skill/host_owned_entity.go","primary","skill","73","dbbf132a0da74093b5936c73dfc0edb9bcff034e","False","0","False","","","","unknown","unknown","unknown"
"core","skill/host_process.go","primary","skill","77","dbbf132a0da74093b5936c73dfc0edb9bcff034e","False","0","False","","","","unknown","unknown","unknown"
"core","skill/host_revision.go","primary","skill","52","dbbf132a0da74093b5936c73dfc0edb9bcff034e","False","0","False","","","","unknown","unknown","unknown"
"core","skill/host_state.go","primary","skill","77","dbbf132a0da74093b5936c73dfc0edb9bcff034e","False","0","False","","","","unknown","unknown","unknown"
"core","skill/host_status.go","primary","skill","58","dbbf132a0da74093b5936c73dfc0edb9bcff034e","False","0","False","","","","unknown","unknown","unknown"
"core","skill/host_temporal.go","primary","skill","24","dbbf132a0da74093b5936c73dfc0edb9bcff034e","False","0","False","","","","unknown","unknown","unknown"
"core","skill/host_value.go","primary","skill","25","dbbf132a0da74093b5936c73dfc0edb9bcff034e","False","0","False","","","","unknown","unknown","unknown"
"core","skill/identity_test.go","test_fixture","skill","76","dbbf132a0da74093b5936c73dfc0edb9bcff034e","False","0","False","","","","unknown","unknown","unknown"
"core","skill/input_test.go","test_fixture","skill","547","dbbf132a0da74093b5936c73dfc0edb9bcff034e","False","0","False","","","","unknown","unknown","unknown"
"core","skill/inspect.go","primary","skill","449","dbbf132a0da74093b5936c73dfc0edb9bcff034e","False","0","False","","","","unknown","unknown","unknown"
"core","skill/inspect_test.go","test_fixture","skill","23","dbbf132a0da74093b5936c73dfc0edb9bcff034e","False","0","False","","","","unknown","unknown","unknown"
"core","skill/integration/sync-e2e/e2e_test.go","test_fixture","skill/integration/sync-e2e","154","dbbf132a0da74093b5936c73dfc0edb9bcff034e","False","0","False","","","","unknown","unknown","unknown"
"core","skill/integration/sync-e2e/soak_test.go","test_fixture","skill/integration/sync-e2e","67","dbbf132a0da74093b5936c73dfc0edb9bcff034e","False","0","False","","","","unknown","unknown","unknown"
"core","skill/ir.go","primary","skill","212","dbbf132a0da74093b5936c73dfc0edb9bcff034e","False","0","False","","","","unknown","unknown","unknown"
"core","skill/ir_ability.go","primary","skill","49","dbbf132a0da74093b5936c73dfc0edb9bcff034e","False","0","False","","","","unknown","unknown","unknown"
"core","skill/ir_combat.go","primary","skill","25","dbbf132a0da74093b5936c73dfc0edb9bcff034e","False","0","False","","","","unknown","unknown","unknown"
"core","skill/ir_effect.go","primary","skill","203","dbbf132a0da74093b5936c73dfc0edb9bcff034e","False","0","False","","","","unknown","unknown","unknown"
"core","skill/ir_effect_result.go","primary","skill","14","dbbf132a0da74093b5936c73dfc0edb9bcff034e","False","0","False","","","","unknown","unknown","unknown"
"core","skill/ir_event.go","primary","skill","77","dbbf132a0da74093b5936c73dfc0edb9bcff034e","False","0","False","","","","unknown","unknown","unknown"
"core","skill/ir_flow.go","primary","skill","145","dbbf132a0da74093b5936c73dfc0edb9bcff034e","False","0","False","","","","unknown","unknown","unknown"
"core","skill/ir_input.go","primary","skill","29","dbbf132a0da74093b5936c73dfc0edb9bcff034e","False","0","False","","","","unknown","unknown","unknown"
"core","skill/ir_motion.go","primary","skill","153","dbbf132a0da74093b5936c73dfc0edb9bcff034e","False","0","False","","","","unknown","unknown","unknown"
"core","skill/ir_numeric.go","primary","skill","28","dbbf132a0da74093b5936c73dfc0edb9bcff034e","False","0","False","","","","unknown","unknown","unknown"
"core","skill/ir_owned_entity.go","primary","skill","87","dbbf132a0da74093b5936c73dfc0edb9bcff034e","False","0","False","","","","unknown","unknown","unknown"
"core","skill/ir_select.go","primary","skill","234","dbbf132a0da74093b5936c73dfc0edb9bcff034e","False","0","False","","","","unknown","unknown","unknown"
"core","skill/ir_state.go","primary","skill","31","dbbf132a0da74093b5936c73dfc0edb9bcff034e","False","0","False","","","","unknown","unknown","unknown"
"core","skill/ir_status.go","primary","skill","37","dbbf132a0da74093b5936c73dfc0edb9bcff034e","False","0","False","","","","unknown","unknown","unknown"
"core","skill/ir_temporal.go","primary","skill","27","dbbf132a0da74093b5936c73dfc0edb9bcff034e","False","0","False","","","","unknown","unknown","unknown"
"core","skill/ir_visit.go","primary","skill","176","dbbf132a0da74093b5936c73dfc0edb9bcff034e","False","0","False","","","","unknown","unknown","unknown"
"core","skill/lower.go","primary","skill","954","dbbf132a0da74093b5936c73dfc0edb9bcff034e","False","0","False","","","","unknown","unknown","unknown"
"core","skill/lower_test.go","test_fixture","skill","57","dbbf132a0da74093b5936c73dfc0edb9bcff034e","False","0","False","","","","unknown","unknown","unknown"
"core","skill/memory_host.go","primary","skill","497","dbbf132a0da74093b5936c73dfc0edb9bcff034e","False","0","False","","","","unknown","unknown","unknown"
"core","skill/memory_host_combat.go","primary","skill","299","dbbf132a0da74093b5936c73dfc0edb9bcff034e","False","0","False","","","","unknown","unknown","unknown"
"core","skill/memory_host_effect.go","primary","skill","161","dbbf132a0da74093b5936c73dfc0edb9bcff034e","False","0","False","","","","unknown","unknown","unknown"
"core","skill/memory_host_motion.go","primary","skill","42","dbbf132a0da74093b5936c73dfc0edb9bcff034e","False","0","False","","","","unknown","unknown","unknown"
"core","skill/memory_host_owned_entity.go","primary","skill","461","dbbf132a0da74093b5936c73dfc0edb9bcff034e","False","0","False","","","","unknown","unknown","unknown"
"core","skill/memory_host_process.go","primary","skill","53","dbbf132a0da74093b5936c73dfc0edb9bcff034e","False","0","False","","","","unknown","unknown","unknown"
"core","skill/memory_host_promises_test.go","test_fixture","skill","49","dbbf132a0da74093b5936c73dfc0edb9bcff034e","False","0","False","","","","unknown","unknown","unknown"
"core","skill/memory_host_select.go","primary","skill","435","dbbf132a0da74093b5936c73dfc0edb9bcff034e","False","0","False","","","","unknown","unknown","unknown"
"core","skill/memory_host_state.go","primary","skill","220","dbbf132a0da74093b5936c73dfc0edb9bcff034e","False","0","False","","","","unknown","unknown","unknown"
"core","skill/memory_host_status.go","primary","skill","546","dbbf132a0da74093b5936c73dfc0edb9bcff034e","False","0","False","","","","unknown","unknown","unknown"
"core","skill/memory_host_temporal.go","primary","skill","242","dbbf132a0da74093b5936c73dfc0edb9bcff034e","False","0","False","","","","unknown","unknown","unknown"
"core","skill/memory_host_test.go","test_fixture","skill","102","dbbf132a0da74093b5936c73dfc0edb9bcff034e","False","0","False","","","","unknown","unknown","unknown"
"core","skill/motion_test.go","test_fixture","skill","1068","dbbf132a0da74093b5936c73dfc0edb9bcff034e","False","0","False","","","","unknown","unknown","unknown"
"core","skill/normalize_test.go","test_fixture","skill","181","dbbf132a0da74093b5936c73dfc0edb9bcff034e","False","0","False","","","","unknown","unknown","unknown"
"core","skill/numeric_test.go","test_fixture","skill","561","dbbf132a0da74093b5936c73dfc0edb9bcff034e","False","0","False","","","","unknown","unknown","unknown"
"core","skill/optional_test.go","test_fixture","skill","16","dbbf132a0da74093b5936c73dfc0edb9bcff034e","False","0","False","","","","unknown","unknown","unknown"
"core","skill/owned_entity_test.go","test_fixture","skill","749","dbbf132a0da74093b5936c73dfc0edb9bcff034e","False","0","False","","","","unknown","unknown","unknown"
"core","skill/parse.go","primary","skill","309","dbbf132a0da74093b5936c73dfc0edb9bcff034e","False","0","False","","","","unknown","unknown","unknown"
"core","skill/parse_duplicate.go","primary","skill","124","dbbf132a0da74093b5936c73dfc0edb9bcff034e","False","0","False","","","","unknown","unknown","unknown"
"core","skill/parse_test.go","test_fixture","skill","197","dbbf132a0da74093b5936c73dfc0edb9bcff034e","False","0","False","","","","unknown","unknown","unknown"
"core","skill/presentation.go","primary","skill","258","dbbf132a0da74093b5936c73dfc0edb9bcff034e","False","0","False","","","","unknown","unknown","unknown"
"core","skill/presentation_asset_cache.go","primary","skill","470","dbbf132a0da74093b5936c73dfc0edb9bcff034e","False","0","False","","","","unknown","unknown","unknown"
"core","skill/presentation_asset_cache_test.go","test_fixture","skill","206","dbbf132a0da74093b5936c73dfc0edb9bcff034e","False","0","False","","","","unknown","unknown","unknown"
"core","skill/presentation_assets.go","primary","skill","105","dbbf132a0da74093b5936c73dfc0edb9bcff034e","False","0","False","","","","unknown","unknown","unknown"
"core","skill/presentation_assets_test.go","test_fixture","skill","49","dbbf132a0da74093b5936c73dfc0edb9bcff034e","False","0","False","","","","unknown","unknown","unknown"
"core","skill/presentation_recovery.go","primary","skill","82","dbbf132a0da74093b5936c73dfc0edb9bcff034e","False","0","False","","","","unknown","unknown","unknown"
"core","skill/presentation_test.go","test_fixture","skill","115","dbbf132a0da74093b5936c73dfc0edb9bcff034e","False","0","False","","","","unknown","unknown","unknown"
"core","skill/process.go","primary","skill","316","dbbf132a0da74093b5936c73dfc0edb9bcff034e","True","1","False","","","","unknown","unknown","unknown"
"core","skill/process_area.go","primary","skill","127","dbbf132a0da74093b5936c73dfc0edb9bcff034e","False","0","False","","","","unknown","unknown","unknown"
"core","skill/process_motion.go","primary","skill","523","dbbf132a0da74093b5936c73dfc0edb9bcff034e","False","0","False","","","","unknown","unknown","unknown"
"core","skill/process_numeric.go","primary","skill","413","dbbf132a0da74093b5936c73dfc0edb9bcff034e","False","0","False","","","","unknown","unknown","unknown"
"core","skill/process_owned.go","primary","skill","555","dbbf132a0da74093b5936c73dfc0edb9bcff034e","False","0","False","","","","unknown","unknown","unknown"
"core","skill/process_test.go","test_fixture","skill","57","dbbf132a0da74093b5936c73dfc0edb9bcff034e","False","0","False","","","","unknown","unknown","unknown"
"core","skill/production_limits_test.go","test_fixture","skill","70","dbbf132a0da74093b5936c73dfc0edb9bcff034e","False","0","False","","","","unknown","unknown","unknown"
"core","skill/program.go","primary","skill","245","dbbf132a0da74093b5936c73dfc0edb9bcff034e","False","0","False","","","","unknown","unknown","unknown"
"core","skill/program_ability.go","primary","skill","45","dbbf132a0da74093b5936c73dfc0edb9bcff034e","False","0","False","","","","unknown","unknown","unknown"
"core","skill/program_combat.go","primary","skill","140","dbbf132a0da74093b5936c73dfc0edb9bcff034e","False","0","False","","","","unknown","unknown","unknown"
"core","skill/program_digest.go","primary","skill","373","dbbf132a0da74093b5936c73dfc0edb9bcff034e","False","0","False","","","","unknown","unknown","unknown"
"core","skill/program_effect_result.go","primary","skill","144","dbbf132a0da74093b5936c73dfc0edb9bcff034e","False","0","False","","","","unknown","unknown","unknown"
"core","skill/program_event.go","primary","skill","19","dbbf132a0da74093b5936c73dfc0edb9bcff034e","False","0","False","","","","unknown","unknown","unknown"
"core","skill/program_identity.go","primary","skill","25","dbbf132a0da74093b5936c73dfc0edb9bcff034e","False","0","False","","","","unknown","unknown","unknown"
"core","skill/program_input.go","primary","skill","53","dbbf132a0da74093b5936c73dfc0edb9bcff034e","False","0","False","","","","unknown","unknown","unknown"
"core","skill/program_operation.go","primary","skill","208","dbbf132a0da74093b5936c73dfc0edb9bcff034e","False","0","False","","","","unknown","unknown","unknown"
"core","skill/program_owned_entity.go","primary","skill","42","dbbf132a0da74093b5936c73dfc0edb9bcff034e","False","0","False","","","","unknown","unknown","unknown"
"core","skill/program_process.go","primary","skill","206","dbbf132a0da74093b5936c73dfc0edb9bcff034e","False","0","False","","","","unknown","unknown","unknown"
"core","skill/program_quantity.go","primary","skill","35","dbbf132a0da74093b5936c73dfc0edb9bcff034e","False","0","False","","","","unknown","unknown","unknown"
"core","skill/program_random.go","primary","skill","14","dbbf132a0da74093b5936c73dfc0edb9bcff034e","False","0","False","","","","unknown","unknown","unknown"
"core","skill/program_select.go","primary","skill","80","dbbf132a0da74093b5936c73dfc0edb9bcff034e","False","0","False","","","","unknown","unknown","unknown"
"core","skill/program_state.go","primary","skill","75","dbbf132a0da74093b5936c73dfc0edb9bcff034e","False","0","False","","","","unknown","unknown","unknown"
"core","skill/program_status.go","primary","skill","20","dbbf132a0da74093b5936c73dfc0edb9bcff034e","False","0","False","","","","unknown","unknown","unknown"
"core","skill/program_temporal.go","primary","skill","29","dbbf132a0da74093b5936c73dfc0edb9bcff034e","False","0","False","","","","unknown","unknown","unknown"
"core","skill/program_visual.go","primary","skill","23","dbbf132a0da74093b5936c73dfc0edb9bcff034e","False","0","False","","","","unknown","unknown","unknown"
"core","skill/promises_test.go","test_fixture","skill","199","dbbf132a0da74093b5936c73dfc0edb9bcff034e","False","0","False","","","","unknown","unknown","unknown"
"core","skill/prompt_test.go","test_fixture","skill","52","dbbf132a0da74093b5936c73dfc0edb9bcff034e","False","0","False","","","","unknown","unknown","unknown"
"core","skill/quantity.go","primary","skill","18","dbbf132a0da74093b5936c73dfc0edb9bcff034e","False","0","False","","","","unknown","unknown","unknown"
"core","skill/quantity_test.go","test_fixture","skill","25","dbbf132a0da74093b5936c73dfc0edb9bcff034e","False","0","False","","","","unknown","unknown","unknown"
"core","skill/random_test.go","test_fixture","skill","49","dbbf132a0da74093b5936c73dfc0edb9bcff034e","False","0","False","","","","unknown","unknown","unknown"
"core","skill/replay.go","primary","skill","202","dbbf132a0da74093b5936c73dfc0edb9bcff034e","False","0","False","","","","unknown","unknown","unknown"
"core","skill/replay_test.go","test_fixture","skill","21","dbbf132a0da74093b5936c73dfc0edb9bcff034e","False","0","False","","","","unknown","unknown","unknown"
"core","skill/runtime.go","primary","skill","475","dbbf132a0da74093b5936c73dfc0edb9bcff034e","False","0","False","","","","unknown","unknown","unknown"
"core","skill/runtime_ability.go","primary","skill","494","dbbf132a0da74093b5936c73dfc0edb9bcff034e","False","0","False","","","","unknown","unknown","unknown"
"core","skill/runtime_cast.go","primary","skill","273","dbbf132a0da74093b5936c73dfc0edb9bcff034e","False","0","False","","","","unknown","unknown","unknown"
"core","skill/runtime_cast_exclusivity_test.go","test_fixture","skill","90","dbbf132a0da74093b5936c73dfc0edb9bcff034e","False","0","False","","","","unknown","unknown","unknown"
"core","skill/runtime_cast_policy.go","primary","skill","88","dbbf132a0da74093b5936c73dfc0edb9bcff034e","False","0","False","","","","unknown","unknown","unknown"
"core","skill/runtime_cast_policy_test.go","test_fixture","skill","231","dbbf132a0da74093b5936c73dfc0edb9bcff034e","False","0","False","","","","unknown","unknown","unknown"
"core","skill/runtime_cast_window.go","primary","skill","461","dbbf132a0da74093b5936c73dfc0edb9bcff034e","True","2","False","","","","unknown","unknown","unknown"
"core","skill/runtime_cast_window_expression_test.go","test_fixture","skill","101","dbbf132a0da74093b5936c73dfc0edb9bcff034e","False","0","False","","","","unknown","unknown","unknown"
"core","skill/runtime_cast_window_test.go","test_fixture","skill","94","dbbf132a0da74093b5936c73dfc0edb9bcff034e","False","0","False","","","","unknown","unknown","unknown"
"core","skill/runtime_checkpoint.go","primary","skill","1171","dbbf132a0da74093b5936c73dfc0edb9bcff034e","True","2","False","","","","unknown","unknown","unknown"
"core","skill/runtime_checkpoint_test.go","test_fixture","skill","208","dbbf132a0da74093b5936c73dfc0edb9bcff034e","False","0","False","","","","unknown","unknown","unknown"
"core","skill/runtime_dispatch.go","primary","skill","74","dbbf132a0da74093b5936c73dfc0edb9bcff034e","False","0","False","","","","unknown","unknown","unknown"
"core","skill/runtime_dispatch_test.go","test_fixture","skill","57","dbbf132a0da74093b5936c73dfc0edb9bcff034e","False","0","False","","","","unknown","unknown","unknown"
"core","skill/runtime_effect_result.go","primary","skill","461","dbbf132a0da74093b5936c73dfc0edb9bcff034e","False","0","False","","","","unknown","unknown","unknown"
"core","skill/runtime_effect_result_test.go","test_fixture","skill","16","dbbf132a0da74093b5936c73dfc0edb9bcff034e","False","0","False","","","","unknown","unknown","unknown"
"core","skill/runtime_eval.go","primary","skill","439","dbbf132a0da74093b5936c73dfc0edb9bcff034e","False","0","False","","","","unknown","unknown","unknown"
"core","skill/runtime_event.go","primary","skill","53","dbbf132a0da74093b5936c73dfc0edb9bcff034e","False","0","False","","","","unknown","unknown","unknown"
"core","skill/runtime_event_test.go","test_fixture","skill","69","dbbf132a0da74093b5936c73dfc0edb9bcff034e","False","0","False","","","","unknown","unknown","unknown"
"core","skill/runtime_input.go","primary","skill","436","dbbf132a0da74093b5936c73dfc0edb9bcff034e","False","0","False","","","","unknown","unknown","unknown"
"core","skill/runtime_mutation.go","primary","skill","963","dbbf132a0da74093b5936c73dfc0edb9bcff034e","False","0","False","","","","unknown","unknown","unknown"
"core","skill/runtime_mutation_benchmark_test.go","test_fixture","skill","45","dbbf132a0da74093b5936c73dfc0edb9bcff034e","False","0","False","","","","unknown","unknown","unknown"
"core","skill/runtime_mutation_verify_test.go","test_fixture","skill","9","dbbf132a0da74093b5936c73dfc0edb9bcff034e","False","0","False","","","","unknown","unknown","unknown"
"core","skill/runtime_owned_process.go","primary","skill","113","dbbf132a0da74093b5936c73dfc0edb9bcff034e","False","0","False","","","","unknown","unknown","unknown"
"core","skill/runtime_proc.go","primary","skill","188","dbbf132a0da74093b5936c73dfc0edb9bcff034e","False","0","False","","","","unknown","unknown","unknown"
"core","skill/runtime_proc_test.go","test_fixture","skill","82","dbbf132a0da74093b5936c73dfc0edb9bcff034e","False","0","False","","","","unknown","unknown","unknown"
"core","skill/runtime_random.go","primary","skill","62","dbbf132a0da74093b5936c73dfc0edb9bcff034e","False","0","False","","","","unknown","unknown","unknown"
"core","skill/runtime_regression_v141_test.go","test_fixture","skill","158","dbbf132a0da74093b5936c73dfc0edb9bcff034e","False","0","False","","","","unknown","unknown","unknown"
"core","skill/runtime_retention.go","primary","skill","148","dbbf132a0da74093b5936c73dfc0edb9bcff034e","True","2","False","","","","unknown","unknown","unknown"
"core","skill/runtime_select.go","primary","skill","411","dbbf132a0da74093b5936c73dfc0edb9bcff034e","False","0","False","","","","unknown","unknown","unknown"
"core","skill/runtime_state.go","primary","skill","87","dbbf132a0da74093b5936c73dfc0edb9bcff034e","False","0","False","","","","unknown","unknown","unknown"
"core","skill/runtime_sync.go","primary","skill","377","dbbf132a0da74093b5936c73dfc0edb9bcff034e","False","0","False","","","","unknown","unknown","unknown"
"core","skill/runtime_sync_test.go","test_fixture","skill","123","dbbf132a0da74093b5936c73dfc0edb9bcff034e","False","0","False","","","","unknown","unknown","unknown"
"core","skill/runtime_temporal.go","primary","skill","26","dbbf132a0da74093b5936c73dfc0edb9bcff034e","False","0","False","","","","unknown","unknown","unknown"
"core","skill/runtime_test.go","test_fixture","skill","226","dbbf132a0da74093b5936c73dfc0edb9bcff034e","True","1","False","","","","unknown","unknown","unknown"
"core","skill/runtime_turn.go","primary","skill","30","dbbf132a0da74093b5936c73dfc0edb9bcff034e","False","0","False","","","","unknown","unknown","unknown"
"core","skill/runtime_value.go","primary","skill","271","dbbf132a0da74093b5936c73dfc0edb9bcff034e","False","0","False","","","","unknown","unknown","unknown"
"core","skill/runtime_value_json.go","primary","skill","197","dbbf132a0da74093b5936c73dfc0edb9bcff034e","False","0","False","","","","unknown","unknown","unknown"
"core","skill/runtime_value_redaction.go","primary","skill","96","dbbf132a0da74093b5936c73dfc0edb9bcff034e","False","0","False","","","","unknown","unknown","unknown"
"core","skill/runtime_value_redaction_test.go","test_fixture","skill","24","dbbf132a0da74093b5936c73dfc0edb9bcff034e","False","0","False","","","","unknown","unknown","unknown"
"core","skill/scheduler.go","primary","skill","500","dbbf132a0da74093b5936c73dfc0edb9bcff034e","True","1","False","","","","unknown","unknown","unknown"
"core","skill/scheduler_test.go","test_fixture","skill","121","dbbf132a0da74093b5936c73dfc0edb9bcff034e","False","0","False","","","","unknown","unknown","unknown"
"core","skill/skillcompose/canonical.go","primary","skill/skillcompose","47","dbbf132a0da74093b5936c73dfc0edb9bcff034e","False","0","False","","","","unknown","unknown","unknown"
"core","skill/skillcompose/catalog.go","primary","skill/skillcompose","32","dbbf132a0da74093b5936c73dfc0edb9bcff034e","False","0","False","","","","unknown","unknown","unknown"
"core","skill/skillcompose/contract.go","primary","skill/skillcompose","32","dbbf132a0da74093b5936c73dfc0edb9bcff034e","False","0","False","","","","unknown","unknown","unknown"
"core","skill/skillcompose/contract_builder.go","primary","skill/skillcompose","137","dbbf132a0da74093b5936c73dfc0edb9bcff034e","False","0","False","","","","unknown","unknown","unknown"
"core","skill/skillcompose/contract_promises_test.go","test_fixture","skill/skillcompose","155","dbbf132a0da74093b5936c73dfc0edb9bcff034e","False","0","False","","","","unknown","unknown","unknown"
"core","skill/skillcompose/contract_test.go","test_fixture","skill/skillcompose","62","dbbf132a0da74093b5936c73dfc0edb9bcff034e","False","0","False","","","","unknown","unknown","unknown"
"core","skill/skillcompose/contract_validate.go","primary","skill/skillcompose","86","dbbf132a0da74093b5936c73dfc0edb9bcff034e","False","0","False","","","","unknown","unknown","unknown"
"core","skill/skillcompose/diagnostic.go","primary","skill/skillcompose","4","dbbf132a0da74093b5936c73dfc0edb9bcff034e","False","0","False","","","","unknown","unknown","unknown"
"core","skill/skillcompose/doc.go","primary","skill/skillcompose","9","dbbf132a0da74093b5936c73dfc0edb9bcff034e","False","0","False","","","","unknown","unknown","unknown"
"core","skill/skillcompose/graph.go","primary","skill/skillcompose","41","dbbf132a0da74093b5936c73dfc0edb9bcff034e","False","0","False","","","","unknown","unknown","unknown"
"core","skill/skillcompose/matcher.go","primary","skill/skillcompose","31","dbbf132a0da74093b5936c73dfc0edb9bcff034e","False","0","False","","","","unknown","unknown","unknown"
"core","skill/skillcompose/matcher_test.go","test_fixture","skill/skillcompose","13","dbbf132a0da74093b5936c73dfc0edb9bcff034e","False","0","False","","","","unknown","unknown","unknown"
"core","skill/skillcompose/metric.go","primary","skill/skillcompose","6","dbbf132a0da74093b5936c73dfc0edb9bcff034e","False","0","False","","","","unknown","unknown","unknown"
"core","skill/skillcompose/policy.go","primary","skill/skillcompose","29","dbbf132a0da74093b5936c73dfc0edb9bcff034e","False","0","False","","","","unknown","unknown","unknown"
"core","skill/skillcompose/profile.go","primary","skill/skillcompose","33","dbbf132a0da74093b5936c73dfc0edb9bcff034e","False","0","False","","","","unknown","unknown","unknown"
"core","skill/skillcompose/profile_extract.go","primary","skill/skillcompose","36","dbbf132a0da74093b5936c73dfc0edb9bcff034e","False","0","False","","","","unknown","unknown","unknown"
"core","skill/skillcompose/profile_test.go","test_fixture","skill/skillcompose","44","dbbf132a0da74093b5936c73dfc0edb9bcff034e","False","0","False","","","","unknown","unknown","unknown"
"core","skill/skillcompose/prompt_view.go","primary","skill/skillcompose","55","dbbf132a0da74093b5936c73dfc0edb9bcff034e","False","0","False","","","","unknown","unknown","unknown"
"core","skill/skillcompose/validator.go","primary","skill/skillcompose","122","dbbf132a0da74093b5936c73dfc0edb9bcff034e","False","0","False","","","","unknown","unknown","unknown"
"core","skill/skillcompose/validator_test.go","test_fixture","skill/skillcompose","39","dbbf132a0da74093b5936c73dfc0edb9bcff034e","False","0","False","","","","unknown","unknown","unknown"
"core","skill/skillsync/applier.go","primary","skill/skillsync","415","dbbf132a0da74093b5936c73dfc0edb9bcff034e","False","0","False","","","","unknown","unknown","unknown"
"core","skill/skillsync/applier_promises_test.go","test_fixture","skill/skillsync","124","dbbf132a0da74093b5936c73dfc0edb9bcff034e","False","0","False","","","","unknown","unknown","unknown"
"core","skill/skillsync/applier_state_promises_test.go","test_fixture","skill/skillsync","70","dbbf132a0da74093b5936c73dfc0edb9bcff034e","False","0","False","","","","unknown","unknown","unknown"
"core","skill/skillsync/coordinator.go","primary","skill/skillsync","559","dbbf132a0da74093b5936c73dfc0edb9bcff034e","False","0","False","","","","unknown","unknown","unknown"
"core","skill/skillsync/coordinator_durability_test.go","test_fixture","skill/skillsync","199","dbbf132a0da74093b5936c73dfc0edb9bcff034e","False","0","False","","","","unknown","unknown","unknown"
"core","skill/skillsync/file_outbox.go","primary","skill/skillsync","287","dbbf132a0da74093b5936c73dfc0edb9bcff034e","False","0","False","","","","unknown","unknown","unknown"
"core","skill/skillsync/file_replace_unix.go","primary","skill/skillsync","17","dbbf132a0da74093b5936c73dfc0edb9bcff034e","False","0","False","","","","unknown","unknown","unknown"
"core","skill/skillsync/file_replace_windows.go","primary","skill/skillsync","39","dbbf132a0da74093b5936c73dfc0edb9bcff034e","False","0","False","","","","unknown","unknown","unknown"
"core","skill/skillsync/observability.go","primary","skill/skillsync","54","dbbf132a0da74093b5936c73dfc0edb9bcff034e","False","0","False","","","","unknown","unknown","unknown"
"core","skill/skillsync/outbox.go","primary","skill/skillsync","662","dbbf132a0da74093b5936c73dfc0edb9bcff034e","False","0","False","","","","unknown","unknown","unknown"
"core","skill/skillsync/outbox_batch_consistency_promises_test.go","test_fixture","skill/skillsync","90","dbbf132a0da74093b5936c73dfc0edb9bcff034e","False","0","False","","","","unknown","unknown","unknown"
"core","skill/skillsync/outbox_benchmark_test.go","test_fixture","skill/skillsync","33","dbbf132a0da74093b5936c73dfc0edb9bcff034e","False","0","False","","","","unknown","unknown","unknown"
"core","skill/skillsync/outbox_production_test.go","test_fixture","skill/skillsync","172","dbbf132a0da74093b5936c73dfc0edb9bcff034e","False","0","False","","","","unknown","unknown","unknown"
"core","skill/skillsync/schema.go","primary","skill/skillsync","170","dbbf132a0da74093b5936c73dfc0edb9bcff034e","False","0","False","","","","unknown","unknown","unknown"
"core","skill/skillsync/schema_test.go","test_fixture","skill/skillsync","78","dbbf132a0da74093b5936c73dfc0edb9bcff034e","False","0","False","","","","unknown","unknown","unknown"
"core","skill/skillsync/skillsync.go","primary","skill/skillsync","136","dbbf132a0da74093b5936c73dfc0edb9bcff034e","False","0","False","","","","unknown","unknown","unknown"
"core","skill/skillsync/skillsync_test.go","test_fixture","skill/skillsync","529","dbbf132a0da74093b5936c73dfc0edb9bcff034e","False","0","False","","","","unknown","unknown","unknown"
"core","skill/skillsync/visibility.go","primary","skill/skillsync","371","dbbf132a0da74093b5936c73dfc0edb9bcff034e","False","0","False","","","","unknown","unknown","unknown"
"core","skill/state_test.go","test_fixture","skill","234","dbbf132a0da74093b5936c73dfc0edb9bcff034e","False","0","False","","","","unknown","unknown","unknown"
"core","skill/status_instance_test.go","test_fixture","skill","333","dbbf132a0da74093b5936c73dfc0edb9bcff034e","False","0","False","","","","unknown","unknown","unknown"
"core","skill/status_test.go","test_fixture","skill","99","dbbf132a0da74093b5936c73dfc0edb9bcff034e","False","0","False","","","","unknown","unknown","unknown"
"core","skill/temporal_test.go","test_fixture","skill","423","dbbf132a0da74093b5936c73dfc0edb9bcff034e","False","0","False","","","","unknown","unknown","unknown"
"core","skill/test_helpers_test.go","test_fixture","skill","44","dbbf132a0da74093b5936c73dfc0edb9bcff034e","False","0","False","","","","unknown","unknown","unknown"
"core","skill/trace.go","primary","skill","84","dbbf132a0da74093b5936c73dfc0edb9bcff034e","False","0","False","","","","unknown","unknown","unknown"
"core","skill/trace_test.go","test_fixture","skill","62","dbbf132a0da74093b5936c73dfc0edb9bcff034e","False","0","False","","","","unknown","unknown","unknown"
"core","skill/value.go","primary","skill","189","dbbf132a0da74093b5936c73dfc0edb9bcff034e","False","0","False","","","","unknown","unknown","unknown"
"core","skill/value_optional.go","primary","skill","38","dbbf132a0da74093b5936c73dfc0edb9bcff034e","False","0","False","","","","unknown","unknown","unknown"
"core","skill/visual_test.go","test_fixture","skill","84","dbbf132a0da74093b5936c73dfc0edb9bcff034e","False","0","False","","","","unknown","unknown","unknown"
"core","skill/wire_activation.go","primary","skill","264","dbbf132a0da74093b5936c73dfc0edb9bcff034e","False","0","False","","","","unknown","unknown","unknown"
"core","skill/wire_cast_window.go","primary","skill","24","dbbf132a0da74093b5936c73dfc0edb9bcff034e","False","0","False","","","","unknown","unknown","unknown"
"core","skill/wire_combat.go","primary","skill","12","dbbf132a0da74093b5936c73dfc0edb9bcff034e","False","0","False","","","","unknown","unknown","unknown"
"core","skill/wire_definition.go","primary","skill","53","dbbf132a0da74093b5936c73dfc0edb9bcff034e","False","0","False","","","","unknown","unknown","unknown"
"core","skill/wire_effect.go","primary","skill","631","dbbf132a0da74093b5936c73dfc0edb9bcff034e","False","0","False","","","","unknown","unknown","unknown"
"core","skill/wire_effect_result.go","primary","skill","36","dbbf132a0da74093b5936c73dfc0edb9bcff034e","False","0","False","","","","unknown","unknown","unknown"
"core","skill/wire_flow.go","primary","skill","300","dbbf132a0da74093b5936c73dfc0edb9bcff034e","False","0","False","","","","unknown","unknown","unknown"
"core","skill/wire_input.go","primary","skill","161","dbbf132a0da74093b5936c73dfc0edb9bcff034e","False","0","False","","","","unknown","unknown","unknown"
"core","skill/wire_motion.go","primary","skill","456","dbbf132a0da74093b5936c73dfc0edb9bcff034e","False","0","False","","","","unknown","unknown","unknown"
"core","skill/wire_select.go","primary","skill","621","dbbf132a0da74093b5936c73dfc0edb9bcff034e","False","0","False","","","","unknown","unknown","unknown"
"core","skill/wire_state.go","primary","skill","52","dbbf132a0da74093b5936c73dfc0edb9bcff034e","False","0","False","","","","unknown","unknown","unknown"
"core","skill/wire_temporal.go","primary","skill","51","dbbf132a0da74093b5936c73dfc0edb9bcff034e","False","0","False","","","","unknown","unknown","unknown"
"core","skill/wire_visual.go","primary","skill","40","dbbf132a0da74093b5936c73dfc0edb9bcff034e","False","0","False","","","","unknown","unknown","unknown"
"core","skill/world_revision_test.go","test_fixture","skill","52","dbbf132a0da74093b5936c73dfc0edb9bcff034e","False","0","False","","","","unknown","unknown","unknown"
"core","spatial/block_index.go","primary","spatial","351","dbbf132a0da74093b5936c73dfc0edb9bcff034e","False","0","False","","","","unknown","unknown","unknown"
"core","spatial/geometry.go","primary","spatial","107","dbbf132a0da74093b5936c73dfc0edb9bcff034e","False","0","False","","","","unknown","unknown","unknown"
"core","spatial/guards_promises_test.go","test_fixture","spatial","18","dbbf132a0da74093b5936c73dfc0edb9bcff034e","False","0","False","","","","unknown","unknown","unknown"
"core","spatial/interest.go","primary","spatial","460","dbbf132a0da74093b5936c73dfc0edb9bcff034e","False","0","False","","","","unknown","unknown","unknown"
"core","spatial/interest_cluster.go","primary","spatial","454","dbbf132a0da74093b5936c73dfc0edb9bcff034e","False","0","False","","","","unknown","unknown","unknown"
"core","spatial/interest_promises_test.go","test_fixture","spatial","86","dbbf132a0da74093b5936c73dfc0edb9bcff034e","False","0","False","","","","unknown","unknown","unknown"
"core","spatial/interest_test.go","test_fixture","spatial","410","dbbf132a0da74093b5936c73dfc0edb9bcff034e","False","0","False","","","","unknown","unknown","unknown"
"core","spatial/pathfind.go","primary","spatial","120","dbbf132a0da74093b5936c73dfc0edb9bcff034e","False","0","False","","","","unknown","unknown","unknown"
"core","spatial/spatial_test.go","test_fixture","spatial","224","dbbf132a0da74093b5936c73dfc0edb9bcff034e","False","0","False","","","","unknown","unknown","unknown"
"core","spatial/terrain.go","primary","spatial","120","dbbf132a0da74093b5936c73dfc0edb9bcff034e","False","0","False","","","","unknown","unknown","unknown"
"core","statesync/baseline_identity_promises_test.go","test_fixture","statesync","109","dbbf132a0da74093b5936c73dfc0edb9bcff034e","False","0","False","","","","unknown","unknown","unknown"
"core","statesync/codec.go","primary","statesync","217","dbbf132a0da74093b5936c73dfc0edb9bcff034e","True","1","False","","","","unknown","unknown","unknown"
"core","statesync/codec_limits_promises_test.go","test_fixture","statesync","92","dbbf132a0da74093b5936c73dfc0edb9bcff034e","False","0","False","","","","unknown","unknown","unknown"
"core","statesync/codec_promises_test.go","test_fixture","statesync","127","dbbf132a0da74093b5936c73dfc0edb9bcff034e","False","0","False","","","","unknown","unknown","unknown"
"core","statesync/control.go","primary","statesync","147","dbbf132a0da74093b5936c73dfc0edb9bcff034e","True","1","False","","","","unknown","unknown","unknown"
"core","statesync/control_test.go","test_fixture","statesync","72","dbbf132a0da74093b5936c73dfc0edb9bcff034e","False","0","False","","","","unknown","unknown","unknown"
"core","statesync/datagram.go","primary","statesync","312","dbbf132a0da74093b5936c73dfc0edb9bcff034e","True","2","False","","","","unknown","unknown","unknown"
"core","statesync/delta.go","primary","statesync","237","dbbf132a0da74093b5936c73dfc0edb9bcff034e","True","3","False","","","","unknown","unknown","unknown"
"core","statesync/frame_limits.go","primary","statesync","264","dbbf132a0da74093b5936c73dfc0edb9bcff034e","True","1","False","","","","unknown","unknown","unknown"
"core","statesync/lod.go","primary","statesync","286","dbbf132a0da74093b5936c73dfc0edb9bcff034e","True","2","False","","","","unknown","unknown","unknown"
"core","statesync/lod_phase_promises_test.go","test_fixture","statesync","57","dbbf132a0da74093b5936c73dfc0edb9bcff034e","False","0","False","","","","unknown","unknown","unknown"
"core","statesync/lod_test.go","test_fixture","statesync","234","dbbf132a0da74093b5936c73dfc0edb9bcff034e","True","1","False","","","","unknown","unknown","unknown"
"core","statesync/pinned_view_promises_test.go","test_fixture","statesync","107","dbbf132a0da74093b5936c73dfc0edb9bcff034e","False","0","False","","","","unknown","unknown","unknown"
"core","statesync/reassembly_limit_promises_test.go","test_fixture","statesync","64","dbbf132a0da74093b5936c73dfc0edb9bcff034e","False","0","False","","","","unknown","unknown","unknown"
"core","statesync/recovery_intent_promises_test.go","test_fixture","statesync","69","dbbf132a0da74093b5936c73dfc0edb9bcff034e","False","0","False","","","","unknown","unknown","unknown"
"core","statesync/replacement_capacity_promises_test.go","test_fixture","statesync","93","dbbf132a0da74093b5936c73dfc0edb9bcff034e","False","0","False","","","","unknown","unknown","unknown"
"core","statesync/replicator.go","primary","statesync","618","dbbf132a0da74093b5936c73dfc0edb9bcff034e","True","6","False","","","","unknown","unknown","unknown"
"core","statesync/replicator_test.go","test_fixture","statesync","769","dbbf132a0da74093b5936c73dfc0edb9bcff034e","True","1","False","","","","unknown","unknown","unknown"
"core","statesync/ring.go","primary","statesync","103","dbbf132a0da74093b5936c73dfc0edb9bcff034e","True","1","False","","","","unknown","unknown","unknown"
"core","statesync/schema.go","primary","statesync","100","dbbf132a0da74093b5936c73dfc0edb9bcff034e","False","0","False","","","","unknown","unknown","unknown"
"core","statesync/session.go","primary","statesync","343","dbbf132a0da74093b5936c73dfc0edb9bcff034e","True","3","False","","","","unknown","unknown","unknown"
"core","statesync/shadow.go","primary","statesync","127","dbbf132a0da74093b5936c73dfc0edb9bcff034e","False","0","False","","","","unknown","unknown","unknown"
"core","statesync/snapshot.go","primary","statesync","81","dbbf132a0da74093b5936c73dfc0edb9bcff034e","True","1","False","","","","unknown","unknown","unknown"
"core","statesync/transport.go","primary","statesync","74","dbbf132a0da74093b5936c73dfc0edb9bcff034e","False","0","False","","","","unknown","unknown","unknown"
"core","syncbus/delivery_id.go","primary","syncbus","44","dbbf132a0da74093b5936c73dfc0edb9bcff034e","True","1","False","","","","unknown","unknown","unknown"
"core","syncbus/delivery_id_test.go","test_fixture","syncbus","58","dbbf132a0da74093b5936c73dfc0edb9bcff034e","False","0","False","","","","unknown","unknown","unknown"
"core","syncbus/patch_syncer.go","primary","syncbus","144","dbbf132a0da74093b5936c73dfc0edb9bcff034e","True","2","False","","","","unknown","unknown","unknown"
"core","syncbus/patch_syncer_guards_promises_test.go","test_fixture","syncbus","45","dbbf132a0da74093b5936c73dfc0edb9bcff034e","False","0","False","","","","unknown","unknown","unknown"
"core","syncbus/patch_syncer_test.go","test_fixture","syncbus","159","dbbf132a0da74093b5936c73dfc0edb9bcff034e","True","1","False","","","","unknown","unknown","unknown"
"core","syncbus/sync.go","primary","syncbus","46","dbbf132a0da74093b5936c73dfc0edb9bcff034e","True","5","False","","","","unknown","unknown","unknown"
"core","syncstream/adapter_test.go","test_fixture","syncstream","313","dbbf132a0da74093b5936c73dfc0edb9bcff034e","False","0","False","","","","unknown","unknown","unknown"
"core","syncstream/file_durability_unix.go","primary","syncstream","26","dbbf132a0da74093b5936c73dfc0edb9bcff034e","True","2","False","","","","unknown","unknown","unknown"
"core","syncstream/file_durability_windows.go","primary","syncstream","44","dbbf132a0da74093b5936c73dfc0edb9bcff034e","False","0","False","","","","unknown","unknown","unknown"
"core","syncstream/file_journal.go","primary","syncstream","565","dbbf132a0da74093b5936c73dfc0edb9bcff034e","True","5","False","","","","unknown","unknown","unknown"
"core","syncstream/file_journal_promises_test.go","test_fixture","syncstream","133","dbbf132a0da74093b5936c73dfc0edb9bcff034e","False","0","False","","","","unknown","unknown","unknown"
"core","syncstream/history_identity_promises_test.go","test_fixture","syncstream","101","dbbf132a0da74093b5936c73dfc0edb9bcff034e","False","0","False","","","","unknown","unknown","unknown"
"core","syncstream/import_durability_promises_test.go","test_fixture","syncstream","77","dbbf132a0da74093b5936c73dfc0edb9bcff034e","False","0","False","","","","unknown","unknown","unknown"
"core","syncstream/import_guards_promises_test.go","test_fixture","syncstream","187","dbbf132a0da74093b5936c73dfc0edb9bcff034e","False","0","False","","","","unknown","unknown","unknown"
"core","syncstream/journal_failstop_promises_test.go","test_fixture","syncstream","142","dbbf132a0da74093b5936c73dfc0edb9bcff034e","False","0","False","","","","unknown","unknown","unknown"
"core","syncstream/lifecycle_journal.go","primary","syncstream","197","dbbf132a0da74093b5936c73dfc0edb9bcff034e","True","5","False","","","","unknown","unknown","unknown"
"core","syncstream/observability.go","primary","syncstream","42","dbbf132a0da74093b5936c73dfc0edb9bcff034e","False","0","False","","","","unknown","unknown","unknown"
"core","syncstream/observability_impl.go","primary","syncstream","42","dbbf132a0da74093b5936c73dfc0edb9bcff034e","False","0","False","","","","unknown","unknown","unknown"
"core","syncstream/publisher.go","primary","syncstream","548","dbbf132a0da74093b5936c73dfc0edb9bcff034e","True","5","False","","","","unknown","unknown","unknown"
"core","syncstream/recover_replacement_promises_test.go","test_fixture","syncstream","78","dbbf132a0da74093b5936c73dfc0edb9bcff034e","False","0","False","","","","unknown","unknown","unknown"
"core","syncstream/recover_validation_promises_test.go","test_fixture","syncstream","78","dbbf132a0da74093b5936c73dfc0edb9bcff034e","False","0","False","","","","unknown","unknown","unknown"
"core","syncstream/subscribe_promises_test.go","test_fixture","syncstream","68","dbbf132a0da74093b5936c73dfc0edb9bcff034e","True","1","False","","","","unknown","unknown","unknown"
"core","syncstream/syncstream.go","primary","syncstream","704","dbbf132a0da74093b5936c73dfc0edb9bcff034e","True","8","False","","","","unknown","unknown","unknown"
"core","syncstream/syncstream_test.go","test_fixture","syncstream","515","dbbf132a0da74093b5936c73dfc0edb9bcff034e","True","1","False","","","","unknown","unknown","unknown"
"core","syncstream/wal_replay_promises_test.go","test_fixture","syncstream","152","dbbf132a0da74093b5936c73dfc0edb9bcff034e","False","0","False","","","","unknown","unknown","unknown"
"core","syncstream/wal_tail_truncate_promises_test.go","test_fixture","syncstream","108","dbbf132a0da74093b5936c73dfc0edb9bcff034e","False","0","False","","","","unknown","unknown","unknown"
"core","timer/scheduler.go","primary","timer","324","dbbf132a0da74093b5936c73dfc0edb9bcff034e","False","0","False","","","","unknown","unknown","unknown"
"core","timer/scheduler_test.go","test_fixture","timer","97","dbbf132a0da74093b5936c73dfc0edb9bcff034e","False","0","False","","","","unknown","unknown","unknown"
"core","versionstore/codec.go","primary","versionstore","21","dbbf132a0da74093b5936c73dfc0edb9bcff034e","False","0","False","","","","unknown","unknown","unknown"
"core","versionstore/fake_redis_test.go","test_fixture","versionstore","85","dbbf132a0da74093b5936c73dfc0edb9bcff034e","False","0","False","","","","unknown","unknown","unknown"
"core","versionstore/guards_promises_test.go","test_fixture","versionstore","42","dbbf132a0da74093b5936c73dfc0edb9bcff034e","False","0","False","","","","unknown","unknown","unknown"
"core","versionstore/memory_store.go","primary","versionstore","93","dbbf132a0da74093b5936c73dfc0edb9bcff034e","True","7","False","","","","unknown","unknown","unknown"
"core","versionstore/redis_store.go","primary","versionstore","285","dbbf132a0da74093b5936c73dfc0edb9bcff034e","True","1","False","","","","unknown","unknown","unknown"
"core","versionstore/versionstore.go","primary","versionstore","153","dbbf132a0da74093b5936c73dfc0edb9bcff034e","True","5","False","","","","unknown","unknown","unknown"
"core","versionstore/versionstore_test.go","test_fixture","versionstore","429","dbbf132a0da74093b5936c73dfc0edb9bcff034e","False","0","False","","","","unknown","unknown","unknown"
"core","webroute/guards_promises_test.go","test_fixture","webroute","19","dbbf132a0da74093b5936c73dfc0edb9bcff034e","False","0","False","","","","unknown","unknown","unknown"
"core","webroute/promises_test.go","test_fixture","webroute","48","dbbf132a0da74093b5936c73dfc0edb9bcff034e","False","0","False","","","","unknown","unknown","unknown"
"core","webroute/route.go","primary","webroute","164","dbbf132a0da74093b5936c73dfc0edb9bcff034e","False","0","False","","","","unknown","unknown","unknown"
"core","webroute/route_test.go","test_fixture","webroute","125","dbbf132a0da74093b5936c73dfc0edb9bcff034e","False","0","False","","","","unknown","unknown","unknown"
"core","worker/context_test.go","test_fixture","worker","155","dbbf132a0da74093b5936c73dfc0edb9bcff034e","False","0","False","","","","unknown","unknown","unknown"
"core","worker/pool.go","primary","worker","229","dbbf132a0da74093b5936c73dfc0edb9bcff034e","True","2","False","","","","unknown","unknown","unknown"
"core","worker/pool_guards_promises_test.go","test_fixture","worker","51","dbbf132a0da74093b5936c73dfc0edb9bcff034e","False","0","False","","","","unknown","unknown","unknown"
"core","worker/pool_shutdown_test.go","test_fixture","worker","42","dbbf132a0da74093b5936c73dfc0edb9bcff034e","False","0","False","","","","unknown","unknown","unknown"
"core","worker/worker.go","primary","worker","162","dbbf132a0da74093b5936c73dfc0edb9bcff034e","True","1","False","","","","unknown","unknown","unknown"
"core","worker/worker_test.go","test_fixture","worker","121","dbbf132a0da74093b5936c73dfc0edb9bcff034e","False","0","False","","","","unknown","unknown","unknown"
"kit","assembly_boundary_test.go","test_fixture",".","86","55f3a35b32ea97ccac8459fd1efe2515049f91e3","True","2","False","","","","unknown","unknown","unknown"
"kit","ci_paths_test.go","test_fixture",".","52","55f3a35b32ea97ccac8459fd1efe2515049f91e3","False","0","False","","","","unknown","unknown","unknown"
"kit","ci_service_redis_test.go","test_fixture",".","31","55f3a35b32ea97ccac8459fd1efe2515049f91e3","False","0","False","","","","unknown","unknown","unknown"
"kit","configdata/configdata.go","primary","configdata","109","55f3a35b32ea97ccac8459fd1efe2515049f91e3","False","0","False","","","","unknown","unknown","unknown"
"kit","configdata/configdata_test.go","test_fixture","configdata","85","55f3a35b32ea97ccac8459fd1efe2515049f91e3","False","0","False","","","","unknown","unknown","unknown"
"kit","configdata/mod_guards_promises_test.go","test_fixture","configdata","20","55f3a35b32ea97ccac8459fd1efe2515049f91e3","False","0","False","","","","unknown","unknown","unknown"
"kit","dataengine/failover_integration_test.go","test_fixture","dataengine","233","55f3a35b32ea97ccac8459fd1efe2515049f91e3","False","0","False","","","","unknown","unknown","unknown"
"kit","dataengine/fatal_fence_test.go","test_fixture","dataengine","30","55f3a35b32ea97ccac8459fd1efe2515049f91e3","False","0","False","","","","unknown","unknown","unknown"
"kit","dataengine/mod.go","primary","dataengine","408","55f3a35b32ea97ccac8459fd1efe2515049f91e3","True","5","False","","","","unknown","unknown","unknown"
"kit","dataengine/mod_promises_test.go","test_fixture","dataengine","138","55f3a35b32ea97ccac8459fd1efe2515049f91e3","False","0","False","","","","unknown","unknown","unknown"
"kit","dataengine/mod_test.go","test_fixture","dataengine","119","55f3a35b32ea97ccac8459fd1efe2515049f91e3","False","0","False","","","","unknown","unknown","unknown"
"kit","dataengine/real_fixture_integration_test.go","test_fixture","dataengine","251","55f3a35b32ea97ccac8459fd1efe2515049f91e3","False","0","False","","","","unknown","unknown","unknown"
"kit","dataengine/real_integration_test.go","test_fixture","dataengine","568","55f3a35b32ea97ccac8459fd1efe2515049f91e3","False","0","False","","","","unknown","unknown","unknown"
"kit","dataengine/toxic_integration_test.go","test_fixture","dataengine","232","55f3a35b32ea97ccac8459fd1efe2515049f91e3","False","0","False","","","","unknown","unknown","unknown"
"kit","dependency_boundary_test.go","test_fixture",".","90","55f3a35b32ea97ccac8459fd1efe2515049f91e3","False","0","False","","","","unknown","unknown","unknown"
"kit","etcd/etcd_mod.go","primary","etcd","176","55f3a35b32ea97ccac8459fd1efe2515049f91e3","False","0","False","","","","unknown","unknown","unknown"
"kit","lifecycle_gate_test.go","test_fixture",".","45","55f3a35b32ea97ccac8459fd1efe2515049f91e3","False","0","False","","","","unknown","unknown","unknown"
"kit","lock/lock_mod.go","primary","lock","32","55f3a35b32ea97ccac8459fd1efe2515049f91e3","False","0","False","","","","unknown","unknown","unknown"
"kit","lock/lock_mod_test.go","test_fixture","lock","50","55f3a35b32ea97ccac8459fd1efe2515049f91e3","False","0","False","","","","unknown","unknown","unknown"
"kit","manager/manager_mod.go","primary","manager","93","55f3a35b32ea97ccac8459fd1efe2515049f91e3","True","2","False","","","","unknown","unknown","unknown"
"kit","manager/manager_mod_test.go","test_fixture","manager","100","55f3a35b32ea97ccac8459fd1efe2515049f91e3","False","0","False","","","","unknown","unknown","unknown"
"kit","mod_dependencies_test.go","test_fixture",".","70","55f3a35b32ea97ccac8459fd1efe2515049f91e3","False","0","False","","","","unknown","unknown","unknown"
"kit","mods/guards_promises_test.go","test_fixture","mods","40","55f3a35b32ea97ccac8459fd1efe2515049f91e3","False","0","False","","","","unknown","unknown","unknown"
"kit","mods/name.go","primary","mods","41","55f3a35b32ea97ccac8459fd1efe2515049f91e3","False","0","False","","","","unknown","unknown","unknown"
"kit","mods/persistence.go","primary","mods","41","55f3a35b32ea97ccac8459fd1efe2515049f91e3","False","0","False","","","","unknown","unknown","unknown"
"kit","mods/persistence_test.go","test_fixture","mods","56","55f3a35b32ea97ccac8459fd1efe2515049f91e3","False","0","False","","","","unknown","unknown","unknown"
"kit","mods/registry.go","primary","mods","42","55f3a35b32ea97ccac8459fd1efe2515049f91e3","False","0","False","","","","unknown","unknown","unknown"
"kit","mods/registry_test.go","test_fixture","mods","26","55f3a35b32ea97ccac8459fd1efe2515049f91e3","False","0","False","","","","unknown","unknown","unknown"
"kit","mods/service_name.go","primary","mods","63","55f3a35b32ea97ccac8459fd1efe2515049f91e3","False","0","False","","","","unknown","unknown","unknown"
"kit","mods/service_servicemods.go","primary","mods","90","55f3a35b32ea97ccac8459fd1efe2515049f91e3","False","0","False","","","","unknown","unknown","unknown"
"kit","mods/service_servicemods_test.go","test_fixture","mods","145","55f3a35b32ea97ccac8459fd1efe2515049f91e3","False","0","False","","","","unknown","unknown","unknown"
"kit","mongo/mongo_mod.go","primary","mongo","137","55f3a35b32ea97ccac8459fd1efe2515049f91e3","False","0","False","","","","unknown","unknown","unknown"
"kit","nats/jetstream_rpc_toxic_integration_test.go","test_fixture","nats","153","55f3a35b32ea97ccac8459fd1efe2515049f91e3","False","0","False","","","","unknown","unknown","unknown"
"kit","nats/nats_mod.go","primary","nats","201","55f3a35b32ea97ccac8459fd1efe2515049f91e3","True","2","False","","","","unknown","unknown","unknown"
"kit","nats/nats_mod_real_promises_test.go","test_fixture","nats","49","55f3a35b32ea97ccac8459fd1efe2515049f91e3","False","0","False","","","","unknown","unknown","unknown"
"kit","nats/nats_mod_test.go","test_fixture","nats","49","55f3a35b32ea97ccac8459fd1efe2515049f91e3","False","0","False","","","","unknown","unknown","unknown"
"kit","nest/mod_guards_promises_test.go","test_fixture","nest","49","55f3a35b32ea97ccac8459fd1efe2515049f91e3","False","0","False","","","","unknown","unknown","unknown"
"kit","nest/nest_mod.go","primary","nest","150","55f3a35b32ea97ccac8459fd1efe2515049f91e3","False","0","False","","","","unknown","unknown","unknown"
"kit","nest/nest_mod_test.go","test_fixture","nest","92","55f3a35b32ea97ccac8459fd1efe2515049f91e3","False","0","False","","","","unknown","unknown","unknown"
"kit","ops/mod_guards_promises_test.go","test_fixture","ops","32","55f3a35b32ea97ccac8459fd1efe2515049f91e3","False","0","False","","","","unknown","unknown","unknown"
"kit","ops/ops_mod.go","primary","ops","341","55f3a35b32ea97ccac8459fd1efe2515049f91e3","False","0","False","","","","unknown","unknown","unknown"
"kit","ops/ops_mod_test.go","test_fixture","ops","196","55f3a35b32ea97ccac8459fd1efe2515049f91e3","False","0","False","","","","unknown","unknown","unknown"
"kit","redis/redis_mod.go","primary","redis","115","55f3a35b32ea97ccac8459fd1efe2515049f91e3","False","0","False","","","","unknown","unknown","unknown"
"kit","remoteentity/remote_entity_mod.go","primary","remoteentity","269","55f3a35b32ea97ccac8459fd1efe2515049f91e3","False","0","False","","","","unknown","unknown","unknown"
"kit","room/mod_guards_promises_test.go","test_fixture","room","24","55f3a35b32ea97ccac8459fd1efe2515049f91e3","False","0","False","","","","unknown","unknown","unknown"
"kit","room/room_mod.go","primary","room","179","55f3a35b32ea97ccac8459fd1efe2515049f91e3","True","3","False","","","","unknown","unknown","unknown"
"kit","room/room_mod_stop_test.go","test_fixture","room","43","55f3a35b32ea97ccac8459fd1efe2515049f91e3","True","1","False","","","","unknown","unknown","unknown"
"kit","saga/mod.go","primary","saga","217","55f3a35b32ea97ccac8459fd1efe2515049f91e3","True","1","False","","","","unknown","unknown","unknown"
"kit","service/account/account_mod.go","primary","service/account","163","55f3a35b32ea97ccac8459fd1efe2515049f91e3","True","1","False","","","","unknown","unknown","unknown"
"kit","service/account/account_mod_test.go","test_fixture","service/account","96","55f3a35b32ea97ccac8459fd1efe2515049f91e3","False","0","False","","","","unknown","unknown","unknown"
"kit","service/account/account_rpc.go","primary","service/account","71","55f3a35b32ea97ccac8459fd1efe2515049f91e3","False","0","False","","","","unknown","unknown","unknown"
"kit","service/account/account_test.go","test_fixture","service/account","755","55f3a35b32ea97ccac8459fd1efe2515049f91e3","False","0","False","","","","unknown","unknown","unknown"
"kit","service/account/accounts_rpc_assembly_gen.go","generated","service/account","270","55f3a35b32ea97ccac8459fd1efe2515049f91e3","False","0","False","","","","unknown","unknown","unknown"
"kit","service/account/accounts_rpc_gen.go","generated","service/account","466","55f3a35b32ea97ccac8459fd1efe2515049f91e3","False","0","False","","","","unknown","unknown","unknown"
"kit","service/account/bind_registry_promises_test.go","test_fixture","service/account","62","55f3a35b32ea97ccac8459fd1efe2515049f91e3","False","0","False","","","","unknown","unknown","unknown"
"kit","service/account/create_role_race_promises_test.go","test_fixture","service/account","113","55f3a35b32ea97ccac8459fd1efe2515049f91e3","False","0","False","","","","unknown","unknown","unknown"
"kit","service/account/create_role_tail_test.go","test_fixture","service/account","96","55f3a35b32ea97ccac8459fd1efe2515049f91e3","False","0","False","","","","unknown","unknown","unknown"
"kit","service/account/errcode_test.go","test_fixture","service/account","168","55f3a35b32ea97ccac8459fd1efe2515049f91e3","False","0","False","","","","unknown","unknown","unknown"
"kit","service/account/identity.go","primary","service/account","114","55f3a35b32ea97ccac8459fd1efe2515049f91e3","False","0","False","","","","unknown","unknown","unknown"
"kit","service/account/redis_store.go","primary","service/account","101","55f3a35b32ea97ccac8459fd1efe2515049f91e3","False","0","False","","","","unknown","unknown","unknown"
"kit","service/account/role_guards_promises_test.go","test_fixture","service/account","103","55f3a35b32ea97ccac8459fd1efe2515049f91e3","False","0","False","","","","unknown","unknown","unknown"
"kit","service/account/rpc_glue_promises_test.go","test_fixture","service/account","46","55f3a35b32ea97ccac8459fd1efe2515049f91e3","False","0","False","","","","unknown","unknown","unknown"
"kit","service/account/server_run.go","primary","service/account","24","55f3a35b32ea97ccac8459fd1efe2515049f91e3","False","0","False","","","","unknown","unknown","unknown"
"kit","service/account/service.go","primary","service/account","528","55f3a35b32ea97ccac8459fd1efe2515049f91e3","False","0","False","","","","unknown","unknown","unknown"
"kit","service/account/types.go","primary","service/account","270","55f3a35b32ea97ccac8459fd1efe2515049f91e3","False","0","False","","","","unknown","unknown","unknown"
"kit","service/chat/chat.go","primary","service/chat","890","55f3a35b32ea97ccac8459fd1efe2515049f91e3","True","1","False","","","","unknown","unknown","unknown"
"kit","service/chat/chat_mod.go","primary","service/chat","189","55f3a35b32ea97ccac8459fd1efe2515049f91e3","False","0","False","","","","unknown","unknown","unknown"
"kit","service/chat/chat_mod_test.go","test_fixture","service/chat","91","55f3a35b32ea97ccac8459fd1efe2515049f91e3","False","0","False","","","","unknown","unknown","unknown"
"kit","service/chat/chat_rpc.go","primary","service/chat","91","55f3a35b32ea97ccac8459fd1efe2515049f91e3","False","0","False","","","","unknown","unknown","unknown"
"kit","service/chat/chat_test.go","test_fixture","service/chat","1587","55f3a35b32ea97ccac8459fd1efe2515049f91e3","False","0","False","","","","unknown","unknown","unknown"
"kit","service/chat/errcode_test.go","test_fixture","service/chat","165","55f3a35b32ea97ccac8459fd1efe2515049f91e3","False","0","False","","","","unknown","unknown","unknown"
"kit","service/chat/messaging_rpc_assembly_gen.go","generated","service/chat","270","55f3a35b32ea97ccac8459fd1efe2515049f91e3","False","0","False","","","","unknown","unknown","unknown"
"kit","service/chat/messaging_rpc_gen.go","generated","service/chat","427","55f3a35b32ea97ccac8459fd1efe2515049f91e3","False","0","False","","","","unknown","unknown","unknown"
"kit","service/chat/prune_failure_promises_test.go","test_fixture","service/chat","64","55f3a35b32ea97ccac8459fd1efe2515049f91e3","False","0","False","","","","unknown","unknown","unknown"
"kit","service/chat/redis_store.go","primary","service/chat","39","55f3a35b32ea97ccac8459fd1efe2515049f91e3","False","0","False","","","","unknown","unknown","unknown"
"kit","service/chat/retention_run_test.go","test_fixture","service/chat","105","55f3a35b32ea97ccac8459fd1efe2515049f91e3","False","0","False","","","","unknown","unknown","unknown"
"kit","service/chat/server_run.go","primary","service/chat","74","55f3a35b32ea97ccac8459fd1efe2515049f91e3","False","0","False","","","","unknown","unknown","unknown"
"kit","service/chat/service.go","primary","service/chat","150","55f3a35b32ea97ccac8459fd1efe2515049f91e3","False","0","False","","","","unknown","unknown","unknown"
"kit","service/chat/store.go","primary","service/chat","691","55f3a35b32ea97ccac8459fd1efe2515049f91e3","False","0","False","","","","unknown","unknown","unknown"
"kit","service/chat/validate_guards_promises_test.go","test_fixture","service/chat","25","55f3a35b32ea97ccac8459fd1efe2515049f91e3","False","0","False","","","","unknown","unknown","unknown"
"kit","service/directory/contention_test.go","test_fixture","service/directory","79","55f3a35b32ea97ccac8459fd1efe2515049f91e3","False","0","False","","","","unknown","unknown","unknown"
"kit","service/directory/directory.go","primary","service/directory","200","55f3a35b32ea97ccac8459fd1efe2515049f91e3","True","1","False","","","","unknown","unknown","unknown"
"kit","service/directory/directory_mod.go","primary","service/directory","99","55f3a35b32ea97ccac8459fd1efe2515049f91e3","False","0","False","","","","unknown","unknown","unknown"
"kit","service/directory/directory_mod_test.go","test_fixture","service/directory","80","55f3a35b32ea97ccac8459fd1efe2515049f91e3","False","0","False","","","","unknown","unknown","unknown"
"kit","service/directory/directory_test.go","test_fixture","service/directory","474","55f3a35b32ea97ccac8459fd1efe2515049f91e3","False","0","False","","","","unknown","unknown","unknown"
"kit","service/directory/errcode_test.go","test_fixture","service/directory","160","55f3a35b32ea97ccac8459fd1efe2515049f91e3","False","0","False","","","","unknown","unknown","unknown"
"kit","service/directory/guards_promises_test.go","test_fixture","service/directory","38","55f3a35b32ea97ccac8459fd1efe2515049f91e3","False","0","False","","","","unknown","unknown","unknown"
"kit","service/directory/redis_store.go","primary","service/directory","41","55f3a35b32ea97ccac8459fd1efe2515049f91e3","False","0","False","","","","unknown","unknown","unknown"
"kit","service/directory/store.go","primary","service/directory","295","55f3a35b32ea97ccac8459fd1efe2515049f91e3","False","0","False","","","","unknown","unknown","unknown"
"kit","service/examples/split/cancel_failure_promises_test.go","test_fixture","service/examples/split","69","55f3a35b32ea97ccac8459fd1efe2515049f91e3","False","0","False","","","","unknown","unknown","unknown"
"kit","service/examples/split/consumer.go","example_demo","service/examples/split","115","55f3a35b32ea97ccac8459fd1efe2515049f91e3","False","0","False","","","","unknown","unknown","unknown"
"kit","service/examples/split/doc.go","example_demo","service/examples/split","19","55f3a35b32ea97ccac8459fd1efe2515049f91e3","False","0","False","","","","unknown","unknown","unknown"
"kit","service/examples/split/gameprocess.go","example_demo","service/examples/split","86","55f3a35b32ea97ccac8459fd1efe2515049f91e3","False","0","False","","","","unknown","unknown","unknown"
"kit","service/examples/split/guards_promises_test.go","test_fixture","service/examples/split","17","55f3a35b32ea97ccac8459fd1efe2515049f91e3","False","0","False","","","","unknown","unknown","unknown"
"kit","service/examples/split/mailprocess.go","example_demo","service/examples/split","55","55f3a35b32ea97ccac8459fd1efe2515049f91e3","False","0","False","","","","unknown","unknown","unknown"
"kit","service/examples/split/split_test.go","test_fixture","service/examples/split","156","55f3a35b32ea97ccac8459fd1efe2515049f91e3","False","0","False","","","","unknown","unknown","unknown"
"kit","service/examples/split/stubs_test.go","test_fixture","service/examples/split","53","55f3a35b32ea97ccac8459fd1efe2515049f91e3","False","0","False","","","","unknown","unknown","unknown"
"kit","service/global/activity/activity_mod.go","primary","service/global/activity","142","55f3a35b32ea97ccac8459fd1efe2515049f91e3","False","0","False","","","","unknown","unknown","unknown"
"kit","service/global/activity/activity_mod_test.go","test_fixture","service/global/activity","116","55f3a35b32ea97ccac8459fd1efe2515049f91e3","False","0","False","","","","unknown","unknown","unknown"
"kit","service/global/activity/activity_rpc.go","primary","service/global/activity","99","55f3a35b32ea97ccac8459fd1efe2515049f91e3","False","0","False","","","","unknown","unknown","unknown"
"kit","service/global/activity/activity_test.go","test_fixture","service/global/activity","1561","55f3a35b32ea97ccac8459fd1efe2515049f91e3","False","0","False","","","","unknown","unknown","unknown"
"kit","service/global/activity/admin.go","primary","service/global/activity","149","55f3a35b32ea97ccac8459fd1efe2515049f91e3","False","0","False","","","","unknown","unknown","unknown"
"kit","service/global/activity/admin_test.go","test_fixture","service/global/activity","270","55f3a35b32ea97ccac8459fd1efe2515049f91e3","False","0","False","","","","unknown","unknown","unknown"
"kit","service/global/activity/coordinator_rpc_assembly_gen.go","generated","service/global/activity","270","55f3a35b32ea97ccac8459fd1efe2515049f91e3","False","0","False","","","","unknown","unknown","unknown"
"kit","service/global/activity/coordinator_rpc_gen.go","generated","service/global/activity","653","55f3a35b32ea97ccac8459fd1efe2515049f91e3","False","0","False","","","","unknown","unknown","unknown"
"kit","service/global/activity/dispatch_rediscovery_promises_test.go","test_fixture","service/global/activity","96","55f3a35b32ea97ccac8459fd1efe2515049f91e3","False","0","False","","","","unknown","unknown","unknown"
"kit","service/global/activity/errcode_test.go","test_fixture","service/global/activity","87","55f3a35b32ea97ccac8459fd1efe2515049f91e3","False","0","False","","","","unknown","unknown","unknown"
"kit","service/global/activity/guards_promises_test.go","test_fixture","service/global/activity","30","55f3a35b32ea97ccac8459fd1efe2515049f91e3","False","0","False","","","","unknown","unknown","unknown"
"kit","service/global/activity/open_window_lifecycle_promises_test.go","test_fixture","service/global/activity","116","55f3a35b32ea97ccac8459fd1efe2515049f91e3","False","0","False","","","","unknown","unknown","unknown"
"kit","service/global/activity/redis_store.go","primary","service/global/activity","86","55f3a35b32ea97ccac8459fd1efe2515049f91e3","True","1","False","","","","unknown","unknown","unknown"
"kit","service/global/activity/server_run.go","primary","service/global/activity","148","55f3a35b32ea97ccac8459fd1efe2515049f91e3","True","1","False","","","","unknown","unknown","unknown"
"kit","service/global/activity/service.go","primary","service/global/activity","1397","55f3a35b32ea97ccac8459fd1efe2515049f91e3","True","1","False","","","","unknown","unknown","unknown"
"kit","service/global/activity/sweep_failures_promises_test.go","test_fixture","service/global/activity","49","55f3a35b32ea97ccac8459fd1efe2515049f91e3","False","0","False","","","","unknown","unknown","unknown"
"kit","service/global/activity/sweep_loop_promises_test.go","test_fixture","service/global/activity","75","55f3a35b32ea97ccac8459fd1efe2515049f91e3","False","0","False","","","","unknown","unknown","unknown"
"kit","service/global/activity/sweep_promises_test.go","test_fixture","service/global/activity","94","55f3a35b32ea97ccac8459fd1efe2515049f91e3","False","0","False","","","","unknown","unknown","unknown"
"kit","service/global/activity/types.go","primary","service/global/activity","917","55f3a35b32ea97ccac8459fd1efe2515049f91e3","False","0","False","","","","unknown","unknown","unknown"
"kit","service/global/errcode_test.go","test_fixture","service/global","206","55f3a35b32ea97ccac8459fd1efe2515049f91e3","False","0","False","","","","unknown","unknown","unknown"
"kit","service/global/global_mod.go","primary","service/global","103","55f3a35b32ea97ccac8459fd1efe2515049f91e3","False","0","False","","","","unknown","unknown","unknown"
"kit","service/global/global_mod_test.go","test_fixture","service/global","69","55f3a35b32ea97ccac8459fd1efe2515049f91e3","False","0","False","","","","unknown","unknown","unknown"
"kit","service/global/global_rpc.go","primary","service/global","88","55f3a35b32ea97ccac8459fd1efe2515049f91e3","False","0","False","","","","unknown","unknown","unknown"
"kit","service/global/global_test.go","test_fixture","service/global","782","55f3a35b32ea97ccac8459fd1efe2515049f91e3","False","0","False","","","","unknown","unknown","unknown"
"kit","service/global/guards_promises_test.go","test_fixture","service/global","54","55f3a35b32ea97ccac8459fd1efe2515049f91e3","False","0","False","","","","unknown","unknown","unknown"
"kit","service/global/missing_guards_promises_test.go","test_fixture","service/global","28","55f3a35b32ea97ccac8459fd1efe2515049f91e3","False","0","False","","","","unknown","unknown","unknown"
"kit","service/global/promises_test.go","test_fixture","service/global","106","55f3a35b32ea97ccac8459fd1efe2515049f91e3","False","0","False","","","","unknown","unknown","unknown"
"kit","service/global/redis_store.go","primary","service/global","55","55f3a35b32ea97ccac8459fd1efe2515049f91e3","False","0","False","","","","unknown","unknown","unknown"
"kit","service/global/routing_rpc_assembly_gen.go","generated","service/global","270","55f3a35b32ea97ccac8459fd1efe2515049f91e3","False","0","False","","","","unknown","unknown","unknown"
"kit","service/global/routing_rpc_gen.go","generated","service/global","636","55f3a35b32ea97ccac8459fd1efe2515049f91e3","False","0","False","","","","unknown","unknown","unknown"
"kit","service/global/server_run.go","primary","service/global","27","55f3a35b32ea97ccac8459fd1efe2515049f91e3","False","0","False","","","","unknown","unknown","unknown"
"kit","service/global/service.go","primary","service/global","455","55f3a35b32ea97ccac8459fd1efe2515049f91e3","False","0","False","","","","unknown","unknown","unknown"
"kit","service/global/types.go","primary","service/global","273","55f3a35b32ea97ccac8459fd1efe2515049f91e3","False","0","False","","","","unknown","unknown","unknown"
"kit","service/integration/client_mods_test.go","test_fixture","service/integration","47","55f3a35b32ea97ccac8459fd1efe2515049f91e3","False","0","False","","","","unknown","unknown","unknown"
"kit","service/integration/doc.go","primary","service/integration","28","55f3a35b32ea97ccac8459fd1efe2515049f91e3","False","0","False","","","","unknown","unknown","unknown"
"kit","service/integration/mods_test.go","test_fixture","service/integration","1052","55f3a35b32ea97ccac8459fd1efe2515049f91e3","False","0","False","","","","unknown","unknown","unknown"
"kit","service/integration/redis_test.go","test_fixture","service/integration","983","55f3a35b32ea97ccac8459fd1efe2515049f91e3","False","0","False","","","","unknown","unknown","unknown"
"kit","service/mail/alias.go","primary","service/mail","157","55f3a35b32ea97ccac8459fd1efe2515049f91e3","False","0","False","","","","unknown","unknown","unknown"
"kit","service/mail/fake_envelopes_test.go","test_fixture","service/mail","98","55f3a35b32ea97ccac8459fd1efe2515049f91e3","False","0","False","","","","unknown","unknown","unknown"
"kit","service/mail/harness_test.go","test_fixture","service/mail","79","55f3a35b32ea97ccac8459fd1efe2515049f91e3","False","0","False","","","","unknown","unknown","unknown"
"kit","service/mail/mail_mod.go","primary","service/mail","119","55f3a35b32ea97ccac8459fd1efe2515049f91e3","False","0","False","","","","unknown","unknown","unknown"
"kit","service/mail/mail_mod_test.go","test_fixture","service/mail","87","55f3a35b32ea97ccac8459fd1efe2515049f91e3","False","0","False","","","","unknown","unknown","unknown"
"kit","service/mail/mail_rpc_assembly_gen.go","generated","service/mail","270","55f3a35b32ea97ccac8459fd1efe2515049f91e3","False","0","False","","","","unknown","unknown","unknown"
"kit","service/mail/rpc_test.go","test_fixture","service/mail","298","55f3a35b32ea97ccac8459fd1efe2515049f91e3","False","0","False","","","","unknown","unknown","unknown"
"kit","service/mail/server_run.go","primary","service/mail","22","55f3a35b32ea97ccac8459fd1efe2515049f91e3","False","0","False","","","","unknown","unknown","unknown"
"kit","service/mail/wiring_promises_test.go","test_fixture","service/mail","79","55f3a35b32ea97ccac8459fd1efe2515049f91e3","False","0","False","","","","unknown","unknown","unknown"
"kit","service/match/alias.go","primary","service/match","139","55f3a35b32ea97ccac8459fd1efe2515049f91e3","False","0","False","","","","unknown","unknown","unknown"
"kit","service/match/grouping_contract_promises_test.go","test_fixture","service/match","26","55f3a35b32ea97ccac8459fd1efe2515049f91e3","False","0","False","","","","unknown","unknown","unknown"
"kit","service/match/match_mod.go","primary","service/match","129","55f3a35b32ea97ccac8459fd1efe2515049f91e3","True","1","False","","","","unknown","unknown","unknown"
"kit","service/match/matchmaker_rpc_assembly_gen.go","generated","service/match","270","55f3a35b32ea97ccac8459fd1efe2515049f91e3","False","0","False","","","","unknown","unknown","unknown"
"kit","service/match/server_run.go","primary","service/match","87","55f3a35b32ea97ccac8459fd1efe2515049f91e3","False","0","False","","","","unknown","unknown","unknown"
"kit","service/match/sweep_run_test.go","test_fixture","service/match","121","55f3a35b32ea97ccac8459fd1efe2515049f91e3","False","0","False","","","","unknown","unknown","unknown"
"kit","service/platform/admin.go","primary","service/platform","216","55f3a35b32ea97ccac8459fd1efe2515049f91e3","False","0","False","","","","unknown","unknown","unknown"
"kit","service/platform/admin_test.go","test_fixture","service/platform","348","55f3a35b32ea97ccac8459fd1efe2515049f91e3","False","0","False","","","","unknown","unknown","unknown"
"kit","service/platform/errcode_test.go","test_fixture","service/platform","167","55f3a35b32ea97ccac8459fd1efe2515049f91e3","False","0","False","","","","unknown","unknown","unknown"
"kit","service/platform/identity.go","primary","service/platform","113","55f3a35b32ea97ccac8459fd1efe2515049f91e3","False","0","False","","","","unknown","unknown","unknown"
"kit","service/platform/order_guards_promises_test.go","test_fixture","service/platform","66","55f3a35b32ea97ccac8459fd1efe2515049f91e3","False","0","False","","","","unknown","unknown","unknown"
"kit","service/platform/order_race_promises_test.go","test_fixture","service/platform","94","55f3a35b32ea97ccac8459fd1efe2515049f91e3","False","0","False","","","","unknown","unknown","unknown"
"kit","service/platform/platform_mod.go","primary","service/platform","154","55f3a35b32ea97ccac8459fd1efe2515049f91e3","True","1","False","","","","unknown","unknown","unknown"
"kit","service/platform/platform_mod_test.go","test_fixture","service/platform","109","55f3a35b32ea97ccac8459fd1efe2515049f91e3","False","0","False","","","","unknown","unknown","unknown"
"kit","service/platform/platform_rpc.go","primary","service/platform","65","55f3a35b32ea97ccac8459fd1efe2515049f91e3","False","0","False","","","","unknown","unknown","unknown"
"kit","service/platform/platform_rpc_assembly_gen.go","generated","service/platform","270","55f3a35b32ea97ccac8459fd1efe2515049f91e3","True","1","False","","","","unknown","unknown","unknown"
"kit","service/platform/platform_rpc_gen.go","generated","service/platform","334","55f3a35b32ea97ccac8459fd1efe2515049f91e3","False","0","False","","","","unknown","unknown","unknown"
"kit","service/platform/platform_test.go","test_fixture","service/platform","859","55f3a35b32ea97ccac8459fd1efe2515049f91e3","False","0","False","","","","unknown","unknown","unknown"
"kit","service/platform/race_test.go","test_fixture","service/platform","117","55f3a35b32ea97ccac8459fd1efe2515049f91e3","False","0","False","","","","unknown","unknown","unknown"
"kit","service/platform/redis_store.go","primary","service/platform","34","55f3a35b32ea97ccac8459fd1efe2515049f91e3","False","0","False","","","","unknown","unknown","unknown"
"kit","service/platform/server_run.go","primary","service/platform","82","55f3a35b32ea97ccac8459fd1efe2515049f91e3","True","1","False","","","","unknown","unknown","unknown"
"kit","service/platform/service.go","primary","service/platform","618","55f3a35b32ea97ccac8459fd1efe2515049f91e3","False","0","False","","","","unknown","unknown","unknown"
"kit","service/platform/types.go","primary","service/platform","306","55f3a35b32ea97ccac8459fd1efe2515049f91e3","False","0","False","","","","unknown","unknown","unknown"
"kit","service/platform/validate_promises_test.go","test_fixture","service/platform","82","55f3a35b32ea97ccac8459fd1efe2515049f91e3","False","0","False","","","","unknown","unknown","unknown"
"kit","service/rank/errcode_test.go","test_fixture","service/rank","148","55f3a35b32ea97ccac8459fd1efe2515049f91e3","False","0","False","","","","unknown","unknown","unknown"
"kit","service/rank/fake_redis_test.go","test_fixture","service/rank","216","55f3a35b32ea97ccac8459fd1efe2515049f91e3","False","0","False","","","","unknown","unknown","unknown"
"kit","service/rank/lua_shape_promises_test.go","test_fixture","service/rank","55","55f3a35b32ea97ccac8459fd1efe2515049f91e3","False","0","False","","","","unknown","unknown","unknown"
"kit","service/rank/member.go","primary","service/rank","99","55f3a35b32ea97ccac8459fd1efe2515049f91e3","False","0","False","","","","unknown","unknown","unknown"
"kit","service/rank/member_promises_test.go","test_fixture","service/rank","37","55f3a35b32ea97ccac8459fd1efe2515049f91e3","False","0","False","","","","unknown","unknown","unknown"
"kit","service/rank/member_test.go","test_fixture","service/rank","147","55f3a35b32ea97ccac8459fd1efe2515049f91e3","False","0","False","","","","unknown","unknown","unknown"
"kit","service/rank/owner_guards_promises_test.go","test_fixture","service/rank","24","55f3a35b32ea97ccac8459fd1efe2515049f91e3","False","0","False","","","","unknown","unknown","unknown"
"kit","service/rank/rank.go","primary","service/rank","49","55f3a35b32ea97ccac8459fd1efe2515049f91e3","False","0","False","","","","unknown","unknown","unknown"
"kit","service/rank/rank_mod.go","primary","service/rank","90","55f3a35b32ea97ccac8459fd1efe2515049f91e3","False","0","False","","","","unknown","unknown","unknown"
"kit","service/rank/rank_mod_test.go","test_fixture","service/rank","92","55f3a35b32ea97ccac8459fd1efe2515049f91e3","False","0","False","","","","unknown","unknown","unknown"
"kit","service/rank/rank_rpc_assembly_gen.go","generated","service/rank","270","55f3a35b32ea97ccac8459fd1efe2515049f91e3","False","0","False","","","","unknown","unknown","unknown"
"kit","service/rank/rank_rpc_gen.go","generated","service/rank","467","55f3a35b32ea97ccac8459fd1efe2515049f91e3","False","0","False","","","","unknown","unknown","unknown"
"kit","service/rank/redis_integration_test.go","test_fixture","service/rank","183","55f3a35b32ea97ccac8459fd1efe2515049f91e3","False","0","False","","","","unknown","unknown","unknown"
"kit","service/rank/redis_store.go","primary","service/rank","454","55f3a35b32ea97ccac8459fd1efe2515049f91e3","False","0","False","","","","unknown","unknown","unknown"
"kit","service/rank/server_run.go","primary","service/rank","20","55f3a35b32ea97ccac8459fd1efe2515049f91e3","False","0","False","","","","unknown","unknown","unknown"
"kit","service/rank/store.go","primary","service/rank","81","55f3a35b32ea97ccac8459fd1efe2515049f91e3","False","0","False","","","","unknown","unknown","unknown"
"kit","service/rank/store_test.go","test_fixture","service/rank","581","55f3a35b32ea97ccac8459fd1efe2515049f91e3","False","0","False","","","","unknown","unknown","unknown"
"kit","service/rank/types.go","primary","service/rank","218","55f3a35b32ea97ccac8459fd1efe2515049f91e3","False","0","False","","","","unknown","unknown","unknown"
"kit","service/servicemetrics/servicemetrics.go","primary","service/servicemetrics","28","55f3a35b32ea97ccac8459fd1efe2515049f91e3","False","0","False","","","","unknown","unknown","unknown"
"kit","service/session/admin_test.go","test_fixture","service/session","16","55f3a35b32ea97ccac8459fd1efe2515049f91e3","False","0","False","","","","unknown","unknown","unknown"
"kit","service/session/alias.go","primary","service/session","138","55f3a35b32ea97ccac8459fd1efe2515049f91e3","False","0","False","","","","unknown","unknown","unknown"
"kit","service/session/harness_test.go","test_fixture","service/session","25","55f3a35b32ea97ccac8459fd1efe2515049f91e3","False","0","False","","","","unknown","unknown","unknown"
"kit","service/session/server_run.go","primary","service/session","84","55f3a35b32ea97ccac8459fd1efe2515049f91e3","False","0","False","","","","unknown","unknown","unknown"
"kit","service/session/session_mod.go","primary","service/session","114","55f3a35b32ea97ccac8459fd1efe2515049f91e3","False","0","False","","","","unknown","unknown","unknown"
"kit","service/session/session_mod_test.go","test_fixture","service/session","76","55f3a35b32ea97ccac8459fd1efe2515049f91e3","False","0","False","","","","unknown","unknown","unknown"
"kit","service/session/session_rpc_assembly_gen.go","generated","service/session","270","55f3a35b32ea97ccac8459fd1efe2515049f91e3","False","0","False","","","","unknown","unknown","unknown"
"kit","statslog/gauges_test.go","test_fixture","statslog","104","55f3a35b32ea97ccac8459fd1efe2515049f91e3","False","0","False","","","","unknown","unknown","unknown"
"kit","statslog/statslog.go","primary","statslog","476","55f3a35b32ea97ccac8459fd1efe2515049f91e3","False","0","False","","","","unknown","unknown","unknown"
"kit","statslog/statslog_test.go","test_fixture","statslog","222","55f3a35b32ea97ccac8459fd1efe2515049f91e3","False","0","False","","","","unknown","unknown","unknown"
"codegen","cmd/attribute/main.go","primary","cmd/attribute","17","2e09c169a354b61edc357cb78665c5d18a1dc199","False","0","False","","","","unknown","unknown","unknown"
"codegen","cmd/cfggen/main.go","primary","cmd/cfggen","17","2e09c169a354b61edc357cb78665c5d18a1dc199","False","0","False","","","","unknown","unknown","unknown"
"codegen","cmd/dao/main.go","primary","cmd/dao","17","2e09c169a354b61edc357cb78665c5d18a1dc199","False","0","False","","","","unknown","unknown","unknown"
"codegen","cmd/entity/main.go","primary","cmd/entity","17","2e09c169a354b61edc357cb78665c5d18a1dc199","False","0","False","","","","unknown","unknown","unknown"
"codegen","cmd/errcode/main.go","primary","cmd/errcode","17","2e09c169a354b61edc357cb78665c5d18a1dc199","False","0","False","","","","unknown","unknown","unknown"
"codegen","cmd/eventgen/main.go","primary","cmd/eventgen","17","2e09c169a354b61edc357cb78665c5d18a1dc199","False","0","False","","","","unknown","unknown","unknown"
"codegen","cmd/nest/main.go","primary","cmd/nest","17","2e09c169a354b61edc357cb78665c5d18a1dc199","False","0","False","","","","unknown","unknown","unknown"
"codegen","cmd/project/main.go","primary","cmd/project","22","2e09c169a354b61edc357cb78665c5d18a1dc199","False","0","False","","","","unknown","unknown","unknown"
"codegen","cmd/protocol/main.go","primary","cmd/protocol","17","2e09c169a354b61edc357cb78665c5d18a1dc199","False","0","False","","","","unknown","unknown","unknown"
"codegen","cmd/roost/main.go","primary","cmd/roost","17","2e09c169a354b61edc357cb78665c5d18a1dc199","False","0","False","","","","unknown","unknown","unknown"
"codegen","cmd/servicerpc/main.go","primary","cmd/servicerpc","17","2e09c169a354b61edc357cb78665c5d18a1dc199","False","0","False","","","","unknown","unknown","unknown"
"codegen","cmd/tablegen/main.go","primary","cmd/tablegen","17","2e09c169a354b61edc357cb78665c5d18a1dc199","False","0","False","","","","unknown","unknown","unknown"
"codegen","cmd/webroute/main.go","primary","cmd/webroute","17","2e09c169a354b61edc357cb78665c5d18a1dc199","False","0","False","","","","unknown","unknown","unknown"
"codegen","demo/cmd/accountctl/main.go.tmpl","example_demo","demo/cmd/accountctl","113","2e09c169a354b61edc357cb78665c5d18a1dc199","False","0","False","","","","unknown","unknown","unknown"
"codegen","demo/cmd/loadtest/main.go.tmpl","example_demo","demo/cmd/loadtest","790","2e09c169a354b61edc357cb78665c5d18a1dc199","False","0","False","","","","unknown","unknown","unknown"
"codegen","demo/configs/schema/item.go.tmpl","example_demo","demo/configs/schema","19","2e09c169a354b61edc357cb78665c5d18a1dc199","False","0","False","","","","unknown","unknown","unknown"
"codegen","demo/db/def/player.go.tmpl","example_demo","demo/db/def","11","2e09c169a354b61edc357cb78665c5d18a1dc199","False","0","False","","","","unknown","unknown","unknown"
"codegen","demo/db/def/world.go.tmpl","example_demo","demo/db/def","16","2e09c169a354b61edc357cb78665c5d18a1dc199","False","0","False","","","","unknown","unknown","unknown"
"codegen","demo/embed.go","example_demo","demo","23","2e09c169a354b61edc357cb78665c5d18a1dc199","False","0","False","","","","unknown","unknown","unknown"
"codegen","demo/game/battle/battle.go.tmpl","example_demo","demo/game/battle","154","2e09c169a354b61edc357cb78665c5d18a1dc199","False","0","False","","","","unknown","unknown","unknown"
"codegen","demo/game/chatroom/chatroom.go.tmpl","example_demo","demo/game/chatroom","98","2e09c169a354b61edc357cb78665c5d18a1dc199","False","0","False","","","","unknown","unknown","unknown"
"codegen","demo/game/controllers/player/add_exp.go.tmpl","example_demo","demo/game/controllers/player","42","2e09c169a354b61edc357cb78665c5d18a1dc199","False","0","False","","","","unknown","unknown","unknown"
"codegen","demo/game/controllers/player/add_item.go.tmpl","example_demo","demo/game/controllers/player","47","2e09c169a354b61edc357cb78665c5d18a1dc199","False","0","False","","","","unknown","unknown","unknown"
"codegen","demo/game/controllers/player/battle_input.go.tmpl","example_demo","demo/game/controllers/player","36","2e09c169a354b61edc357cb78665c5d18a1dc199","False","0","False","","","","unknown","unknown","unknown"
"codegen","demo/game/controllers/player/chat_history.go.tmpl","example_demo","demo/game/controllers/player","46","2e09c169a354b61edc357cb78665c5d18a1dc199","False","0","False","","","","unknown","unknown","unknown"
"codegen","demo/game/controllers/player/chat_push.go.tmpl","example_demo","demo/game/controllers/player","77","2e09c169a354b61edc357cb78665c5d18a1dc199","False","0","False","","","","unknown","unknown","unknown"
"codegen","demo/game/controllers/player/claim_mail.go.tmpl","example_demo","demo/game/controllers/player","79","2e09c169a354b61edc357cb78665c5d18a1dc199","False","0","False","","","","unknown","unknown","unknown"
"codegen","demo/game/controllers/player/controller.go.tmpl","example_demo","demo/game/controllers/player","215","2e09c169a354b61edc357cb78665c5d18a1dc199","False","0","False","","","","unknown","unknown","unknown"
"codegen","demo/game/controllers/player/enter_dungeon.go.tmpl","example_demo","demo/game/controllers/player","41","2e09c169a354b61edc357cb78665c5d18a1dc199","False","0","False","","","","unknown","unknown","unknown"
"codegen","demo/game/controllers/player/enter_game.go.tmpl","example_demo","demo/game/controllers/player","55","2e09c169a354b61edc357cb78665c5d18a1dc199","False","0","False","","","","unknown","unknown","unknown"
"codegen","demo/game/controllers/player/finish_dungeon.go.tmpl","example_demo","demo/game/controllers/player","70","2e09c169a354b61edc357cb78665c5d18a1dc199","True","1","False","","","","unknown","unknown","unknown"
"codegen","demo/game/controllers/player/gift_status.go.tmpl","example_demo","demo/game/controllers/player","54","2e09c169a354b61edc357cb78665c5d18a1dc199","False","0","False","","","","unknown","unknown","unknown"
"codegen","demo/game/controllers/player/join_queue.go.tmpl","example_demo","demo/game/controllers/player","61","2e09c169a354b61edc357cb78665c5d18a1dc199","False","0","False","","","","unknown","unknown","unknown"
"codegen","demo/game/controllers/player/list_mail.go.tmpl","example_demo","demo/game/controllers/player","37","2e09c169a354b61edc357cb78665c5d18a1dc199","False","0","False","","","","unknown","unknown","unknown"
"codegen","demo/game/controllers/player/poll_match.go.tmpl","example_demo","demo/game/controllers/player","55","2e09c169a354b61edc357cb78665c5d18a1dc199","False","0","False","","","","unknown","unknown","unknown"
"codegen","demo/game/controllers/player/send_chat.go.tmpl","example_demo","demo/game/controllers/player","46","2e09c169a354b61edc357cb78665c5d18a1dc199","False","0","False","","","","unknown","unknown","unknown"
"codegen","demo/game/controllers/player/send_gift.go.tmpl","example_demo","demo/game/controllers/player","42","2e09c169a354b61edc357cb78665c5d18a1dc199","False","0","False","","","","unknown","unknown","unknown"
"codegen","demo/game/controllers/player/skill_catalog.go.tmpl","example_demo","demo/game/controllers/player","50","2e09c169a354b61edc357cb78665c5d18a1dc199","False","0","False","","","","unknown","unknown","unknown"
"codegen","demo/game/controllers/player/world_stats.go.tmpl","example_demo","demo/game/controllers/player","29","2e09c169a354b61edc357cb78665c5d18a1dc199","False","0","False","","","","unknown","unknown","unknown"
"codegen","demo/game/effects/level_up.go.tmpl","example_demo","demo/game/effects","42","2e09c169a354b61edc357cb78665c5d18a1dc199","False","0","False","","","","unknown","unknown","unknown"
"codegen","demo/game/entities/player/bag_component.go.tmpl","example_demo","demo/game/entities/player","99","2e09c169a354b61edc357cb78665c5d18a1dc199","False","0","False","","","","unknown","unknown","unknown"
"codegen","demo/game/entities/player/entity.go.tmpl","example_demo","demo/game/entities/player","33","2e09c169a354b61edc357cb78665c5d18a1dc199","False","0","False","","","","unknown","unknown","unknown"
"codegen","demo/game/entities/player/profile_component.go.tmpl","example_demo","demo/game/entities/player","98","2e09c169a354b61edc357cb78665c5d18a1dc199","False","0","False","","","","unknown","unknown","unknown"
"codegen","demo/game/entities/world/entity.go.tmpl","example_demo","demo/game/entities/world","25","2e09c169a354b61edc357cb78665c5d18a1dc199","False","0","False","","","","unknown","unknown","unknown"
"codegen","demo/game/entities/world/stats_component.go.tmpl","example_demo","demo/game/entities/world","78","2e09c169a354b61edc357cb78665c5d18a1dc199","False","0","False","","","","unknown","unknown","unknown"
"codegen","demo/game/gift/gift.go.tmpl","example_demo","demo/game/gift","100","2e09c169a354b61edc357cb78665c5d18a1dc199","False","0","False","","","","unknown","unknown","unknown"
"codegen","demo/game/handler/add_exp.go.tmpl","example_demo","demo/game/handler","26","2e09c169a354b61edc357cb78665c5d18a1dc199","False","0","False","","","","unknown","unknown","unknown"
"codegen","demo/game/handler/add_item.go.tmpl","example_demo","demo/game/handler","18","2e09c169a354b61edc357cb78665c5d18a1dc199","False","0","False","","","","unknown","unknown","unknown"
"codegen","demo/game/handler/gift_debit.go.tmpl","example_demo","demo/game/handler","15","2e09c169a354b61edc357cb78665c5d18a1dc199","False","0","False","","","","unknown","unknown","unknown"
"codegen","demo/game/handler/player_level.go.tmpl","example_demo","demo/game/handler","13","2e09c169a354b61edc357cb78665c5d18a1dc199","False","0","False","","","","unknown","unknown","unknown"
"codegen","demo/game/handler/record_enter.go.tmpl","example_demo","demo/game/handler","15","2e09c169a354b61edc357cb78665c5d18a1dc199","False","0","False","","","","unknown","unknown","unknown"
"codegen","demo/game/handler/record_match.go.tmpl","example_demo","demo/game/handler","14","2e09c169a354b61edc357cb78665c5d18a1dc199","False","0","False","","","","unknown","unknown","unknown"
"codegen","demo/game/handler/start_gift.go.tmpl","example_demo","demo/game/handler","48","2e09c169a354b61edc357cb78665c5d18a1dc199","False","0","False","","","","unknown","unknown","unknown"
"codegen","demo/game/handler/world_stats.go.tmpl","example_demo","demo/game/handler","13","2e09c169a354b61edc357cb78665c5d18a1dc199","False","0","False","","","","unknown","unknown","unknown"
"codegen","demo/game/matchmaking/queue.go.tmpl","example_demo","demo/game/matchmaking","70","2e09c169a354b61edc357cb78665c5d18a1dc199","False","0","False","","","","unknown","unknown","unknown"
"codegen","demo/game/rewards/rewards.go.tmpl","example_demo","demo/game/rewards","45","2e09c169a354b61edc357cb78665c5d18a1dc199","False","0","False","","","","unknown","unknown","unknown"
"codegen","demo/internal/access/player/tcp/auth.go.tmpl","example_demo","demo/internal/access/player/tcp","98","2e09c169a354b61edc357cb78665c5d18a1dc199","False","0","False","","","","unknown","unknown","unknown"
"codegen","demo/internal/errors/bag_full.go.tmpl","example_demo","demo/internal/errors","7","2e09c169a354b61edc357cb78665c5d18a1dc199","False","0","False","","","","unknown","unknown","unknown"
"codegen","demo/internal/errors/battle_busy.go.tmpl","example_demo","demo/internal/errors","7","2e09c169a354b61edc357cb78665c5d18a1dc199","False","0","False","","","","unknown","unknown","unknown"
"codegen","demo/internal/errors/battle_not_found.go.tmpl","example_demo","demo/internal/errors","7","2e09c169a354b61edc357cb78665c5d18a1dc199","False","0","False","","","","unknown","unknown","unknown"
"codegen","demo/internal/errors/battle_not_seated.go.tmpl","example_demo","demo/internal/errors","7","2e09c169a354b61edc357cb78665c5d18a1dc199","False","0","False","","","","unknown","unknown","unknown"
"codegen","demo/internal/errors/exp_amount.go.tmpl","example_demo","demo/internal/errors","7","2e09c169a354b61edc357cb78665c5d18a1dc199","False","0","False","","","","unknown","unknown","unknown"
"codegen","demo/internal/errors/item_count.go.tmpl","example_demo","demo/internal/errors","7","2e09c169a354b61edc357cb78665c5d18a1dc199","False","0","False","","","","unknown","unknown","unknown"
"codegen","demo/internal/errors/item_short.go.tmpl","example_demo","demo/internal/errors","7","2e09c169a354b61edc357cb78665c5d18a1dc199","False","0","False","","","","unknown","unknown","unknown"
"codegen","demo/internal/errors/item_unknown.go.tmpl","example_demo","demo/internal/errors","13","2e09c169a354b61edc357cb78665c5d18a1dc199","False","0","False","","","","unknown","unknown","unknown"
"codegen","demo/internal/errors/name_empty.go.tmpl","example_demo","demo/internal/errors","7","2e09c169a354b61edc357cb78665c5d18a1dc199","False","0","False","","","","unknown","unknown","unknown"
"codegen","demo/internal/service/account/collaborators.go.tmpl","example_demo","demo/internal/service/account","126","2e09c169a354b61edc357cb78665c5d18a1dc199","False","0","False","","","","unknown","unknown","unknown"
"codegen","demo/internal/service/chat/collaborators.go.tmpl","example_demo","demo/internal/service/chat","88","2e09c169a354b61edc357cb78665c5d18a1dc199","False","0","False","","","","unknown","unknown","unknown"
"codegen","demo/internal/service/game/battle.go.tmpl","example_demo","demo/internal/service/game","372","2e09c169a354b61edc357cb78665c5d18a1dc199","True","1","False","","","","unknown","unknown","unknown"
"codegen","demo/internal/service/game/gift_saga.go.tmpl","example_demo","demo/internal/service/game","251","2e09c169a354b61edc357cb78665c5d18a1dc199","False","0","False","","","","unknown","unknown","unknown"
"codegen","demo/internal/service/game/gm.go.tmpl","example_demo","demo/internal/service/game","291","2e09c169a354b61edc357cb78665c5d18a1dc199","False","0","False","","","","unknown","unknown","unknown"
"codegen","demo/internal/service/game/level_up_mail.go.tmpl","example_demo","demo/internal/service/game","114","2e09c169a354b61edc357cb78665c5d18a1dc199","False","0","False","","","","unknown","unknown","unknown"
"codegen","demo/internal/service/game/matchmaker.go.tmpl","example_demo","demo/internal/service/game","158","2e09c169a354b61edc357cb78665c5d18a1dc199","True","1","False","","","","unknown","unknown","unknown"
"codegen","demo/internal/service/game/service.go.tmpl","example_demo","demo/internal/service/game","118","2e09c169a354b61edc357cb78665c5d18a1dc199","False","0","False","","","","unknown","unknown","unknown"
"codegen","demo/internal/service/session/collaborators.go.tmpl","example_demo","demo/internal/service/session","34","2e09c169a354b61edc357cb78665c5d18a1dc199","False","0","False","","","","unknown","unknown","unknown"
"codegen","demo/loadtest/playertcp/conn.go.tmpl","example_demo","demo/loadtest/playertcp","162","2e09c169a354b61edc357cb78665c5d18a1dc199","False","0","False","","","","unknown","unknown","unknown"
"codegen","demo/protocol/def/add_exp.go.tmpl","example_demo","demo/protocol/def","24","2e09c169a354b61edc357cb78665c5d18a1dc199","False","0","False","","","","unknown","unknown","unknown"
"codegen","demo/protocol/def/add_item.go.tmpl","example_demo","demo/protocol/def","28","2e09c169a354b61edc357cb78665c5d18a1dc199","False","0","False","","","","unknown","unknown","unknown"
"codegen","demo/protocol/def/battle_frame.go.tmpl","example_demo","demo/protocol/def","25","2e09c169a354b61edc357cb78665c5d18a1dc199","False","0","False","","","","unknown","unknown","unknown"
"codegen","demo/protocol/def/battle_input.go.tmpl","example_demo","demo/protocol/def","42","2e09c169a354b61edc357cb78665c5d18a1dc199","False","0","False","","","","unknown","unknown","unknown"
"codegen","demo/protocol/def/chat_history.go.tmpl","example_demo","demo/protocol/def","30","2e09c169a354b61edc357cb78665c5d18a1dc199","False","0","False","","","","unknown","unknown","unknown"
"codegen","demo/protocol/def/chat_message.go.tmpl","example_demo","demo/protocol/def","23","2e09c169a354b61edc357cb78665c5d18a1dc199","False","0","False","","","","unknown","unknown","unknown"
"codegen","demo/protocol/def/claim_mail.go.tmpl","example_demo","demo/protocol/def","24","2e09c169a354b61edc357cb78665c5d18a1dc199","False","0","False","","","","unknown","unknown","unknown"
"codegen","demo/protocol/def/enter_dungeon.go.tmpl","example_demo","demo/protocol/def","28","2e09c169a354b61edc357cb78665c5d18a1dc199","False","0","False","","","","unknown","unknown","unknown"
"codegen","demo/protocol/def/enter_game.go.tmpl","example_demo","demo/protocol/def","27","2e09c169a354b61edc357cb78665c5d18a1dc199","False","0","False","","","","unknown","unknown","unknown"
"codegen","demo/protocol/def/finish_dungeon.go.tmpl","example_demo","demo/protocol/def","29","2e09c169a354b61edc357cb78665c5d18a1dc199","False","0","False","","","","unknown","unknown","unknown"
"codegen","demo/protocol/def/gift_status.go.tmpl","example_demo","demo/protocol/def","30","2e09c169a354b61edc357cb78665c5d18a1dc199","False","0","False","","","","unknown","unknown","unknown"
"codegen","demo/protocol/def/join_queue.go.tmpl","example_demo","demo/protocol/def","27","2e09c169a354b61edc357cb78665c5d18a1dc199","False","0","False","","","","unknown","unknown","unknown"
"codegen","demo/protocol/def/list_mail.go.tmpl","example_demo","demo/protocol/def","39","2e09c169a354b61edc357cb78665c5d18a1dc199","False","0","False","","","","unknown","unknown","unknown"
"codegen","demo/protocol/def/match_found.go.tmpl","example_demo","demo/protocol/def","19","2e09c169a354b61edc357cb78665c5d18a1dc199","False","0","False","","","","unknown","unknown","unknown"
"codegen","demo/protocol/def/poll_match.go.tmpl","example_demo","demo/protocol/def","29","2e09c169a354b61edc357cb78665c5d18a1dc199","False","0","False","","","","unknown","unknown","unknown"
"codegen","demo/protocol/def/send_chat.go.tmpl","example_demo","demo/protocol/def","28","2e09c169a354b61edc357cb78665c5d18a1dc199","False","0","False","","","","unknown","unknown","unknown"
"codegen","demo/protocol/def/send_gift.go.tmpl","example_demo","demo/protocol/def","27","2e09c169a354b61edc357cb78665c5d18a1dc199","False","0","False","","","","unknown","unknown","unknown"
"codegen","demo/protocol/def/skill_catalog.go.tmpl","example_demo","demo/protocol/def","23","2e09c169a354b61edc357cb78665c5d18a1dc199","False","0","False","","","","unknown","unknown","unknown"
"codegen","demo/protocol/def/world_stats.go.tmpl","example_demo","demo/protocol/def","21","2e09c169a354b61edc357cb78665c5d18a1dc199","False","0","False","","","","unknown","unknown","unknown"
"codegen","internal/attribute/gen.go","primary","internal/attribute","184","2e09c169a354b61edc357cb78665c5d18a1dc199","True","1","False","","","","unknown","unknown","unknown"
"codegen","internal/attribute/main.go","primary","internal/attribute","53","2e09c169a354b61edc357cb78665c5d18a1dc199","False","0","False","","","","unknown","unknown","unknown"
"codegen","internal/attribute/parse.go","primary","internal/attribute","289","2e09c169a354b61edc357cb78665c5d18a1dc199","False","0","False","","","","unknown","unknown","unknown"
"codegen","internal/attribute/run_test.go","test_fixture","internal/attribute","31","2e09c169a354b61edc357cb78665c5d18a1dc199","False","0","False","","","","unknown","unknown","unknown"
"codegen","internal/attribute/types.go","primary","internal/attribute","28","2e09c169a354b61edc357cb78665c5d18a1dc199","False","0","False","","","","unknown","unknown","unknown"
"codegen","internal/attribute/util.go","primary","internal/attribute","163","2e09c169a354b61edc357cb78665c5d18a1dc199","False","0","False","","","","unknown","unknown","unknown"
"codegen","internal/attribute/util_promises_test.go","test_fixture","internal/attribute","22","2e09c169a354b61edc357cb78665c5d18a1dc199","False","0","False","","","","unknown","unknown","unknown"
"codegen","internal/attribute/validation_test.go","test_fixture","internal/attribute","53","2e09c169a354b61edc357cb78665c5d18a1dc199","False","0","False","","","","unknown","unknown","unknown"
"codegen","internal/cfggen/groups_exhausted_promises_test.go","test_fixture","internal/cfggen","29","2e09c169a354b61edc357cb78665c5d18a1dc199","False","0","False","","","","unknown","unknown","unknown"
"codegen","internal/cfggen/groups_test.go","test_fixture","internal/cfggen","207","2e09c169a354b61edc357cb78665c5d18a1dc199","False","0","False","","","","unknown","unknown","unknown"
"codegen","internal/cfggen/main.go","primary","internal/cfggen","926","2e09c169a354b61edc357cb78665c5d18a1dc199","False","0","False","","","","unknown","unknown","unknown"
"codegen","internal/cfggen/main_test.go","test_fixture","internal/cfggen","223","2e09c169a354b61edc357cb78665c5d18a1dc199","False","0","False","","","","unknown","unknown","unknown"
"codegen","internal/cfggen/meta_promises_test.go","test_fixture","internal/cfggen","74","2e09c169a354b61edc357cb78665c5d18a1dc199","False","0","False","","","","unknown","unknown","unknown"
"codegen","internal/cfggen/testdata/runtime/roundtrip_test.go","test_fixture","internal/cfggen/testdata/runtime","161","2e09c169a354b61edc357cb78665c5d18a1dc199","False","0","False","","","","unknown","unknown","unknown"
"codegen","internal/cfggen/validation_messages_test.go","test_fixture","internal/cfggen","29","2e09c169a354b61edc357cb78665c5d18a1dc199","False","0","False","","","","unknown","unknown","unknown"
"codegen","internal/dao/failfast_test.go","test_fixture","internal/dao","267","2e09c169a354b61edc357cb78665c5d18a1dc199","False","0","False","","","","unknown","unknown","unknown"
"codegen","internal/dao/gen.go","primary","internal/dao","551","2e09c169a354b61edc357cb78665c5d18a1dc199","False","0","False","","","","unknown","unknown","unknown"
"codegen","internal/dao/gen_promises_test.go","test_fixture","internal/dao","72","2e09c169a354b61edc357cb78665c5d18a1dc199","False","0","False","","","","unknown","unknown","unknown"
"codegen","internal/dao/golden_test.go","test_fixture","internal/dao","77","2e09c169a354b61edc357cb78665c5d18a1dc199","False","0","False","","","","unknown","unknown","unknown"
"codegen","internal/dao/main.go","primary","internal/dao","210","2e09c169a354b61edc357cb78665c5d18a1dc199","False","0","False","","","","unknown","unknown","unknown"
"codegen","internal/dao/nested_bson_promises_test.go","test_fixture","internal/dao","90","2e09c169a354b61edc357cb78665c5d18a1dc199","False","0","False","","","","unknown","unknown","unknown"
"codegen","internal/dao/parse.go","primary","internal/dao","613","2e09c169a354b61edc357cb78665c5d18a1dc199","False","0","False","","","","unknown","unknown","unknown"
"codegen","internal/dao/parse_test.go","test_fixture","internal/dao","558","2e09c169a354b61edc357cb78665c5d18a1dc199","False","0","False","","","","unknown","unknown","unknown"
"codegen","internal/dao/redis_marker_promises_test.go","test_fixture","internal/dao","27","2e09c169a354b61edc357cb78665c5d18a1dc199","False","0","False","","","","unknown","unknown","unknown"
"codegen","internal/dao/template_dao.go","primary","internal/dao","677","2e09c169a354b61edc357cb78665c5d18a1dc199","False","0","False","","","","unknown","unknown","unknown"
"codegen","internal/dao/template_helpers.go","primary","internal/dao","38","2e09c169a354b61edc357cb78665c5d18a1dc199","False","0","False","","","","unknown","unknown","unknown"
"codegen","internal/dao/template_nested.go","primary","internal/dao","202","2e09c169a354b61edc357cb78665c5d18a1dc199","True","1","False","","","","unknown","unknown","unknown"
"codegen","internal/dao/template_redis.go","primary","internal/dao","179","2e09c169a354b61edc357cb78665c5d18a1dc199","False","0","False","","","","unknown","unknown","unknown"
"codegen","internal/dao/testdata/def/hero.go","test_fixture","internal/dao/testdata/def","31","2e09c169a354b61edc357cb78665c5d18a1dc199","False","0","False","","","","unknown","unknown","unknown"
"codegen","internal/dao/testdata/def/package.go","test_fixture","internal/dao/testdata/def","2","2e09c169a354b61edc357cb78665c5d18a1dc199","False","0","False","","","","unknown","unknown","unknown"
"codegen","internal/dao/testdata/def/redis.go","test_fixture","internal/dao/testdata/def","23","2e09c169a354b61edc357cb78665c5d18a1dc199","False","0","False","","","","unknown","unknown","unknown"
"codegen","internal/dao/testdata/def/variety.go","test_fixture","internal/dao/testdata/def","20","2e09c169a354b61edc357cb78665c5d18a1dc199","False","0","False","","","","unknown","unknown","unknown"
"codegen","internal/dao/testdata/golden/gen_cache_session_redis_dao.go","test_fixture","internal/dao/testdata/golden","140","2e09c169a354b61edc357cb78665c5d18a1dc199","False","0","False","","","","unknown","unknown","unknown"
"codegen","internal/dao/testdata/golden/gen_dao_bson_helpers.go","test_fixture","internal/dao/testdata/golden","28","2e09c169a354b61edc357cb78665c5d18a1dc199","False","0","False","","","","unknown","unknown","unknown"
"codegen","internal/dao/testdata/golden/gen_equip_info_nested.go","test_fixture","internal/dao/testdata/golden","180","2e09c169a354b61edc357cb78665c5d18a1dc199","True","1","False","","","","unknown","unknown","unknown"
"codegen","internal/dao/testdata/golden/gen_gem_info_nested.go","test_fixture","internal/dao/testdata/golden","118","2e09c169a354b61edc357cb78665c5d18a1dc199","True","1","False","","","","unknown","unknown","unknown"
"codegen","internal/dao/testdata/golden/gen_hero_dao.go","test_fixture","internal/dao/testdata/golden","919","2e09c169a354b61edc357cb78665c5d18a1dc199","False","0","False","","","","unknown","unknown","unknown"
"codegen","internal/dao/testdata/golden/gen_position_nested.go","test_fixture","internal/dao/testdata/golden","118","2e09c169a354b61edc357cb78665c5d18a1dc199","False","0","False","","","","unknown","unknown","unknown"
"codegen","internal/dao/testdata/golden/gen_raw_session_redis_dao.go","test_fixture","internal/dao/testdata/golden","133","2e09c169a354b61edc357cb78665c5d18a1dc199","False","0","False","","","","unknown","unknown","unknown"
"codegen","internal/dao/testdata/golden/gen_variety_dao.go","test_fixture","internal/dao/testdata/golden","665","2e09c169a354b61edc357cb78665c5d18a1dc199","False","0","False","","","","unknown","unknown","unknown"
"codegen","internal/dao/testdata/runtime/roundtrip_test.go","test_fixture","internal/dao/testdata/runtime","108","2e09c169a354b61edc357cb78665c5d18a1dc199","False","0","False","","","","unknown","unknown","unknown"
"codegen","internal/dao/util.go","primary","internal/dao","23","2e09c169a354b61edc357cb78665c5d18a1dc199","False","0","False","","","","unknown","unknown","unknown"
"codegen","internal/entity/category_import_promises_test.go","test_fixture","internal/entity","106","2e09c169a354b61edc357cb78665c5d18a1dc199","False","0","False","","","","unknown","unknown","unknown"
"codegen","internal/entity/category_marker_promises_test.go","test_fixture","internal/entity","97","2e09c169a354b61edc357cb78665c5d18a1dc199","False","0","False","","","","unknown","unknown","unknown"
"codegen","internal/entity/gen.go","primary","internal/entity","630","2e09c169a354b61edc357cb78665c5d18a1dc199","True","5","True","review/REVIEW-2026-09-18.md","sync config template and generated consumer","2e09c169a354b61edc357cb78665c5d18a1dc199","True","unknown","unknown"
"codegen","internal/entity/gen_promises_test.go","test_fixture","internal/entity","47","2e09c169a354b61edc357cb78665c5d18a1dc199","False","0","False","","","","unknown","unknown","unknown"
"codegen","internal/entity/guard_tests_promises_test.go","test_fixture","internal/entity","73","2e09c169a354b61edc357cb78665c5d18a1dc199","True","1","False","","","","unknown","unknown","unknown"
"codegen","internal/entity/main.go","primary","internal/entity","170","2e09c169a354b61edc357cb78665c5d18a1dc199","True","4","True","review/REVIEW-2026-09-18.md","CLI generation entry","2e09c169a354b61edc357cb78665c5d18a1dc199","True","unknown","unknown"
"codegen","internal/entity/marker_promises_test.go","test_fixture","internal/entity","95","2e09c169a354b61edc357cb78665c5d18a1dc199","False","0","False","","","","unknown","unknown","unknown"
"codegen","internal/entity/multi_entity_package_promises_test.go","test_fixture","internal/entity","142","2e09c169a354b61edc357cb78665c5d18a1dc199","False","0","False","","","","unknown","unknown","unknown"
"codegen","internal/entity/output_multi_entity_promises_test.go","test_fixture","internal/entity","70","2e09c169a354b61edc357cb78665c5d18a1dc199","False","0","False","","","","unknown","unknown","unknown"
"codegen","internal/entity/parse.go","primary","internal/entity","693","2e09c169a354b61edc357cb78665c5d18a1dc199","True","2","True","review/REVIEW-2026-09-18.md","sync marker parsing","2e09c169a354b61edc357cb78665c5d18a1dc199","True","unknown","unknown"
"codegen","internal/entity/parse_test.go","test_fixture","internal/entity","262","2e09c169a354b61edc357cb78665c5d18a1dc199","False","0","False","","","","unknown","unknown","unknown"
"codegen","internal/entity/remote_capable_removed_promises_test.go","test_fixture","internal/entity","42","2e09c169a354b61edc357cb78665c5d18a1dc199","False","0","False","","","","unknown","unknown","unknown"
"codegen","internal/entity/run.go","primary","internal/entity","13","2e09c169a354b61edc357cb78665c5d18a1dc199","False","0","False","","","","unknown","unknown","unknown"
"codegen","internal/entity/run_test.go","test_fixture","internal/entity","16","2e09c169a354b61edc357cb78665c5d18a1dc199","False","0","False","","","","unknown","unknown","unknown"
"codegen","internal/entity/testdata/player.go","test_fixture","internal/entity/testdata","116","2e09c169a354b61edc357cb78665c5d18a1dc199","False","0","False","","","","unknown","unknown","unknown"
"codegen","internal/entity/testdata/player_gen_wire.go","test_fixture","internal/entity/testdata","160","2e09c169a354b61edc357cb78665c5d18a1dc199","True","1","False","","","","unknown","unknown","unknown"
"codegen","internal/entity/testdata/remote/guild.go","test_fixture","internal/entity/testdata/remote","53","2e09c169a354b61edc357cb78665c5d18a1dc199","True","2","False","","","","unknown","unknown","unknown"
"codegen","internal/entity/testdata/remote/guild_gen_wire.go","test_fixture","internal/entity/testdata/remote","194","2e09c169a354b61edc357cb78665c5d18a1dc199","True","3","False","","","","unknown","unknown","unknown"
"codegen","internal/entity/util.go","primary","internal/entity","23","2e09c169a354b61edc357cb78665c5d18a1dc199","False","0","False","","","","unknown","unknown","unknown"
"codegen","internal/errcode/export_test.go","test_fixture","internal/errcode","54","2e09c169a354b61edc357cb78665c5d18a1dc199","False","0","False","","","","unknown","unknown","unknown"
"codegen","internal/errcode/main.go","primary","internal/errcode","139","2e09c169a354b61edc357cb78665c5d18a1dc199","False","0","False","","","","unknown","unknown","unknown"
"codegen","internal/errcode/promises_test.go","test_fixture","internal/errcode","37","2e09c169a354b61edc357cb78665c5d18a1dc199","False","0","False","","","","unknown","unknown","unknown"
"codegen","internal/eventgen/args_promises_test.go","test_fixture","internal/eventgen","15","2e09c169a354b61edc357cb78665c5d18a1dc199","False","0","False","","","","unknown","unknown","unknown"
"codegen","internal/eventgen/gen.go","primary","internal/eventgen","145","2e09c169a354b61edc357cb78665c5d18a1dc199","False","0","False","","","","unknown","unknown","unknown"
"codegen","internal/eventgen/golden_test.go","test_fixture","internal/eventgen","42","2e09c169a354b61edc357cb78665c5d18a1dc199","False","0","False","","","","unknown","unknown","unknown"
"codegen","internal/eventgen/handler.go","primary","internal/eventgen","240","2e09c169a354b61edc357cb78665c5d18a1dc199","False","0","False","","","","unknown","unknown","unknown"
"codegen","internal/eventgen/handler_gen.go","primary","internal/eventgen","62","2e09c169a354b61edc357cb78665c5d18a1dc199","False","0","False","","","","unknown","unknown","unknown"
"codegen","internal/eventgen/handler_promises_test.go","test_fixture","internal/eventgen","82","2e09c169a354b61edc357cb78665c5d18a1dc199","False","0","False","","","","unknown","unknown","unknown"
"codegen","internal/eventgen/handler_test.go","test_fixture","internal/eventgen","111","2e09c169a354b61edc357cb78665c5d18a1dc199","False","0","False","","","","unknown","unknown","unknown"
"codegen","internal/eventgen/main.go","primary","internal/eventgen","127","2e09c169a354b61edc357cb78665c5d18a1dc199","False","0","False","","","","unknown","unknown","unknown"
"codegen","internal/eventgen/parse.go","primary","internal/eventgen","154","2e09c169a354b61edc357cb78665c5d18a1dc199","False","0","False","","","","unknown","unknown","unknown"
"codegen","internal/eventgen/parse_test.go","test_fixture","internal/eventgen","186","2e09c169a354b61edc357cb78665c5d18a1dc199","False","0","False","","","","unknown","unknown","unknown"
"codegen","internal/eventgen/run.go","primary","internal/eventgen","13","2e09c169a354b61edc357cb78665c5d18a1dc199","False","0","False","","","","unknown","unknown","unknown"
"codegen","internal/eventgen/run_test.go","test_fixture","internal/eventgen","16","2e09c169a354b61edc357cb78665c5d18a1dc199","False","0","False","","","","unknown","unknown","unknown"
"codegen","internal/eventgen/testdata/event_def.go","test_fixture","internal/eventgen/testdata","18","2e09c169a354b61edc357cb78665c5d18a1dc199","False","0","False","","","","unknown","unknown","unknown"
"codegen","internal/eventgen/testdata/game/player/player.go","test_fixture","internal/eventgen/testdata/game/player","18","2e09c169a354b61edc357cb78665c5d18a1dc199","False","0","False","","","","unknown","unknown","unknown"
"codegen","internal/eventgen/testdata/game/player/player_event_gen.go","test_fixture","internal/eventgen/testdata/game/player","22","2e09c169a354b61edc357cb78665c5d18a1dc199","False","0","False","","","","unknown","unknown","unknown"
"codegen","internal/genutil/golden.go","primary","internal/genutil","38","2e09c169a354b61edc357cb78665c5d18a1dc199","False","0","False","","","","unknown","unknown","unknown"
"codegen","internal/genutil/write.go","primary","internal/genutil","22","2e09c169a354b61edc357cb78665c5d18a1dc199","True","1","False","","","","unknown","unknown","unknown"
"codegen","internal/marker/marker.go","primary","internal/marker","105","2e09c169a354b61edc357cb78665c5d18a1dc199","False","0","False","","","","unknown","unknown","unknown"
"codegen","internal/marker/marker_test.go","test_fixture","internal/marker","91","2e09c169a354b61edc357cb78665c5d18a1dc199","False","0","False","","","","unknown","unknown","unknown"
"codegen","internal/nest/bootstrap.go","primary","internal/nest","204","2e09c169a354b61edc357cb78665c5d18a1dc199","False","0","False","","","","unknown","unknown","unknown"
"codegen","internal/nest/gen.go","primary","internal/nest","871","2e09c169a354b61edc357cb78665c5d18a1dc199","False","0","False","","","","unknown","unknown","unknown"
"codegen","internal/nest/guards_promises_test.go","test_fixture","internal/nest","70","2e09c169a354b61edc357cb78665c5d18a1dc199","False","0","False","","","","unknown","unknown","unknown"
"codegen","internal/nest/handler_promises_test.go","test_fixture","internal/nest","40","2e09c169a354b61edc357cb78665c5d18a1dc199","False","0","False","","","","unknown","unknown","unknown"
"codegen","internal/nest/main.go","primary","internal/nest","204","2e09c169a354b61edc357cb78665c5d18a1dc199","False","0","False","","","","unknown","unknown","unknown"
"codegen","internal/nest/nest_test.go","test_fixture","internal/nest","634","2e09c169a354b61edc357cb78665c5d18a1dc199","False","0","False","","","","unknown","unknown","unknown"
"codegen","internal/nest/parse.go","primary","internal/nest","704","2e09c169a354b61edc357cb78665c5d18a1dc199","False","0","False","","","","unknown","unknown","unknown"
"codegen","internal/nest/promises_test.go","test_fixture","internal/nest","64","2e09c169a354b61edc357cb78665c5d18a1dc199","False","0","False","","","","unknown","unknown","unknown"
"codegen","internal/nest/run.go","primary","internal/nest","13","2e09c169a354b61edc357cb78665c5d18a1dc199","False","0","False","","","","unknown","unknown","unknown"
"codegen","internal/nest/run_test.go","test_fixture","internal/nest","16","2e09c169a354b61edc357cb78665c5d18a1dc199","False","0","False","","","","unknown","unknown","unknown"
"codegen","internal/nest/sender_guard_test_promises_test.go","test_fixture","internal/nest","42","2e09c169a354b61edc357cb78665c5d18a1dc199","False","0","False","","","","unknown","unknown","unknown"
"codegen","internal/nest/testdata/handler.go","test_fixture","internal/nest/testdata","66","2e09c169a354b61edc357cb78665c5d18a1dc199","False","0","False","","","","unknown","unknown","unknown"
"codegen","internal/project/module.go","primary","internal/project","104","2e09c169a354b61edc357cb78665c5d18a1dc199","False","0","False","","","","unknown","unknown","unknown"
"codegen","internal/project/module_test.go","test_fixture","internal/project","69","2e09c169a354b61edc357cb78665c5d18a1dc199","False","0","False","","","","unknown","unknown","unknown"
"codegen","internal/project/package_promises_test.go","test_fixture","internal/project","24","2e09c169a354b61edc357cb78665c5d18a1dc199","False","0","False","","","","unknown","unknown","unknown"
"codegen","internal/protocol/classify.go","primary","internal/protocol","75","2e09c169a354b61edc357cb78665c5d18a1dc199","False","0","False","","","","unknown","unknown","unknown"
"codegen","internal/protocol/definition_promises_test.go","test_fixture","internal/protocol","44","2e09c169a354b61edc357cb78665c5d18a1dc199","False","0","False","","","","unknown","unknown","unknown"
"codegen","internal/protocol/gen.go","primary","internal/protocol","951","2e09c169a354b61edc357cb78665c5d18a1dc199","False","0","False","","","","unknown","unknown","unknown"
"codegen","internal/protocol/golden_test.go","test_fixture","internal/protocol","34","2e09c169a354b61edc357cb78665c5d18a1dc199","False","0","False","","","","unknown","unknown","unknown"
"codegen","internal/protocol/guards_promises_test.go","test_fixture","internal/protocol","87","2e09c169a354b61edc357cb78665c5d18a1dc199","False","0","False","","","","unknown","unknown","unknown"
"codegen","internal/protocol/parse.go","primary","internal/protocol","810","2e09c169a354b61edc357cb78665c5d18a1dc199","False","0","False","","","","unknown","unknown","unknown"
"codegen","internal/protocol/protocol_test.go","test_fixture","internal/protocol","95","2e09c169a354b61edc357cb78665c5d18a1dc199","False","0","False","","","","unknown","unknown","unknown"
"codegen","internal/protocol/reverse.go","primary","internal/protocol","373","2e09c169a354b61edc357cb78665c5d18a1dc199","False","0","False","","","","unknown","unknown","unknown"
"codegen","internal/protocol/run.go","primary","internal/protocol","199","2e09c169a354b61edc357cb78665c5d18a1dc199","False","0","False","","","","unknown","unknown","unknown"
"codegen","internal/protocol/types.go","primary","internal/protocol","97","2e09c169a354b61edc357cb78665c5d18a1dc199","False","0","False","","","","unknown","unknown","unknown"
"codegen","internal/protocol/util.go","primary","internal/protocol","214","2e09c169a354b61edc357cb78665c5d18a1dc199","False","0","False","","","","unknown","unknown","unknown"
"codegen","internal/protocol/validation_test.go","test_fixture","internal/protocol","40","2e09c169a354b61edc357cb78665c5d18a1dc199","False","0","False","","","","unknown","unknown","unknown"
"codegen","internal/registry/entity_alias_promises_test.go","test_fixture","internal/registry","82","2e09c169a354b61edc357cb78665c5d18a1dc199","False","0","False","","","","unknown","unknown","unknown"
"codegen","internal/registry/gen.go","primary","internal/registry","270","2e09c169a354b61edc357cb78665c5d18a1dc199","True","1","False","","","","unknown","unknown","unknown"
"codegen","internal/registry/parse.go","primary","internal/registry","268","2e09c169a354b61edc357cb78665c5d18a1dc199","False","0","False","","","","unknown","unknown","unknown"
"codegen","internal/registry/promises_test.go","test_fixture","internal/registry","46","2e09c169a354b61edc357cb78665c5d18a1dc199","False","0","False","","","","unknown","unknown","unknown"
"codegen","internal/registry/registry_test.go","test_fixture","internal/registry","390","2e09c169a354b61edc357cb78665c5d18a1dc199","False","0","False","","","","unknown","unknown","unknown"
"codegen","internal/registry/run.go","primary","internal/registry","70","2e09c169a354b61edc357cb78665c5d18a1dc199","False","0","False","","","","unknown","unknown","unknown"
"codegen","internal/registry/validate_promises_test.go","test_fixture","internal/registry","50","2e09c169a354b61edc357cb78665c5d18a1dc199","False","0","False","","","","unknown","unknown","unknown"
"codegen","internal/roost/add.go","primary","internal/roost","575","2e09c169a354b61edc357cb78665c5d18a1dc199","False","0","False","","","","unknown","unknown","unknown"
"codegen","internal/roost/add_entity.go","primary","internal/roost","378","2e09c169a354b61edc357cb78665c5d18a1dc199","False","0","False","","","","unknown","unknown","unknown"
"codegen","internal/roost/add_entity_category_promises_test.go","test_fixture","internal/roost","70","2e09c169a354b61edc357cb78665c5d18a1dc199","False","0","False","","","","unknown","unknown","unknown"
"codegen","internal/roost/add_mod_config_promises_test.go","test_fixture","internal/roost","62","2e09c169a354b61edc357cb78665c5d18a1dc199","False","0","False","","","","unknown","unknown","unknown"
"codegen","internal/roost/add_promises_test.go","test_fixture","internal/roost","87","2e09c169a354b61edc357cb78665c5d18a1dc199","False","0","False","","","","unknown","unknown","unknown"
"codegen","internal/roost/add_rpc.go","primary","internal/roost","317","2e09c169a354b61edc357cb78665c5d18a1dc199","False","0","False","","","","unknown","unknown","unknown"
"codegen","internal/roost/add_rpc_promises_test.go","test_fixture","internal/roost","101","2e09c169a354b61edc357cb78665c5d18a1dc199","False","0","False","","","","unknown","unknown","unknown"
"codegen","internal/roost/add_skill.go","primary","internal/roost","119","2e09c169a354b61edc357cb78665c5d18a1dc199","False","0","False","","","","unknown","unknown","unknown"
"codegen","internal/roost/add_workflow.go","primary","internal/roost","478","2e09c169a354b61edc357cb78665c5d18a1dc199","False","0","False","","","","unknown","unknown","unknown"
"codegen","internal/roost/catalog.go","primary","internal/roost","147","2e09c169a354b61edc357cb78665c5d18a1dc199","False","0","False","","","","unknown","unknown","unknown"
"codegen","internal/roost/cli.go","primary","internal/roost","588","2e09c169a354b61edc357cb78665c5d18a1dc199","True","5","False","","","","unknown","unknown","unknown"
"codegen","internal/roost/collaborators_imports_promises_test.go","test_fixture","internal/roost","47","2e09c169a354b61edc357cb78665c5d18a1dc199","False","0","False","","","","unknown","unknown","unknown"
"codegen","internal/roost/consolidate.go","primary","internal/roost","377","2e09c169a354b61edc357cb78665c5d18a1dc199","True","6","False","","","","unknown","unknown","unknown"
"codegen","internal/roost/consolidate_single_import_promises_test.go","test_fixture","internal/roost","49","2e09c169a354b61edc357cb78665c5d18a1dc199","False","0","False","","","","unknown","unknown","unknown"
"codegen","internal/roost/consolidate_test.go","test_fixture","internal/roost","205","2e09c169a354b61edc357cb78665c5d18a1dc199","True","1","False","","","","unknown","unknown","unknown"
"codegen","internal/roost/demo.go","primary","internal/roost","355","2e09c169a354b61edc357cb78665c5d18a1dc199","False","0","False","","","","unknown","unknown","unknown"
"codegen","internal/roost/demo_test.go","test_fixture","internal/roost","507","2e09c169a354b61edc357cb78665c5d18a1dc199","False","0","False","","","","unknown","unknown","unknown"
"codegen","internal/roost/dependencies.go","primary","internal/roost","211","2e09c169a354b61edc357cb78665c5d18a1dc199","False","0","False","","","","unknown","unknown","unknown"
"codegen","internal/roost/dependencies_test.go","test_fixture","internal/roost","238","2e09c169a354b61edc357cb78665c5d18a1dc199","False","0","False","","","","unknown","unknown","unknown"
"codegen","internal/roost/deploy_hygiene_test.go","test_fixture","internal/roost","347","2e09c169a354b61edc357cb78665c5d18a1dc199","False","0","False","","","","unknown","unknown","unknown"
"codegen","internal/roost/doctor.go","primary","internal/roost","884","2e09c169a354b61edc357cb78665c5d18a1dc199","True","1","False","","","","unknown","unknown","unknown"
"codegen","internal/roost/format.go","primary","internal/roost","52","2e09c169a354b61edc357cb78665c5d18a1dc199","False","0","False","","","","unknown","unknown","unknown"
"codegen","internal/roost/framework_release.go","primary","internal/roost","213","2e09c169a354b61edc357cb78665c5d18a1dc199","False","0","False","","","","unknown","unknown","unknown"
"codegen","internal/roost/framework_release_test.go","test_fixture","internal/roost","99","2e09c169a354b61edc357cb78665c5d18a1dc199","False","0","False","","","","unknown","unknown","unknown"
"codegen","internal/roost/framework_services.go","primary","internal/roost","539","2e09c169a354b61edc357cb78665c5d18a1dc199","True","1","False","","","","unknown","unknown","unknown"
"codegen","internal/roost/framework_services_test.go","test_fixture","internal/roost","265","2e09c169a354b61edc357cb78665c5d18a1dc199","False","0","False","","","","unknown","unknown","unknown"
"codegen","internal/roost/generate.go","primary","internal/roost","534","2e09c169a354b61edc357cb78665c5d18a1dc199","False","0","False","","","","unknown","unknown","unknown"
"codegen","internal/roost/help.go","primary","internal/roost","543","2e09c169a354b61edc357cb78665c5d18a1dc199","False","0","False","","","","unknown","unknown","unknown"
"codegen","internal/roost/help_test.go","test_fixture","internal/roost","124","2e09c169a354b61edc357cb78665c5d18a1dc199","False","0","False","","","","unknown","unknown","unknown"
"codegen","internal/roost/id.go","primary","internal/roost","135","2e09c169a354b61edc357cb78665c5d18a1dc199","False","0","False","","","","unknown","unknown","unknown"
"codegen","internal/roost/literal_coupling_test.go","test_fixture","internal/roost","71","2e09c169a354b61edc357cb78665c5d18a1dc199","False","0","False","","","","unknown","unknown","unknown"
"codegen","internal/roost/manager_mod_test.go","test_fixture","internal/roost","81","2e09c169a354b61edc357cb78665c5d18a1dc199","False","0","False","","","","unknown","unknown","unknown"
"codegen","internal/roost/manifest.go","primary","internal/roost","564","2e09c169a354b61edc357cb78665c5d18a1dc199","True","1","False","","","","unknown","unknown","unknown"
"codegen","internal/roost/manifest_legacy_test.go","test_fixture","internal/roost","65","2e09c169a354b61edc357cb78665c5d18a1dc199","False","0","False","","","","unknown","unknown","unknown"
"codegen","internal/roost/next_optional.go","primary","internal/roost","74","2e09c169a354b61edc357cb78665c5d18a1dc199","False","0","False","","","","unknown","unknown","unknown"
"codegen","internal/roost/next_optional_promises_test.go","test_fixture","internal/roost","82","2e09c169a354b61edc357cb78665c5d18a1dc199","False","0","False","","","","unknown","unknown","unknown"
"codegen","internal/roost/player_tcp_config.go","primary","internal/roost","186","2e09c169a354b61edc357cb78665c5d18a1dc199","False","0","False","","","","unknown","unknown","unknown"
"codegen","internal/roost/project.go","primary","internal/roost","695","2e09c169a354b61edc357cb78665c5d18a1dc199","True","2","False","","","","unknown","unknown","unknown"
"codegen","internal/roost/render.go","primary","internal/roost","1177","2e09c169a354b61edc357cb78665c5d18a1dc199","True","1","False","","","","unknown","unknown","unknown"
"codegen","internal/roost/render_access.go","primary","internal/roost","398","2e09c169a354b61edc357cb78665c5d18a1dc199","False","0","False","","","","unknown","unknown","unknown"
"codegen","internal/roost/render_cicd.go","primary","internal/roost","479","2e09c169a354b61edc357cb78665c5d18a1dc199","False","0","False","","","","unknown","unknown","unknown"
"codegen","internal/roost/render_deploy.go","primary","internal/roost","748","2e09c169a354b61edc357cb78665c5d18a1dc199","False","0","False","","","","unknown","unknown","unknown"
"codegen","internal/roost/render_dev_run.go","primary","internal/roost","185","2e09c169a354b61edc357cb78665c5d18a1dc199","False","0","False","","","","unknown","unknown","unknown"
"codegen","internal/roost/render_docs.go","primary","internal/roost","538","2e09c169a354b61edc357cb78665c5d18a1dc199","False","0","False","","","","unknown","unknown","unknown"
"codegen","internal/roost/render_player_tcp.go","primary","internal/roost","866","2e09c169a354b61edc357cb78665c5d18a1dc199","False","0","False","","","","unknown","unknown","unknown"
"codegen","internal/roost/render_workflow_docs.go","primary","internal/roost","572","2e09c169a354b61edc357cb78665c5d18a1dc199","False","0","False","","","","unknown","unknown","unknown"
"codegen","internal/roost/rollback_inspect_promises_test.go","test_fixture","internal/roost","28","2e09c169a354b61edc357cb78665c5d18a1dc199","False","0","False","","","","unknown","unknown","unknown"
"codegen","internal/roost/roost_test.go","test_fixture","internal/roost","1828","2e09c169a354b61edc357cb78665c5d18a1dc199","False","0","False","","","","unknown","unknown","unknown"
"codegen","internal/servicerpc/gen.go","primary","internal/servicerpc","318","2e09c169a354b61edc357cb78665c5d18a1dc199","False","0","False","","","","unknown","unknown","unknown"
"codegen","internal/servicerpc/golden_test.go","test_fixture","internal/servicerpc","421","2e09c169a354b61edc357cb78665c5d18a1dc199","False","0","False","","","","unknown","unknown","unknown"
"codegen","internal/servicerpc/halves_promises_test.go","test_fixture","internal/servicerpc","94","2e09c169a354b61edc357cb78665c5d18a1dc199","False","0","False","","","","unknown","unknown","unknown"
"codegen","internal/servicerpc/method_rules_promises_test.go","test_fixture","internal/servicerpc","27","2e09c169a354b61edc357cb78665c5d18a1dc199","False","0","False","","","","unknown","unknown","unknown"
"codegen","internal/servicerpc/parse.go","primary","internal/servicerpc","324","2e09c169a354b61edc357cb78665c5d18a1dc199","False","0","False","","","","unknown","unknown","unknown"
"codegen","internal/servicerpc/parse_test.go","test_fixture","internal/servicerpc","891","2e09c169a354b61edc357cb78665c5d18a1dc199","False","0","False","","","","unknown","unknown","unknown"
"codegen","internal/servicerpc/run.go","primary","internal/servicerpc","185","2e09c169a354b61edc357cb78665c5d18a1dc199","False","0","False","","","","unknown","unknown","unknown"
"codegen","internal/servicerpc/split_promises_test.go","test_fixture","internal/servicerpc","68","2e09c169a354b61edc357cb78665c5d18a1dc199","False","0","False","","","","unknown","unknown","unknown"
"codegen","internal/servicerpc/template.go","primary","internal/servicerpc","558","2e09c169a354b61edc357cb78665c5d18a1dc199","False","0","False","","","","unknown","unknown","unknown"
"codegen","internal/servicerpc/validate.go","primary","internal/servicerpc","342","2e09c169a354b61edc357cb78665c5d18a1dc199","False","0","False","","","","unknown","unknown","unknown"
"codegen","internal/servicerpc/wiresafe.go","primary","internal/servicerpc","147","2e09c169a354b61edc357cb78665c5d18a1dc199","False","0","False","","","","unknown","unknown","unknown"
"codegen","internal/tablegen/args_promises_test.go","test_fixture","internal/tablegen","15","2e09c169a354b61edc357cb78665c5d18a1dc199","False","0","False","","","","unknown","unknown","unknown"
"codegen","internal/tablegen/csv_rules_test.go","test_fixture","internal/tablegen","86","2e09c169a354b61edc357cb78665c5d18a1dc199","False","0","False","","","","unknown","unknown","unknown"
"codegen","internal/tablegen/main.go","primary","internal/tablegen","968","2e09c169a354b61edc357cb78665c5d18a1dc199","False","0","False","","","","unknown","unknown","unknown"
"codegen","internal/tablegen/main_test.go","test_fixture","internal/tablegen","42","2e09c169a354b61edc357cb78665c5d18a1dc199","False","0","False","","","","unknown","unknown","unknown"
"codegen","internal/tablegen/run_test.go","test_fixture","internal/tablegen","16","2e09c169a354b61edc357cb78665c5d18a1dc199","False","0","False","","","","unknown","unknown","unknown"
"codegen","internal/webroute/gen.go","primary","internal/webroute","135","2e09c169a354b61edc357cb78665c5d18a1dc199","False","0","False","","","","unknown","unknown","unknown"
"codegen","internal/webroute/main.go","primary","internal/webroute","37","2e09c169a354b61edc357cb78665c5d18a1dc199","False","0","False","","","","unknown","unknown","unknown"
"codegen","internal/webroute/parse.go","primary","internal/webroute","142","2e09c169a354b61edc357cb78665c5d18a1dc199","False","0","False","","","","unknown","unknown","unknown"
"codegen","internal/webroute/promises_test.go","test_fixture","internal/webroute","95","2e09c169a354b61edc357cb78665c5d18a1dc199","False","0","False","","","","unknown","unknown","unknown"
"codegen","internal/webroute/signature_promises_test.go","test_fixture","internal/webroute","19","2e09c169a354b61edc357cb78665c5d18a1dc199","False","0","False","","","","unknown","unknown","unknown"
"codegen","internal/webroute/webroute_test.go","test_fixture","internal/webroute","104","2e09c169a354b61edc357cb78665c5d18a1dc199","False","0","False","","","","unknown","unknown","unknown"
