"Path","Blob","Kind","Top","Unit","SourceHead"
"actionflow/action_runner.go","38a9e5227bd00dab725059eea0a7fa9c7473c495","go","actionflow","N10","746567ff37cf69878b74331cb9bcc69b159dfb63"
"actionflow/action_types.go","718333864c24e2d61b2e7cc0c1998b33252891f8","go","actionflow","N10","746567ff37cf69878b74331cb9bcc69b159dfb63"
"actionflow/mission_runner.go","c958d968a29f17c321f49662ee3e5335ec6bfcd0","go","actionflow","N10","746567ff37cf69878b74331cb9bcc69b159dfb63"
"actionflow/plan.go","9400c9a12e1aacf49cdac74d2a3696c8c101204c","go","actionflow","N10","746567ff37cf69878b74331cb9bcc69b159dfb63"
"actionflow/registry.go","6bdd56a511b012be13ebd6ef9c406ee31ae4e6a7","go","actionflow","N10","746567ff37cf69878b74331cb9bcc69b159dfb63"
"actionflow/runtime.go","d302adfb80606740bdc9105c4f5dfbb70dbf71c5","go","actionflow","N10","746567ff37cf69878b74331cb9bcc69b159dfb63"
"admin/admin.go","a78f02864522a7cd3dc60e57c5784558b49475a0","go","admin","N01","746567ff37cf69878b74331cb9bcc69b159dfb63"
"ai/behavior_strategy.go","1728ec1c341c3da364ed68056399a2ad209f3285","go","ai","N10","746567ff37cf69878b74331cb9bcc69b159dfb63"
"ai/blackboard.go","f809acaba8834f24df9a0a822fb45e2833b98dde","go","ai","N10","746567ff37cf69878b74331cb9bcc69b159dfb63"
"ai/controller.go","106dad99b57b70cbb7c9ef6793d8707a8f9aee48","go","ai","N10","746567ff37cf69878b74331cb9bcc69b159dfb63"
"ai/nodes.go","398546c04f503c01cb95a178b24fff67ba7d21e6","go","ai","N10","746567ff37cf69878b74331cb9bcc69b159dfb63"
"ai/strategy.go","58c5360c74e9229ba1abee559ecac7b1e0ca25de","go","ai","N10","746567ff37cf69878b74331cb9bcc69b159dfb63"
"ai/tree_parser.go","9ece2687338922e76ef81e5519d3094dea763dcb","go","ai","N10","746567ff37cf69878b74331cb9bcc69b159dfb63"
"ai/tree.go","67101dbcec041b3b157f4b733da8316e2a438ff5","go","ai","N10","746567ff37cf69878b74331cb9bcc69b159dfb63"
"app/app.go","8b32bcab6882e6ebc823eda1722da277d01e4607","go","app","N01","746567ff37cf69878b74331cb9bcc69b159dfb63"
"app/buildinfo/buildinfo.go","912b320c6372129d97aa137f111242c67e6592e8","go","app","N01","746567ff37cf69878b74331cb9bcc69b159dfb63"
"app/config_validation.go","852a94dc2456432fd06432bf9789a379658d108c","go","app","N01","746567ff37cf69878b74331cb9bcc69b159dfb63"
"app/manager.go","0ebe356638b066793625e5ba26a7a4b58bc4a55e","go","app","N01","746567ff37cf69878b74331cb9bcc69b159dfb63"
"app/mod.go","1670ffc9c4f81fcb3e9d79af5c886476019ceb82","go","app","N01","746567ff37cf69878b74331cb9bcc69b159dfb63"
"app/name.go","c5307f7918ff431bd42c318d9d5d80e2dcd03bc2","go","app","N01","746567ff37cf69878b74331cb9bcc69b159dfb63"
"app/registry.go","f4be71f06fbc505200154a84bd7379bb21cf7b90","go","app","N01","746567ff37cf69878b74331cb9bcc69b159dfb63"
"app/runtime_failure.go","6e52e6a9946400e4ce87f561d1791a66fdd405a9","go","app","N01","746567ff37cf69878b74331cb9bcc69b159dfb63"
"app/service.go","2b320e9844530a6e220207ec7512332cfbcc498e","go","app","N01","746567ff37cf69878b74331cb9bcc69b159dfb63"
"attribute/attribute.go","fc66595b31966dd44837dd66b94d5bc5938a5dfa","go","attribute","N07","746567ff37cf69878b74331cb9bcc69b159dfb63"
"attribute/container.go","d06722a8200d08aa5e73347a93b1e83b001b9b89","go","attribute","N07","746567ff37cf69878b74331cb9bcc69b159dfb63"
"bus/admin.go","500039a4e9321daa8ccdeb8f425d33360a71e646","go","bus","N03","746567ff37cf69878b74331cb9bcc69b159dfb63"
"bus/bus.go","512ea4935289b78a98e50b0c69c4cf1ce7943327","go","bus","N03","746567ff37cf69878b74331cb9bcc69b159dfb63"
"bus/codec.go","bd723ecaf7faa3dc71aec3462ce1cf7bcf012ad6","go","bus","N03","746567ff37cf69878b74331cb9bcc69b159dfb63"
"bus/handler.go","fa1658d9c56a1b06e71ffa50416623e9e4ea6059","go","bus","N03","746567ff37cf69878b74331cb9bcc69b159dfb63"
"bus/jetstream_rpc.go","a3d0cce42116a68fec2b70883d1a431a56829e20","go","bus","N03","746567ff37cf69878b74331cb9bcc69b159dfb63"
"bus/json_codec.go","9535baf9577d771bb668e562edac5b6e58b05360","go","bus","N03","746567ff37cf69878b74331cb9bcc69b159dfb63"
"bus/reliable.go","fa2e854270374112d2b07968c20edde5ed665a39","go","bus","N03","746567ff37cf69878b74331cb9bcc69b159dfb63"
"bus/rpc_error.go","90a812b09345edaf60bd77295a29af0d41115e0c","go","bus","N03","746567ff37cf69878b74331cb9bcc69b159dfb63"
"cache/atomic_local.go","93b9c58f9b6f27a709bf4e0a9157f53544cd0a9e","go","cache","N04","746567ff37cf69878b74331cb9bcc69b159dfb63"
"cache/grouped_local.go","e1f87445017631c789b6c45418b8c691f0473f12","go","cache","N04","746567ff37cf69878b74331cb9bcc69b159dfb63"
"cache/layered.go","16f6a3c5ac9aaf341ba88d678125646e8f50d1c3","go","cache","N04","746567ff37cf69878b74331cb9bcc69b159dfb63"
"cache/local.go","c733a158d033e300f45db9d6821b472487b2b2e9","go","cache","N04","746567ff37cf69878b74331cb9bcc69b159dfb63"
"cache/mirror.go","f6c76dab1ce7ffb35053b2a141b5e5e71e94d040","go","cache","N04","746567ff37cf69878b74331cb9bcc69b159dfb63"
"cache/read_through.go","9dbf33c0cea508c598ef3e2a407bf875b2306432","go","cache","N04","746567ff37cf69878b74331cb9bcc69b159dfb63"
"cache/redis_hash.go","ecd62fe1cab07c0888cacae9eef9695a2c53cc6b","go","cache","N04","746567ff37cf69878b74331cb9bcc69b159dfb63"
"cache/redis_json.go","65d5cc0159886565632d59ea0237faa12be4600c","go","cache","N04","746567ff37cf69878b74331cb9bcc69b159dfb63"
"cache/redis_raw.go","e261c5281876e17be4fa637dded0f55d3ca817d9","go","cache","N04","746567ff37cf69878b74331cb9bcc69b159dfb63"
"cache/ref_hmap.go","9a48c7533c0dbc645ea10c4e244bc3113a79ce73","go","cache","N04","746567ff37cf69878b74331cb9bcc69b159dfb63"
"cache/store.go","635df05873aa5feb24933d94fde7071bc441dba4","go","cache","N04","746567ff37cf69878b74331cb9bcc69b159dfb63"
"clock/clock.go","2f881245dbe856a5434a504de58eef4d719a684a","go","clock","N11","746567ff37cf69878b74331cb9bcc69b159dfb63"
"cmd/glsvet/main.go","f4fc588f79e16fe86e0e9fc1f27d82cfa53b453e","go","cmd","N15","746567ff37cf69878b74331cb9bcc69b159dfb63"
"codegen/cmd/attribute/main.go","706c66cd61ffc0e7f4c6daf3cfff9e5a5bc9f242","go","codegen","N08","746567ff37cf69878b74331cb9bcc69b159dfb63"
"codegen/cmd/cfggen/main.go","b0eb977228e673752025ed7164baa615a9ed6f49","go","codegen","N08","746567ff37cf69878b74331cb9bcc69b159dfb63"
"codegen/cmd/dao/main.go","5d493c66c5b841bfbfa33fe12b7fdc579cc2d517","go","codegen","N08","746567ff37cf69878b74331cb9bcc69b159dfb63"
"codegen/cmd/entity/main.go","95d27741aca5d951c1bbf369e95402878e149a66","go","codegen","N08","746567ff37cf69878b74331cb9bcc69b159dfb63"
"codegen/cmd/errcode/main.go","75ab5dcdcccf37c147e1873ae8c70504b582cf34","go","codegen","N08","746567ff37cf69878b74331cb9bcc69b159dfb63"
"codegen/cmd/eventgen/main.go","7f6726f280c4a5fc226a0ad01f645af77c80fad1","go","codegen","N08","746567ff37cf69878b74331cb9bcc69b159dfb63"
"codegen/cmd/nest/main.go","8251268d7f6d916832c2a26fe0e0005510e1dd1b","go","codegen","N08","746567ff37cf69878b74331cb9bcc69b159dfb63"
"codegen/cmd/project/main.go","66cf55ea666cd94933b9ad89e5bf2ddd321b066f","go","codegen","N08","746567ff37cf69878b74331cb9bcc69b159dfb63"
"codegen/cmd/protocol/main.go","3eb733b1e172fa14412b0c5dc28189b3fa5560c5","go","codegen","N08","746567ff37cf69878b74331cb9bcc69b159dfb63"
"codegen/cmd/roost/main.go","638cac571dc3443a7bcdf7459635237dc0af454f","go","codegen","N08","746567ff37cf69878b74331cb9bcc69b159dfb63"
"codegen/cmd/servicerpc/main.go","cda2552c086ab36d1fc0e9431fdf3e8f1e649266","go","codegen","N08","746567ff37cf69878b74331cb9bcc69b159dfb63"
"codegen/cmd/tablegen/main.go","bdc1feed83252d64bee825d45ab3f0339bc9e73f","go","codegen","N08","746567ff37cf69878b74331cb9bcc69b159dfb63"
"codegen/cmd/webroute/main.go","6d7df06aa90b431ade6febbd522b42357d21f8e9","go","codegen","N08","746567ff37cf69878b74331cb9bcc69b159dfb63"
"codegen/internal/attribute/gen.go","ed5dc4d4e45be94a3c2afafc1db974f1e16a0f7d","go","codegen","N08","746567ff37cf69878b74331cb9bcc69b159dfb63"
"codegen/internal/attribute/main.go","a36c685dbcd3b490cc28c5366530d7bfb874a991","go","codegen","N08","746567ff37cf69878b74331cb9bcc69b159dfb63"
"codegen/internal/attribute/parse.go","5e0f6152683848a854abf49bf73d68519d496a55","go","codegen","N08","746567ff37cf69878b74331cb9bcc69b159dfb63"
"codegen/internal/attribute/types.go","b97a545dcfcca4aab13beb6a947cc8ecc544951b","go","codegen","N08","746567ff37cf69878b74331cb9bcc69b159dfb63"
"codegen/internal/attribute/util.go","5fd5304d10e419ba0c46d1a41f822fa87be0c2b6","go","codegen","N08","746567ff37cf69878b74331cb9bcc69b159dfb63"
"codegen/internal/cfggen/main.go","29074544906ef75ad46f61f9066a14810a6a595e","go","codegen","N08","746567ff37cf69878b74331cb9bcc69b159dfb63"
"codegen/internal/dao/gen.go","089c6afd7887bc8cd90b7de1627f862d341d7576","go","codegen","N08","746567ff37cf69878b74331cb9bcc69b159dfb63"
"codegen/internal/dao/main.go","c6d3d4305a05401d7663ef82c8cf488a770522b8","go","codegen","N08","746567ff37cf69878b74331cb9bcc69b159dfb63"
"codegen/internal/dao/parse.go","b38b093a2e1b3dfe7276867933e9e42ac363d404","go","codegen","N08","746567ff37cf69878b74331cb9bcc69b159dfb63"
"codegen/internal/dao/template_dao.go","5be74ac67ba8f4fae89981d3b6ca423b22ff80a1","go","codegen","N08","746567ff37cf69878b74331cb9bcc69b159dfb63"
"codegen/internal/dao/template_helpers.go","8e79ec4e4a0af0903b09d48ab3007c0b36ed66e9","go","codegen","N08","746567ff37cf69878b74331cb9bcc69b159dfb63"
"codegen/internal/dao/template_nested.go","a745ec011320c7f2ec3df3767da7be32d7616aa6","go","codegen","N08","746567ff37cf69878b74331cb9bcc69b159dfb63"
"codegen/internal/dao/template_redis.go","e7b9aeabaf0610afa573c439a301c8fe6f9d6fbb","go","codegen","N08","746567ff37cf69878b74331cb9bcc69b159dfb63"
"codegen/internal/dao/util.go","25be3f713387d10b447b46a6fcd9c99c0ee07b87","go","codegen","N08","746567ff37cf69878b74331cb9bcc69b159dfb63"
"codegen/internal/entity/gen.go","e025685909bfe04dc050f31180253ffdcc2ae5ee","go","codegen","N08","746567ff37cf69878b74331cb9bcc69b159dfb63"
"codegen/internal/entity/main.go","3a5174843b80f9c71ea6b6462bdb6ee8b2f1c513","go","codegen","N08","746567ff37cf69878b74331cb9bcc69b159dfb63"
"codegen/internal/entity/parse.go","3ba57604eb5307adde3135b599307367963b7556","go","codegen","N08","746567ff37cf69878b74331cb9bcc69b159dfb63"
"codegen/internal/entity/remote_dao_scope.go","088cfd1cd31ca5294a2aa40f517529d542a07886","go","codegen","N08","746567ff37cf69878b74331cb9bcc69b159dfb63"
"codegen/internal/entity/run.go","f035774e3dadee9e130e0f191a6353cc0598c12b","go","codegen","N08","746567ff37cf69878b74331cb9bcc69b159dfb63"
"codegen/internal/entity/util.go","c1baa25b2b7d3dd98bad1c94b7a484acd63e8879","go","codegen","N08","746567ff37cf69878b74331cb9bcc69b159dfb63"
"codegen/internal/errcode/main.go","d281e55ec3d404e99fc9eb7cd4e500df1a0501ba","go","codegen","N08","746567ff37cf69878b74331cb9bcc69b159dfb63"
"codegen/internal/eventgen/gen.go","9457755139ea1417004d8d87ff23ecf6b3e65cf3","go","codegen","N08","746567ff37cf69878b74331cb9bcc69b159dfb63"
"codegen/internal/eventgen/handler_gen.go","1265be6f1277ca56e65a4656202f1d25138d598a","go","codegen","N08","746567ff37cf69878b74331cb9bcc69b159dfb63"
"codegen/internal/eventgen/handler.go","d3a192060bb2c8bcfb777a983af5f34959e379e8","go","codegen","N08","746567ff37cf69878b74331cb9bcc69b159dfb63"
"codegen/internal/eventgen/main.go","9795b6d176333d46d7beb09bc76b436f435fe4e7","go","codegen","N08","746567ff37cf69878b74331cb9bcc69b159dfb63"
"codegen/internal/eventgen/parse.go","f7b6789bb62dedb5b8dacd30d4945d93630435d8","go","codegen","N08","746567ff37cf69878b74331cb9bcc69b159dfb63"
"codegen/internal/eventgen/run.go","dc7acc7004a162d39c0e7084e64928e7488d9199","go","codegen","N08","746567ff37cf69878b74331cb9bcc69b159dfb63"
"codegen/internal/genutil/golden.go","f71cfe7ccf742ed8b8f677cef8e2e7de98e57210","go","codegen","N08","746567ff37cf69878b74331cb9bcc69b159dfb63"
"codegen/internal/genutil/write.go","7f51d8df68a8326b047fed5b57f0879dc66f9398","go","codegen","N08","746567ff37cf69878b74331cb9bcc69b159dfb63"
"codegen/internal/marker/marker.go","7907af33e5db384a079587a3aedd14af8a02bbe7","go","codegen","N08","746567ff37cf69878b74331cb9bcc69b159dfb63"
"codegen/internal/nest/bootstrap.go","9e307c5c29fd36fc9f32b55a8ff24b71f937d50e","go","codegen","N08","746567ff37cf69878b74331cb9bcc69b159dfb63"
"codegen/internal/nest/gen.go","99f576cad793c7afdfabf8243e0bb376f4de3b73","go","codegen","N08","746567ff37cf69878b74331cb9bcc69b159dfb63"
"codegen/internal/nest/main.go","8aaa92bc7a225cdcec0789989c95e3455a854dd0","go","codegen","N08","746567ff37cf69878b74331cb9bcc69b159dfb63"
"codegen/internal/nest/parse.go","acd5c4c26b19fc55baf36065557fba47143ef039","go","codegen","N08","746567ff37cf69878b74331cb9bcc69b159dfb63"
"codegen/internal/nest/run.go","45336a54b12b983c586bd5430e9acb6f89afdd5e","go","codegen","N08","746567ff37cf69878b74331cb9bcc69b159dfb63"
"codegen/internal/project/module.go","9534fef416e45bf60c481868727c4b67b1535fe9","go","codegen","N08","746567ff37cf69878b74331cb9bcc69b159dfb63"
"codegen/internal/protocol/classify.go","8611bbd076c0fdc891b705fc7fa56b650fa50d6b","go","codegen","N08","746567ff37cf69878b74331cb9bcc69b159dfb63"
"codegen/internal/protocol/gen.go","91a2cd5231e87caeb67804df12b11911a62d110e","go","codegen","N08","746567ff37cf69878b74331cb9bcc69b159dfb63"
"codegen/internal/protocol/parse.go","0b980d6ccf566ac6afece666b183267286e9c25d","go","codegen","N08","746567ff37cf69878b74331cb9bcc69b159dfb63"
"codegen/internal/protocol/retire.go","38bd7b9b27f2fcc015a758b16d0f2f6c56e825f0","go","codegen","N08","746567ff37cf69878b74331cb9bcc69b159dfb63"
"codegen/internal/protocol/reverse.go","152fb4d4553513e41caf9565f28c703bbee4d445","go","codegen","N08","746567ff37cf69878b74331cb9bcc69b159dfb63"
"codegen/internal/protocol/run.go","46105e5cf90d52d328858ba25156f10c73f0cf7e","go","codegen","N08","746567ff37cf69878b74331cb9bcc69b159dfb63"
"codegen/internal/protocol/types.go","12e1942007c1faa13856697382ecde9a6ed26882","go","codegen","N08","746567ff37cf69878b74331cb9bcc69b159dfb63"
"codegen/internal/protocol/util.go","86986e09e197b4a37b5e1edc7547281b973e94cf","go","codegen","N08","746567ff37cf69878b74331cb9bcc69b159dfb63"
"codegen/internal/registry/gen.go","b3d73e9cb4edb1a6b1ed45aae2f734612a540263","go","codegen","N08","746567ff37cf69878b74331cb9bcc69b159dfb63"
"codegen/internal/registry/parse.go","d95e7e01b4aea0943f6d71aeaba2b22773780555","go","codegen","N08","746567ff37cf69878b74331cb9bcc69b159dfb63"
"codegen/internal/registry/run.go","5155dce1a26c96ea87e14cfec0aa4c4b14414041","go","codegen","N08","746567ff37cf69878b74331cb9bcc69b159dfb63"
"codegen/internal/roost/add_entity.go","200eb5ad5869b0f72e1ec6ea628abce961fca9b7","go","codegen","N08","746567ff37cf69878b74331cb9bcc69b159dfb63"
"codegen/internal/roost/add_rpc.go","719d8421a05976a853dc753338fa0f4d3a53236a","go","codegen","N08","746567ff37cf69878b74331cb9bcc69b159dfb63"
"codegen/internal/roost/add_skill.go","b69484710461f819f72852369894e828176cac8a","go","codegen","N08","746567ff37cf69878b74331cb9bcc69b159dfb63"
"codegen/internal/roost/add_workflow.go","8155bd141d01fdbb94738c34fb2123c7cc6c7697","go","codegen","N08","746567ff37cf69878b74331cb9bcc69b159dfb63"
"codegen/internal/roost/add.go","f3e750976f6edaa5b828dc1c832ecc0a63cf76bf","go","codegen","N08","746567ff37cf69878b74331cb9bcc69b159dfb63"
"codegen/internal/roost/attribute_runtime.go","df8e311df2f75f267cbc09806048b1ed4ca54885","go","codegen","N08","746567ff37cf69878b74331cb9bcc69b159dfb63"
"codegen/internal/roost/catalog.go","2fed123c31e157fc44e577f1189e5e025573edfb","go","codegen","N08","746567ff37cf69878b74331cb9bcc69b159dfb63"
"codegen/internal/roost/cli.go","67335a901508dc578c5e1d607cf71691604626ed","go","codegen","N08","746567ff37cf69878b74331cb9bcc69b159dfb63"
"codegen/internal/roost/cmd/attributeruntime/main.go","08448d7aa2b1c297546adb99739061086caa6a3c","go","codegen","N08","746567ff37cf69878b74331cb9bcc69b159dfb63"
"codegen/internal/roost/consolidate.go","71cb9d277bf26d5a67242702a9c3d779a8c4117f","go","codegen","N08","746567ff37cf69878b74331cb9bcc69b159dfb63"
"codegen/internal/roost/demo.go","afdba5f57be4181963153507953e70dc9096da0d","go","codegen","N08","746567ff37cf69878b74331cb9bcc69b159dfb63"
"codegen/internal/roost/dependencies.go","0f05aabcc781047b32988edaff1facefb4e44ef5","go","codegen","N08","746567ff37cf69878b74331cb9bcc69b159dfb63"
"codegen/internal/roost/doctor.go","ebb4a46bdd3dcf637884f6fa90a801ddde451e5f","go","codegen","N08","746567ff37cf69878b74331cb9bcc69b159dfb63"
"codegen/internal/roost/format.go","11ae451952c18470c24e115d001173fa31394aee","go","codegen","N08","746567ff37cf69878b74331cb9bcc69b159dfb63"
"codegen/internal/roost/framework_release.go","10e99ee389bc259123859c8718ab00ae2b5916fb","go","codegen","N08","746567ff37cf69878b74331cb9bcc69b159dfb63"
"codegen/internal/roost/framework_services.go","04f894e99c18964f112c68a5b385057a6eaf73ea","go","codegen","N08","746567ff37cf69878b74331cb9bcc69b159dfb63"
"codegen/internal/roost/generate.go","8cf7f2beb4eb846717e76893375451ddbc56e140","go","codegen","N08","746567ff37cf69878b74331cb9bcc69b159dfb63"
"codegen/internal/roost/help.go","728f35dde43a4609b1b36f13e4cb3a341ffbc2d2","go","codegen","N08","746567ff37cf69878b74331cb9bcc69b159dfb63"
"codegen/internal/roost/id.go","036a5788c18c07b522820428eea8390b2cdcdee2","go","codegen","N08","746567ff37cf69878b74331cb9bcc69b159dfb63"
"codegen/internal/roost/manifest.go","67dbb7613170afa12bd9de55b8d68bb687e59282","go","codegen","N08","746567ff37cf69878b74331cb9bcc69b159dfb63"
"codegen/internal/roost/next_optional.go","13e9583841cb791efe749f275e096a2ddb2fdcd8","go","codegen","N08","746567ff37cf69878b74331cb9bcc69b159dfb63"
"codegen/internal/roost/player_tcp_config.go","9df1d09c9aadb67a2ab0913463f8f38f7066eddb","go","codegen","N08","746567ff37cf69878b74331cb9bcc69b159dfb63"
"codegen/internal/roost/project.go","033d790be6cb49e575fa992457e4f8852d594075","go","codegen","N08","746567ff37cf69878b74331cb9bcc69b159dfb63"
"codegen/internal/roost/render_access.go","e0d102812710a6dab34d66e6026046f4f0eaf88d","go","codegen","N08","746567ff37cf69878b74331cb9bcc69b159dfb63"
"codegen/internal/roost/render_cicd.go","e91f202a9c0ca69e55afde1990b211d47c91607b","go","codegen","N08","746567ff37cf69878b74331cb9bcc69b159dfb63"
"codegen/internal/roost/render_deploy.go","93c6d87b6c13e3e58778688dc174b01766d1f874","go","codegen","N08","746567ff37cf69878b74331cb9bcc69b159dfb63"
"codegen/internal/roost/render_dev_run.go","48d53aae5fc168947d640bc24a0f026240df3e2f","go","codegen","N08","746567ff37cf69878b74331cb9bcc69b159dfb63"
"codegen/internal/roost/render_docs.go","90b090bc505dc81b9c41b444b0eb4acc9a2387ad","go","codegen","N08","746567ff37cf69878b74331cb9bcc69b159dfb63"
"codegen/internal/roost/render_player_tcp.go","7aa42e39abd171ee709b31c9a0796c63a5e1f9b9","go","codegen","N08","746567ff37cf69878b74331cb9bcc69b159dfb63"
"codegen/internal/roost/render_workflow_docs.go","70cf7c18c1ec8039f02d5c2805bbc76f4da8379c","go","codegen","N08","746567ff37cf69878b74331cb9bcc69b159dfb63"
"codegen/internal/roost/render.go","1760c1ab14cd00260e4eb257e118877cc5979a22","go","codegen","N08","746567ff37cf69878b74331cb9bcc69b159dfb63"
"codegen/internal/roost/shutdown_budget.go","2eeac6c14df0cfb5721a3fadcc2431aeec4a3d1c","go","codegen","N08","746567ff37cf69878b74331cb9bcc69b159dfb63"
"codegen/internal/servicerpc/gen.go","3ec29473a7d6848d7c47d4a11bf666791026e414","go","codegen","N08","746567ff37cf69878b74331cb9bcc69b159dfb63"
"codegen/internal/servicerpc/parse.go","973f03c2fcf23bd0305b61cf4619d98de3d6f077","go","codegen","N08","746567ff37cf69878b74331cb9bcc69b159dfb63"
"codegen/internal/servicerpc/run.go","857ff1558bca79fd8c7304eda565c66dca74d8b7","go","codegen","N08","746567ff37cf69878b74331cb9bcc69b159dfb63"
"codegen/internal/servicerpc/template.go","3a7a5132c0bf51c2af22f512a56a0e1e947b5527","go","codegen","N08","746567ff37cf69878b74331cb9bcc69b159dfb63"
"codegen/internal/servicerpc/validate.go","e9496e7b547b3942c585edf1210bed5153c98215","go","codegen","N08","746567ff37cf69878b74331cb9bcc69b159dfb63"
"codegen/internal/servicerpc/wiresafe.go","3dfb4482e8b7d33ce3656071664b1acd0f0e45f2","go","codegen","N08","746567ff37cf69878b74331cb9bcc69b159dfb63"
"codegen/internal/tablegen/main.go","3dbbad4b8196922490ca3dbbd3af7f6de708e5a7","go","codegen","N08","746567ff37cf69878b74331cb9bcc69b159dfb63"
"codegen/internal/webroute/gen.go","2326c255d4e16ca3f5d3ef3e3480341ce182c4b2","go","codegen","N08","746567ff37cf69878b74331cb9bcc69b159dfb63"
"codegen/internal/webroute/main.go","4b7575058088d5766e6823ef0c74a07ec98b3fb9","go","codegen","N08","746567ff37cf69878b74331cb9bcc69b159dfb63"
"codegen/internal/webroute/parse.go","ea4a5ce1fb03abba20d632e7f2f060a93f99a7e0","go","codegen","N08","746567ff37cf69878b74331cb9bcc69b159dfb63"
"configdata/auto.go","3e7119dc5adc67a5cf468a0905a346cfd8858ed5","go","configdata","N07","746567ff37cf69878b74331cb9bcc69b159dfb63"
"configdata/configdata.go","48b62f1d37dacc55bc17a67d624e172862435c2d","go","configdata","N07","746567ff37cf69878b74331cb9bcc69b159dfb63"
"configdata/external.go","43d3c3f42267284fc955fcfd7d5f1c582d6f6522","go","configdata","N07","746567ff37cf69878b74331cb9bcc69b159dfb63"
"container/bucket.go","67dea9880eb5b178b0e79865eb0adf231ae947a4","go","container","N13","746567ff37cf69878b74331cb9bcc69b159dfb63"
"container/keymap.go","327f73a350f2c55b21cb35aadc3e090cd628e1ca","go","container","N13","746567ff37cf69878b74331cb9bcc69b159dfb63"
"container/object_pool.go","94beafb84a929fd4b71eaefd94b656af63d9ba53","go","container","N13","746567ff37cf69878b74331cb9bcc69b159dfb63"
"container/topologic_sort.go","13d7ae8138822dab50dbfa935279cb4ccdcf0e40","go","container","N13","746567ff37cf69878b74331cb9bcc69b159dfb63"
"dataengine/doc.go","839e5906ddbec4796217a5443ee281e87fcea3b3","go","dataengine","CORE-BOUNDARY","746567ff37cf69878b74331cb9bcc69b159dfb63"
"dataengine/engine/assembly.go","abd368e243db68a72516e502bd146192b0562f0f","go","dataengine","CORE-BOUNDARY","746567ff37cf69878b74331cb9bcc69b159dfb63"
"dataengine/engine/doc.go","e064ee99846ac35a4c4507754f0832eeba4fe599","go","dataengine","CORE-BOUNDARY","746567ff37cf69878b74331cb9bcc69b159dfb63"
"dataengine/engine/entity_delete.go","ef7b5331253f3bfaa84b464eca89487100383e05","go","dataengine","CORE-BOUNDARY","746567ff37cf69878b74331cb9bcc69b159dfb63"
"dataengine/engine/entity_projection.go","60c9c042ff5303f1d533faccc8702895731c3327","go","dataengine","CORE-BOUNDARY","746567ff37cf69878b74331cb9bcc69b159dfb63"
"dataengine/engine/entity_repository.go","ecff1c72561fbc872b72b00d81cd8e3dae90cb82","go","dataengine","CORE-BOUNDARY","746567ff37cf69878b74331cb9bcc69b159dfb63"
"dataengine/engine/fenced_step.go","03311b06a1ca4ad1802fd39d4195ee332d3acb17","go","dataengine","CORE-BOUNDARY","746567ff37cf69878b74331cb9bcc69b159dfb63"
"dataengine/engine/health.go","b8a9fee745026d9836600499c8c1ec9d55bc4452","go","dataengine","CORE-BOUNDARY","746567ff37cf69878b74331cb9bcc69b159dfb63"
"dataengine/engine/migration_runner.go","ab4746a3f8688c8ff42f9dc316405b3ed30efacf","go","dataengine","CORE-BOUNDARY","746567ff37cf69878b74331cb9bcc69b159dfb63"
"dataengine/engine/mongo_load.go","6c81bf999aac616b4a58f04a83e33fb4dd8f6569","go","dataengine","CORE-BOUNDARY","746567ff37cf69878b74331cb9bcc69b159dfb63"
"dataengine/engine/mongo_projection.go","74b58f899c858bf58a567da92e5c376dcee7a34c","go","dataengine","CORE-BOUNDARY","746567ff37cf69878b74331cb9bcc69b159dfb63"
"dataengine/engine/mongo_store.go","de6f112bfccb542c5c2082390126fd34f49f9df0","go","dataengine","CORE-BOUNDARY","746567ff37cf69878b74331cb9bcc69b159dfb63"
"dataengine/engine/operation_gate.go","9d0293d27be380c2e18351b8aece388d05a1a8cb","go","dataengine","CORE-BOUNDARY","746567ff37cf69878b74331cb9bcc69b159dfb63"
"dataengine/engine/outbox_store.go","061b7a1ce097af948b7f2a8c5e013d4c2df35525","go","dataengine","CORE-BOUNDARY","746567ff37cf69878b74331cb9bcc69b159dfb63"
"dataengine/engine/outbox_worker.go","9b5e532a48ea1e5f0672d5f7f33d1c9a6cce7b14","go","dataengine","CORE-BOUNDARY","746567ff37cf69878b74331cb9bcc69b159dfb63"
"dataengine/engine/projection_plan.go","c10dff9f0cfe731342611389201fbb1c55637d26","go","dataengine","CORE-BOUNDARY","746567ff37cf69878b74331cb9bcc69b159dfb63"
"dataengine/engine/projector_remote.go","d6340bec710f545f7c1d21da20c15d12ec510735","go","dataengine","CORE-BOUNDARY","746567ff37cf69878b74331cb9bcc69b159dfb63"
"dataengine/engine/projector_replay.go","b11d836944a3fe98ff37c962455584fa1f2bb249","go","dataengine","CORE-BOUNDARY","746567ff37cf69878b74331cb9bcc69b159dfb63"
"dataengine/engine/projector.go","11f71b7d8125765cece79be21c4778ad9ec1b888","go","dataengine","CORE-BOUNDARY","746567ff37cf69878b74331cb9bcc69b159dfb63"
"dataengine/engine/runtime.go","f43b8a55e1b948efc0ef251bfb6279c5ee4ecce5","go","dataengine","CORE-BOUNDARY","746567ff37cf69878b74331cb9bcc69b159dfb63"
"dataengine/hook.go","060217baafbb4adbac2e17460e14375e52c6ab70","go","dataengine","CORE-BOUNDARY","746567ff37cf69878b74331cb9bcc69b159dfb63"
"dataengine/lease_fence.go","364a77b5ac131f788ba586eb14a07ec7fd8a88ca","go","dataengine","CORE-BOUNDARY","746567ff37cf69878b74331cb9bcc69b159dfb63"
"dataengine/load.go","da9e4f72c225a6c5fcdc21c6eb9a9a57ce3552f8","go","dataengine","CORE-BOUNDARY","746567ff37cf69878b74331cb9bcc69b159dfb63"
"dataengine/migration.go","671b44120a184694c5c143daaf74a4c2b5c55d4b","go","dataengine","CORE-BOUNDARY","746567ff37cf69878b74331cb9bcc69b159dfb63"
"dataengine/mutation_types.go","689a33dc057d08eb969fe8b7e032695986293fed","go","dataengine","CORE-BOUNDARY","746567ff37cf69878b74331cb9bcc69b159dfb63"
"dataengine/scope.go","d0abd1b5969507a11d4bd0cef2270539a8646c6e","go","dataengine","CORE-BOUNDARY","746567ff37cf69878b74331cb9bcc69b159dfb63"
"dataengine/sync_view.go","e2f68b2051a1f78453e122def326b942c94faaab","go","dataengine","CORE-BOUNDARY","746567ff37cf69878b74331cb9bcc69b159dfb63"
"dataengine/tracker.go","3e36f4f02eaea9d38dd93b4e8a1b8944e62de8d2","go","dataengine","CORE-BOUNDARY","746567ff37cf69878b74331cb9bcc69b159dfb63"
"dataengine/validate.go","cd5262e55b82d5d494a667b78bc3fd62b98b998f","go","dataengine","CORE-BOUNDARY","746567ff37cf69878b74331cb9bcc69b159dfb63"
"entity/category_order.go","b6968bbb7ebb06b05d5a92564688c457478448e7","go","entity","CORE-BOUNDARY","746567ff37cf69878b74331cb9bcc69b159dfb63"
"entity/comp_sort.go","c85168d0f048e62f075155b980d3f22699bf1b53","go","entity","CORE-BOUNDARY","746567ff37cf69878b74331cb9bcc69b159dfb63"
"entity/component_base.go","67ffadf053e485a5e6f4a8cbee6d76be4ec6df0b","go","entity","CORE-BOUNDARY","746567ff37cf69878b74331cb9bcc69b159dfb63"
"entity/entity_base.go","3309a28f66d5e87c847e1f39af93c9cc28830c4e","go","entity","CORE-BOUNDARY","746567ff37cf69878b74331cb9bcc69b159dfb63"
"entity/entity_factory.go","f383862b54dde2603cb1eed6b6445bf3d5ae5845","go","entity","CORE-BOUNDARY","746567ff37cf69878b74331cb9bcc69b159dfb63"
"entity/entity_group.go","5481501943bcc32303e6b513633c1bb5fbc2c712","go","entity","CORE-BOUNDARY","746567ff37cf69878b74331cb9bcc69b159dfb63"
"entity/entity_guard.go","849ea8fde0740f1cbfb3069bedd1b82429b82aab","go","entity","CORE-BOUNDARY","746567ff37cf69878b74331cb9bcc69b159dfb63"
"entity/entity_kind.go","ba8a4932e258506ed343b8cc3cd041b94cf80014","go","entity","CORE-BOUNDARY","746567ff37cf69878b74331cb9bcc69b159dfb63"
"entity/entity_manager.go","e8d5486c55c7190be23a3c40dbb07923855d8062","go","entity","CORE-BOUNDARY","746567ff37cf69878b74331cb9bcc69b159dfb63"
"entity/entity_remote.go","286f2a0b05697ba1eec04a2b2ac02ecbbb0c31d4","go","entity","CORE-BOUNDARY","746567ff37cf69878b74331cb9bcc69b159dfb63"
"entity/entity.go","ee2637bde9f2a782cfb846f3c5458306fb7ee9bf","go","entity","CORE-BOUNDARY","746567ff37cf69878b74331cb9bcc69b159dfb63"
"entity/idgen.go","f6a680cd707c46150a011cc27c38286b42d09b5e","go","entity","CORE-BOUNDARY","746567ff37cf69878b74331cb9bcc69b159dfb63"
"entity/local_executor.go","899214f02fb56038381a3d44f5aea2946adb6597","go","entity","CORE-BOUNDARY","746567ff37cf69878b74331cb9bcc69b159dfb63"
"entity/manager_access.go","93c5a93fac9663675a445b1855cff6712275c0ce","go","entity","CORE-BOUNDARY","746567ff37cf69878b74331cb9bcc69b159dfb63"
"entity/manager_factory.go","c0952bdb6964ea6419ae4a9584192aa6580c1997","go","entity","CORE-BOUNDARY","746567ff37cf69878b74331cb9bcc69b159dfb63"
"entity/policy.go","6d99c22ecef5f633b2969a32764c7d9e64d73f96","go","entity","CORE-BOUNDARY","746567ff37cf69878b74331cb9bcc69b159dfb63"
"entity/remote_manager.go","7de0ea8c2712cb7f5996678a10a37d6b5916eb77","go","entity","CORE-BOUNDARY","746567ff37cf69878b74331cb9bcc69b159dfb63"
"entity/remote_protocol.go","500da71307937292fd0ab8000c6d9d8c1c1e4071","go","entity","CORE-BOUNDARY","746567ff37cf69878b74331cb9bcc69b159dfb63"
"entity/remote_snapshot_codec.go","25a7c453e16850fbe39354a06433d7f0bc84628d","go","entity","CORE-BOUNDARY","746567ff37cf69878b74331cb9bcc69b159dfb63"
"entity/remote_snapshot.go","c433fddce27ddfcde5d7d544bd00458fb2b2a30f","go","entity","CORE-BOUNDARY","746567ff37cf69878b74331cb9bcc69b159dfb63"
"entity/remote_view.go","93a0be221c9bdeb69c28342eeb39469876ab1c4d","go","entity","CORE-BOUNDARY","746567ff37cf69878b74331cb9bcc69b159dfb63"
"entity/resolver.go","0a9f86e49560ef04209e686949afea8b6a884827","go","entity","CORE-BOUNDARY","746567ff37cf69878b74331cb9bcc69b159dfb63"
"entity/subject_sync.go","e2db0f673e646a56f2c102370ce112194b51704d","go","entity","CORE-BOUNDARY","746567ff37cf69878b74331cb9bcc69b159dfb63"
"entity/sync_commit.go","92f851dec8c08cc3d000c8048f01bd57c7dad00c","go","entity","CORE-BOUNDARY","746567ff37cf69878b74331cb9bcc69b159dfb63"
"entity/sync_frozen.go","7b0cb946eb2e7ee4607243a9e2da19d3d02738c2","go","entity","CORE-BOUNDARY","746567ff37cf69878b74331cb9bcc69b159dfb63"
"entity/sync_view.go","3591700b150c5211195fe87c3602da623984f3d3","go","entity","CORE-BOUNDARY","746567ff37cf69878b74331cb9bcc69b159dfb63"
"entity/unload_resync.go","814aa10aca3ecfccc270bf90ea5e3d221b5812c3","go","entity","CORE-BOUNDARY","746567ff37cf69878b74331cb9bcc69b159dfb63"
"errcode/errcode.go","d9b87bf193be69fb0ca5ea4988debea65a0fb0f1","go","errcode","N07","746567ff37cf69878b74331cb9bcc69b159dfb63"
"etcd/client.go","91f41c793d0ba1a86e0a0ac7134889c558e78c65","go","etcd","N03","746567ff37cf69878b74331cb9bcc69b159dfb63"
"etcd/config.go","bcb56ecf52d5151f906e48e430ded069a84a2bd9","go","etcd","N03","746567ff37cf69878b74331cb9bcc69b159dfb63"
"etcd/discovery.go","b8094d246968ecc9d71e32f4432be7456c3e3c72","go","etcd","N03","746567ff37cf69878b74331cb9bcc69b159dfb63"
"etcd/driver/assembly.go","e480714044c7387c865962a3adf8d309357c85f0","go","etcd","N03","746567ff37cf69878b74331cb9bcc69b159dfb63"
"etcd/driver/client.go","11a7e8e056cdcc3e8b4fbcd7b79beb3f62b772d1","go","etcd","N03","746567ff37cf69878b74331cb9bcc69b159dfb63"
"etcd/driver/discovery.go","7c860bcdc19aa142e799fb85e57d7eefa302342c","go","etcd","N03","746567ff37cf69878b74331cb9bcc69b159dfb63"
"etcd/driver/election.go","c52a41936cc3bc29b2fc54923c78b47b3d547d68","go","etcd","N03","746567ff37cf69878b74331cb9bcc69b159dfb63"
"etcd/driver/local_mirror_subscription.go","c86f14114bbc4d48f325cbe4f6ffc61d9e9b3bbd","go","etcd","N03","746567ff37cf69878b74331cb9bcc69b159dfb63"
"etcd/driver/local_mirror.go","9ccdec7cbe7f76e56a938ca4c3c58f3b773c4fff","go","etcd","N03","746567ff37cf69878b74331cb9bcc69b159dfb63"
"etcd/driver/watcher.go","6528fc230080f6b43513d0a140d43c8999cea9f0","go","etcd","N03","746567ff37cf69878b74331cb9bcc69b159dfb63"
"etcd/election.go","4e99655cec901e45fadb3025d43addce74200b38","go","etcd","N03","746567ff37cf69878b74331cb9bcc69b159dfb63"
"etcd/errors.go","2b00590f1fc2018f4a951141a54d01e48b1d9b40","go","etcd","N03","746567ff37cf69878b74331cb9bcc69b159dfb63"
"etcd/local_mirror.go","04af65802ccc446f11452be93a202977d7f86102","go","etcd","N03","746567ff37cf69878b74331cb9bcc69b159dfb63"
"etcd/watch_callback.go","dbd36f59c9e451520daba60977714ebd44ee05e5","go","etcd","N03","746567ff37cf69878b74331cb9bcc69b159dfb63"
"etcd/watcher.go","a0a70d8bc30fa40d338ab0ecbd820c740e69601e","go","etcd","N03","746567ff37cf69878b74331cb9bcc69b159dfb63"
"event/event_bus.go","eb5935f6f2e1ea0c84a8b15535a9eb9859ffbb76","go","event","N07","746567ff37cf69878b74331cb9bcc69b159dfb63"
"event/event_handler.go","c4c92ebe07285a279027ac982fc7b177842dadcb","go","event","N07","746567ff37cf69878b74331cb9bcc69b159dfb63"
"event/event_mgr.go","0b42c82390cf3bc863d0dc0f6288a038f1f04748","go","event","N07","746567ff37cf69878b74331cb9bcc69b159dfb63"
"event/event.go","ac468389fa1023fd4a316b0f456947f01b45e29d","go","event","N07","746567ff37cf69878b74331cb9bcc69b159dfb63"
"failurelog/failurelog.go","3f6ee5fa30b7278eb370dff5b99cd1fb595522bb","go","failurelog","N12","746567ff37cf69878b74331cb9bcc69b159dfb63"
"fctx/context.go","247dceb28d62311720b041ad8ade805345f01e79","go","fctx","CORE-BOUNDARY","746567ff37cf69878b74331cb9bcc69b159dfb63"
"fctx/runtime_context.go","d007c0edd7a58d840d4111c3bf2482657cdfbb01","go","fctx","CORE-BOUNDARY","746567ff37cf69878b74331cb9bcc69b159dfb63"
"fctx/worker.go","240103a452bde8cb3e480cd08f28ea4d86dddeb8","go","fctx","CORE-BOUNDARY","746567ff37cf69878b74331cb9bcc69b159dfb63"
"featureflag/flags.go","92b15d508f1c655eb092fabdbf3bbf8a9a3c8c8b","go","featureflag","N10","746567ff37cf69878b74331cb9bcc69b159dfb63"
"gateway/gateway.go","4bb35f54d1427e56535f165d92e12622f5b8f46f","go","gateway","N02","746567ff37cf69878b74331cb9bcc69b159dfb63"
"gateway/middleware.go","c4c3ab1277f0e29c29557b8e11a1184e23e749c8","go","gateway","N02","746567ff37cf69878b74331cb9bcc69b159dfb63"
"goroutine/goid_prod.go","d7ae5dd676b56bee58bfee7247ee57959b248117","go","goroutine","N13","746567ff37cf69878b74331cb9bcc69b159dfb63"
"goroutine/goid_race.go","a93d3bd5d179a00ef8daf41541735aa860094a34","go","goroutine","N13","746567ff37cf69878b74331cb9bcc69b159dfb63"
"goroutine/mpsc_queue.go","d1364b2791ab87580cdc88eee0794377b374b8ca","go","goroutine","N13","746567ff37cf69878b74331cb9bcc69b159dfb63"
"goroutine/parallel.go","2b5b3c45b4147fe535df2596bfd1cb161dc2a006","go","goroutine","N13","746567ff37cf69878b74331cb9bcc69b159dfb63"
"goroutine/safe_func.go","a978a6f31bd777a5d3aca419ed5757ea59a9aca7","go","goroutine","N13","746567ff37cf69878b74331cb9bcc69b159dfb63"
"goroutine/task_pool.go","d3c89e62a57bf0a98f5d713fd2f8267d068d3a49","go","goroutine","N13","746567ff37cf69878b74331cb9bcc69b159dfb63"
"health/health.go","e67f3510f455144121928fbec758e74136c9db75","go","health","N01","746567ff37cf69878b74331cb9bcc69b159dfb63"
"hotcode/admin.go","ce486afe62771648a5c4a087f2d6cfb1b35c81a8","go","hotcode","N10","746567ff37cf69878b74331cb9bcc69b159dfb63"
"hotcode/plugin_stub.go","741f72163c3473cb1a007bffd65f6696f6afc794","go","hotcode","N10","746567ff37cf69878b74331cb9bcc69b159dfb63"
"hotcode/plugin.go","371bb7bc3f92700f6e75e276c81ec7cefc477359","go","hotcode","N10","746567ff37cf69878b74331cb9bcc69b159dfb63"
"hotcode/registry.go","c9b01e67c31df0804264284519695f92ceafd4af","go","hotcode","N10","746567ff37cf69878b74331cb9bcc69b159dfb63"
"httpclient/client.go","3f85a367ba192adabce333638e2fe3bab3a1294c","go","httpclient","N02","746567ff37cf69878b74331cb9bcc69b159dfb63"
"httpserver/server.go","e484e028be76bbeeef29a4722233d45548985e30","go","httpserver","N02","746567ff37cf69878b74331cb9bcc69b159dfb63"
"index/index.go","7a98056388a5e74b7be5fd85dcce4ad067de3abc","go","index","N11","746567ff37cf69878b74331cb9bcc69b159dfb63"
"internal/operation/lifetime.go","566e2b2c93d3bbf7a04279c8bdb66efe54c80342","go","internal","N13","746567ff37cf69878b74331cb9bcc69b159dfb63"
"kit/configdata/configdata.go","c53761b287808cdddda76c28ad3398a4fc1c145c","go","kit","N14","746567ff37cf69878b74331cb9bcc69b159dfb63"
"kit/dataengine/mod.go","0a717001219d917f50cc0987787c8812cc6e41b3","go","kit","N14","746567ff37cf69878b74331cb9bcc69b159dfb63"
"kit/etcd/etcd_mod.go","a0ca0ade409f79cf9f52dbd7a7880878755f0574","go","kit","N14","746567ff37cf69878b74331cb9bcc69b159dfb63"
"kit/lock/lock_mod.go","4d8bcb671a270cca4d992a54b418e217b7c83782","go","kit","N14","746567ff37cf69878b74331cb9bcc69b159dfb63"
"kit/manager/manager_mod.go","cece1ffa0d8d5a8cdec2ff1e3c959e7a9e910ca3","go","kit","N14","746567ff37cf69878b74331cb9bcc69b159dfb63"
"kit/mods/name.go","b803bb7810ae957764b5a047b4611b49b7d32043","go","kit","N14","746567ff37cf69878b74331cb9bcc69b159dfb63"
"kit/mods/persistence.go","2579282de9ce4c333c6003d756ff6c5c37975e49","go","kit","N14","746567ff37cf69878b74331cb9bcc69b159dfb63"
"kit/mods/registry.go","6a646a523792d9611844b4248178405217c8dc3c","go","kit","N14","746567ff37cf69878b74331cb9bcc69b159dfb63"
"kit/mods/service_name.go","9dae8f5ffe3f7020eb1cb6d1e40d7be810f01bb5","go","kit","N14","746567ff37cf69878b74331cb9bcc69b159dfb63"
"kit/mods/service_servicemods.go","e2280b953530cc99e99f3d7208ca08b826c2c833","go","kit","N14","746567ff37cf69878b74331cb9bcc69b159dfb63"
"kit/mongo/mongo_mod.go","9c9ca52a42ff54ccc82f0e71891e235cb5fac1c1","go","kit","N14","746567ff37cf69878b74331cb9bcc69b159dfb63"
"kit/nats/nats_mod.go","d429476f3fabe8d041937afad6f27b22d663a3dc","go","kit","N14","746567ff37cf69878b74331cb9bcc69b159dfb63"
"kit/nest/entity_sync.go","f6e6ea8018d1d5fceb9b4d866d899b7284bea722","go","kit","N14","746567ff37cf69878b74331cb9bcc69b159dfb63"
"kit/nest/nest_mod.go","6ececdcae2b99bd701e050d9eab57e4306d8835b","go","kit","N14","746567ff37cf69878b74331cb9bcc69b159dfb63"
"kit/ops/ops_mod.go","3d40f5371921cc7f6015d4e35af228f091db059e","go","kit","N14","746567ff37cf69878b74331cb9bcc69b159dfb63"
"kit/redis/redis_mod.go","4e0d369c4ba823a920752b06244cd8aeb92141b4","go","kit","N14","746567ff37cf69878b74331cb9bcc69b159dfb63"
"kit/remoteentity/remote_entity_mod.go","ea59c8389ef960d629fc683c0a99f69dea4ece1e","go","kit","N14","746567ff37cf69878b74331cb9bcc69b159dfb63"
"kit/saga/mod.go","c25a1437cb98490ee1c95778c26b315abbf20ce3","go","kit","N14","746567ff37cf69878b74331cb9bcc69b159dfb63"
"kit/service/account/account_mod.go","e3beb5f177e8340ff9d77278e9e04ba78e1a6e19","go","kit","N14","746567ff37cf69878b74331cb9bcc69b159dfb63"
"kit/service/account/account_rpc.go","dd5c7aff3d3f63a6bdc0287e096ce9c7bd5daaba","go","kit","N14","746567ff37cf69878b74331cb9bcc69b159dfb63"
"kit/service/account/accounts_rpc_assembly_gen.go","dd5d16bf68808793ceaa214dbcbbbe0fc0dfee80","go","kit","N14","746567ff37cf69878b74331cb9bcc69b159dfb63"
"kit/service/account/accounts_rpc_gen.go","5f884c2c42fc922af3343e1df0c7a82717da636a","go","kit","N14","746567ff37cf69878b74331cb9bcc69b159dfb63"
"kit/service/account/admin.go","68d231e3d2c20e0087f6e2bf18613af163c988df","go","kit","N14","746567ff37cf69878b74331cb9bcc69b159dfb63"
"kit/service/account/create_role.go","530b56bf4f8c98a91d0da0836714196fe7092038","go","kit","N14","746567ff37cf69878b74331cb9bcc69b159dfb63"
"kit/service/account/identity.go","31d3f65c2999ad84e9c5b13239092ec43a9a282c","go","kit","N14","746567ff37cf69878b74331cb9bcc69b159dfb63"
"kit/service/account/redis_store.go","32d9e8ce464e21e15740ee24a3323585a7eb61a9","go","kit","N14","746567ff37cf69878b74331cb9bcc69b159dfb63"
"kit/service/account/server_run.go","a47981a987dd03d5a561204c40a5a1c402941134","go","kit","N14","746567ff37cf69878b74331cb9bcc69b159dfb63"
"kit/service/account/service.go","edbad2155a9ac54734c625ec5d98da20aac2f3f7","go","kit","N14","746567ff37cf69878b74331cb9bcc69b159dfb63"
"kit/service/account/types.go","54032e8406a044f03f708fdd9f117fba94e10335","go","kit","N14","746567ff37cf69878b74331cb9bcc69b159dfb63"
"kit/service/chat/chat_mod.go","46d07458a602c3fbab948c7a5e0ec7983e0ae519","go","kit","N14","746567ff37cf69878b74331cb9bcc69b159dfb63"
"kit/service/chat/chat_rpc.go","cdefdc840d1b1da3082f053c661565867141bc04","go","kit","N14","746567ff37cf69878b74331cb9bcc69b159dfb63"
"kit/service/chat/chat.go","3a124b3f4d2bd589632fad4ca0c94848f1666594","go","kit","N14","746567ff37cf69878b74331cb9bcc69b159dfb63"
"kit/service/chat/messaging_rpc_assembly_gen.go","b9e10b46a6b7080848ed6126b42b07b042a81044","go","kit","N14","746567ff37cf69878b74331cb9bcc69b159dfb63"
"kit/service/chat/messaging_rpc_gen.go","55f4514a1413e1b76239d211553b4b8f2ec58073","go","kit","N14","746567ff37cf69878b74331cb9bcc69b159dfb63"
"kit/service/chat/redis_store.go","699824a72356abd970f392bc5dceaba4c9f7db67","go","kit","N14","746567ff37cf69878b74331cb9bcc69b159dfb63"
"kit/service/chat/server_run.go","abe22fd4b0af815c06a160e90c7ae3e7d8dd881b","go","kit","N14","746567ff37cf69878b74331cb9bcc69b159dfb63"
"kit/service/chat/service.go","4a4a40066f9f4a68fe702eb0ceb226348a18f1cf","go","kit","N14","746567ff37cf69878b74331cb9bcc69b159dfb63"
"kit/service/chat/store.go","8809dc55e557826cd7f495e8c9371a1d2de6ff9b","go","kit","N14","746567ff37cf69878b74331cb9bcc69b159dfb63"
"kit/service/directory/directory_mod.go","07bd61a3cd345c70882fefa88d97b6f51eb0f4f2","go","kit","N14","746567ff37cf69878b74331cb9bcc69b159dfb63"
"kit/service/directory/directory.go","d514f3dbee66ef699427194a28f46b48b7b8f4c0","go","kit","N14","746567ff37cf69878b74331cb9bcc69b159dfb63"
"kit/service/directory/redis_store.go","8e1c3f1608c8c06955767cdbec612e00743e99d3","go","kit","N14","746567ff37cf69878b74331cb9bcc69b159dfb63"
"kit/service/directory/store.go","bcfe2c2929a74dfe6eb5c1c220b9173d2dd8d86c","go","kit","N14","746567ff37cf69878b74331cb9bcc69b159dfb63"
"kit/service/examples/split/consumer.go","e24f0635a45095fdf1babc4e5eb2a9326fb8ae7b","go","kit","N14","746567ff37cf69878b74331cb9bcc69b159dfb63"
"kit/service/examples/split/doc.go","ace0a4ad73f28dbf326a4819b00ecfbc04f55ff6","go","kit","N14","746567ff37cf69878b74331cb9bcc69b159dfb63"
"kit/service/examples/split/gameprocess.go","b8b5c21d398f7eeff6c00193fdf8c6455077f993","go","kit","N14","746567ff37cf69878b74331cb9bcc69b159dfb63"
"kit/service/examples/split/mailprocess.go","b96c766fbc3e3c2d1403ef1e062f4a468416bea0","go","kit","N14","746567ff37cf69878b74331cb9bcc69b159dfb63"
"kit/service/global/activity/activity_mod.go","74afdbd4cf3e0367bfa98da79551ae2d03c1a2c5","go","kit","N14","746567ff37cf69878b74331cb9bcc69b159dfb63"
"kit/service/global/activity/activity_rpc.go","efeed869cba9940e550dc19dfd9dfabfd784f51b","go","kit","N14","746567ff37cf69878b74331cb9bcc69b159dfb63"
"kit/service/global/activity/admin.go","ff91e15616e3a666572dfd4b3723726376bb737c","go","kit","N14","746567ff37cf69878b74331cb9bcc69b159dfb63"
"kit/service/global/activity/coordinator_rpc_assembly_gen.go","d998fb34633c7921645de79096ec9265a891258f","go","kit","N14","746567ff37cf69878b74331cb9bcc69b159dfb63"
"kit/service/global/activity/coordinator_rpc_gen.go","0f3973481782b2e24d39d8cc3c399add315de0c2","go","kit","N14","746567ff37cf69878b74331cb9bcc69b159dfb63"
"kit/service/global/activity/redis_store.go","acfc9ef4d8ecf3eafc44e5a9559ddeff42bfca4f","go","kit","N14","746567ff37cf69878b74331cb9bcc69b159dfb63"
"kit/service/global/activity/server_run.go","d525fe653552ce267d06639d047f0b999d041303","go","kit","N14","746567ff37cf69878b74331cb9bcc69b159dfb63"
"kit/service/global/activity/service.go","68f21a3533da521a285bd9e874a03db95de8cb84","go","kit","N14","746567ff37cf69878b74331cb9bcc69b159dfb63"
"kit/service/global/activity/types.go","1ba6b5f4572dff517eea382feaa11dd5868cc807","go","kit","N14","746567ff37cf69878b74331cb9bcc69b159dfb63"
"kit/service/global/global_mod.go","f352ba8d15b6d6cf615d3f7aea26c7d4c6f2c86b","go","kit","N14","746567ff37cf69878b74331cb9bcc69b159dfb63"
"kit/service/global/global_rpc.go","1c0d8dd7980eed900269a705f4011b87420347f5","go","kit","N14","746567ff37cf69878b74331cb9bcc69b159dfb63"
"kit/service/global/redis_store.go","fb229efa2daa5a1bdb5c1d1b45d7ccea36faf64a","go","kit","N14","746567ff37cf69878b74331cb9bcc69b159dfb63"
"kit/service/global/routing_rpc_assembly_gen.go","3beeae89ee0d71482fddb7d5f1e24fb22a5ad0ff","go","kit","N14","746567ff37cf69878b74331cb9bcc69b159dfb63"
"kit/service/global/routing_rpc_gen.go","216006944e54c1ad0491e6db53993b11b8982356","go","kit","N14","746567ff37cf69878b74331cb9bcc69b159dfb63"
"kit/service/global/server_run.go","dc5bbf76979be5081b02fbfdbfb94a555041b019","go","kit","N14","746567ff37cf69878b74331cb9bcc69b159dfb63"
"kit/service/global/service.go","f3f24aab5c7cd3b2510ec810df3b8c68145feb69","go","kit","N14","746567ff37cf69878b74331cb9bcc69b159dfb63"
"kit/service/global/types.go","c9affdc74e8d1fc6059619397d01ebb47cc9674f","go","kit","N14","746567ff37cf69878b74331cb9bcc69b159dfb63"
"kit/service/integration/doc.go","162afa401b0b4b6048a30e8b5e05cf4a6bf68935","go","kit","N14","746567ff37cf69878b74331cb9bcc69b159dfb63"
"kit/service/mail/alias.go","cbbb04a9b530aed00b946e980c029b5f3afd73ee","go","kit","N14","746567ff37cf69878b74331cb9bcc69b159dfb63"
"kit/service/mail/mail_mod.go","872844292bf57d5a4e236475270c02c744599fe8","go","kit","N14","746567ff37cf69878b74331cb9bcc69b159dfb63"
"kit/service/mail/mail_rpc_assembly_gen.go","b2a7ccecdaa939263ca018c4d856a8d6332218c6","go","kit","N14","746567ff37cf69878b74331cb9bcc69b159dfb63"
"kit/service/mail/server_run.go","292cda02afb0999a71185baa3967f9619db8be95","go","kit","N14","746567ff37cf69878b74331cb9bcc69b159dfb63"
"kit/service/match/alias.go","1bbcb34cc53eb41d461d5876a2b895efe3c7ad17","go","kit","N14","746567ff37cf69878b74331cb9bcc69b159dfb63"
"kit/service/match/match_mod.go","887fe1f26a02b54fb66a86b50e057ca6f176901d","go","kit","N14","746567ff37cf69878b74331cb9bcc69b159dfb63"
"kit/service/match/matchmaker_rpc_assembly_gen.go","df54adbe902871a063f9fcfdedb9c8ac81e4ab64","go","kit","N14","746567ff37cf69878b74331cb9bcc69b159dfb63"
"kit/service/match/server_run.go","eb050342ce6183167a829f365165e32677d1d447","go","kit","N14","746567ff37cf69878b74331cb9bcc69b159dfb63"
"kit/service/platform/admin.go","fff71c4660d9d7b59d0637f26211fd02aec36438","go","kit","N14","746567ff37cf69878b74331cb9bcc69b159dfb63"
"kit/service/platform/identity.go","7726b95bf028036ccd3935752347e0509eca0b70","go","kit","N14","746567ff37cf69878b74331cb9bcc69b159dfb63"
"kit/service/platform/platform_mod.go","a43cdd79d3fbe066c258f81848a53d3ef1d48e72","go","kit","N14","746567ff37cf69878b74331cb9bcc69b159dfb63"
"kit/service/platform/platform_rpc_assembly_gen.go","22a6504767da96bf50956ca7c9801efc32329e70","go","kit","N14","746567ff37cf69878b74331cb9bcc69b159dfb63"
"kit/service/platform/platform_rpc_gen.go","05bca481a54624111db43ec9f24dccdac462753a","go","kit","N14","746567ff37cf69878b74331cb9bcc69b159dfb63"
"kit/service/platform/platform_rpc.go","6adb8fce96ec9f058c48cb06dc8926f0ec02f3d8","go","kit","N14","746567ff37cf69878b74331cb9bcc69b159dfb63"
"kit/service/platform/redis_store.go","386b286a10edcd76e3706abacbbc8caea62625f0","go","kit","N14","746567ff37cf69878b74331cb9bcc69b159dfb63"
"kit/service/platform/server_run.go","64b2dc9cefaea67859dfdeb5a8a41238798d45ce","go","kit","N14","746567ff37cf69878b74331cb9bcc69b159dfb63"
"kit/service/platform/service.go","3d93dab374f2e196af55306425ea1b7230c9954a","go","kit","N14","746567ff37cf69878b74331cb9bcc69b159dfb63"
"kit/service/platform/types.go","8dae17e7ebbd153840ba5c800e60fcc6a3cbbf5a","go","kit","N14","746567ff37cf69878b74331cb9bcc69b159dfb63"
"kit/service/rank/member.go","37d972822950a31f086ad380a5deab2fbcc1587f","go","kit","N14","746567ff37cf69878b74331cb9bcc69b159dfb63"
"kit/service/rank/rank_mod.go","62ce1cf72b0174b51a6d649d21d750338173a1ff","go","kit","N14","746567ff37cf69878b74331cb9bcc69b159dfb63"
"kit/service/rank/rank_rpc_assembly_gen.go","a25756784f3133c347cb196d18128c8b1afb080d","go","kit","N14","746567ff37cf69878b74331cb9bcc69b159dfb63"
"kit/service/rank/rank_rpc_gen.go","6af88af2e85444105dba65b1d8bb41b20461db5c","go","kit","N14","746567ff37cf69878b74331cb9bcc69b159dfb63"
"kit/service/rank/rank.go","82cdb5249ef614676c6d384e1deb92fb18d9b371","go","kit","N14","746567ff37cf69878b74331cb9bcc69b159dfb63"
"kit/service/rank/redis_store.go","b257adbe2cfa58eae1aedda52a5518cb30ced99f","go","kit","N14","746567ff37cf69878b74331cb9bcc69b159dfb63"
"kit/service/rank/server_run.go","df355927703ef143d2909a4e437d7552e947a84e","go","kit","N14","746567ff37cf69878b74331cb9bcc69b159dfb63"
"kit/service/rank/store.go","655cc14a2eea089297b55e70042a27310b91f2d2","go","kit","N14","746567ff37cf69878b74331cb9bcc69b159dfb63"
"kit/service/rank/types.go","4478adca3b85eeeb392433446ff1d3d71bf00f3e","go","kit","N14","746567ff37cf69878b74331cb9bcc69b159dfb63"
"kit/service/servicemetrics/servicemetrics.go","dbbd148173210bf7010d733b4d26a607ac950e86","go","kit","N14","746567ff37cf69878b74331cb9bcc69b159dfb63"
"kit/service/session/alias.go","41b967e9409f5d797d79c83883f45e50b9e85cf5","go","kit","N14","746567ff37cf69878b74331cb9bcc69b159dfb63"
"kit/service/session/options.go","192eb206bb78bdfa6f83a7d1ea4db67f14ef9944","go","kit","N14","746567ff37cf69878b74331cb9bcc69b159dfb63"
"kit/service/session/server_run.go","2e7143d9ca6b56c6aad554dd7c5103f6f4ba9a59","go","kit","N14","746567ff37cf69878b74331cb9bcc69b159dfb63"
"kit/service/session/session_mod.go","2ff99aa734e60cdf96f2942985f66e1b137f950e","go","kit","N14","746567ff37cf69878b74331cb9bcc69b159dfb63"
"kit/service/session/session_rpc_assembly_gen.go","48538f84f813c83c5d1209311d37431fce1c4f00","go","kit","N14","746567ff37cf69878b74331cb9bcc69b159dfb63"
"kit/statslog/statslog.go","ace38266c380de8d91a682deddbc33803713246f","go","kit","N14","746567ff37cf69878b74331cb9bcc69b159dfb63"
"kit/syncbus/mod.go","51fea2a98ae395cbe075464bf88701ba36610ff9","go","kit","N14","746567ff37cf69878b74331cb9bcc69b159dfb63"
"lifecycle/lifecycle.go","f7b4167f731c39e6691ca97307935a256db8a3f0","go","lifecycle","N01","746567ff37cf69878b74331cb9bcc69b159dfb63"
"lifecycle/manager_group.go","273ba3ad259b41a7ff490c91bfaaa78cda975d90","go","lifecycle","N01","746567ff37cf69878b74331cb9bcc69b159dfb63"
"lock/lock_manager.go","5e1682534886ad061d980cd5579ab9d5fc7709e5","go","lock","CORE-BOUNDARY","746567ff37cf69878b74331cb9bcc69b159dfb63"
"lock/lock.go","b019937b94c7340a03389f394459cdd2cf01b8fe","go","lock","CORE-BOUNDARY","746567ff37cf69878b74331cb9bcc69b159dfb63"
"lock/reentrant_mutex.go","770dbe60a82f8e6b31dea5c6ca8c58dd13d53521","go","lock","CORE-BOUNDARY","746567ff37cf69878b74331cb9bcc69b159dfb63"
"log/elog.go","33aa42bf73f77dd8a6e9caf0b8ed7e71f333fb65","go","log","N12","746567ff37cf69878b74331cb9bcc69b159dfb63"
"log/log.go","6282e2a26f4126844c190af0730f6b57ad2ac631","go","log","N12","746567ff37cf69878b74331cb9bcc69b159dfb63"
"log/ordered_text_handler.go","70ac253f7c94a02e6af86f338002409a180fd7e6","go","log","N12","746567ff37cf69878b74331cb9bcc69b159dfb63"
"log/rotation.go","48aa02778b8b03c79a2a5d5ff34c60eb9c4c82ac","go","log","N12","746567ff37cf69878b74331cb9bcc69b159dfb63"
"manager/engine.go","9f273f39b72af55c75c7411e369dc40458923714","go","manager","N01","746567ff37cf69878b74331cb9bcc69b159dfb63"
"manager/order.go","1152c51a96800a026ec46b371936eda538624bfa","go","manager","N01","746567ff37cf69878b74331cb9bcc69b159dfb63"
"metrics/metrics.go","f2ab73a529583b965ffd986ad16fd7c2dc9357ee","go","metrics","N12","746567ff37cf69878b74331cb9bcc69b159dfb63"
"metrics/prometheus.go","d14fe9a78f8b614ade7602491ee85627cc4a9c11","go","metrics","N12","746567ff37cf69878b74331cb9bcc69b159dfb63"
"migration/migration.go","b47b632c489d194a4abf9d9aa932a9ee320f29a8","go","migration","N04","746567ff37cf69878b74331cb9bcc69b159dfb63"
"misc/hash.go","1c0ab1a5afea71530acb87feeb41879e4f8a22a3","go","misc","N13","746567ff37cf69878b74331cb9bcc69b159dfb63"
"misc/integer.go","bd53f17d42242e925e8a568c52be3503d7951067","go","misc","N13","746567ff37cf69878b74331cb9bcc69b159dfb63"
"mongo/bulk.go","7f7957e338a07d25a37825dc1f6ef8af7633bb11","go","mongo","N04","746567ff37cf69878b74331cb9bcc69b159dfb63"
"mongo/client.go","8855c290386f77e5f3c9ddfc6f8c2e894b896fca","go","mongo","N04","746567ff37cf69878b74331cb9bcc69b159dfb63"
"mongo/collection.go","fa09be5cd7bd84c64114f185deaa426fb21f8b2d","go","mongo","N04","746567ff37cf69878b74331cb9bcc69b159dfb63"
"mongo/config.go","7057c85ee7153ce5a96fb4d0f20a49d473790b77","go","mongo","N04","746567ff37cf69878b74331cb9bcc69b159dfb63"
"mongo/database.go","997ddcef17736318ca29e6045f75976b8a4963af","go","mongo","N04","746567ff37cf69878b74331cb9bcc69b159dfb63"
"mongo/driver/client.go","1ff5d358dca6db2ee52a487d9ee7047c2387639d","go","mongo","N04","746567ff37cf69878b74331cb9bcc69b159dfb63"
"mongo/driver/collection.go","5d8c9a941e794aa753a6b8a56fc87668890ca8f1","go","mongo","N04","746567ff37cf69878b74331cb9bcc69b159dfb63"
"mongo/driver/database.go","9f043a8aa0cb664d14216d3e66441cc9339998d0","go","mongo","N04","746567ff37cf69878b74331cb9bcc69b159dfb63"
"mongo/driver/session.go","5a0d74d97debac7a321b7966aa8eb7b1981fec6c","go","mongo","N04","746567ff37cf69878b74331cb9bcc69b159dfb63"
"mongo/errors.go","37baa8a8a9b00b7f880ee633e2866611e80faac2","go","mongo","N04","746567ff37cf69878b74331cb9bcc69b159dfb63"
"mongo/index.go","97740a23d9aad5180addd824496ba7c7ccc99854","go","mongo","N04","746567ff37cf69878b74331cb9bcc69b159dfb63"
"mongo/mongotest/mongotest.go","70ee410406821fa00a2c3df50d7b4a95d51e5eaa","go","mongo","N04","746567ff37cf69878b74331cb9bcc69b159dfb63"
"mongo/session.go","1295b11fde0a00e1c71371a716c449693e633beb","go","mongo","N04","746567ff37cf69878b74331cb9bcc69b159dfb63"
"nats/client.go","e7a4749a74061315f7ed15a8e85bb96986353eb9","go","nats","N03","746567ff37cf69878b74331cb9bcc69b159dfb63"
"nats/config.go","090e65a6e002bf395c13dd5e0ee1f2bfc62941e2","go","nats","N03","746567ff37cf69878b74331cb9bcc69b159dfb63"
"nats/driver/assembly.go","2b77a0c9b63dd5676288b1fc661ef2e768db71f2","go","nats","N03","746567ff37cf69878b74331cb9bcc69b159dfb63"
"nats/driver/client.go","2fc7bc226aac344ab77142d53d91bd3bf341ca3a","go","nats","N03","746567ff37cf69878b74331cb9bcc69b159dfb63"
"nats/driver/jetstream.go","97fe4faf2099af679e62dd7bca359dc29b0bf512","go","nats","N03","746567ff37cf69878b74331cb9bcc69b159dfb63"
"nats/driver/options.go","18cfccb7893520e6c6d9b8842279404932c8744e","go","nats","N03","746567ff37cf69878b74331cb9bcc69b159dfb63"
"nats/driver/rpc.go","f130d7bcff6bc2c75c3eceb219ac64d48588783e","go","nats","N03","746567ff37cf69878b74331cb9bcc69b159dfb63"
"nats/driver/subscription.go","70eef727d4bf7961e3711801bb65cf7e21702f50","go","nats","N03","746567ff37cf69878b74331cb9bcc69b159dfb63"
"nats/errors.go","310a3a88d3a5148bdd2cba5c3c9a66ec5f6b9373","go","nats","N03","746567ff37cf69878b74331cb9bcc69b159dfb63"
"nats/jetstream.go","16b95f468a1740f1608825b37a92c207f343d283","go","nats","N03","746567ff37cf69878b74331cb9bcc69b159dfb63"
"nats/message.go","613c26ca607db09f2d54771179d7eb7131b2a8b3","go","nats","N03","746567ff37cf69878b74331cb9bcc69b159dfb63"
"nats/rpc.go","aad6b1d7274d803e5d3679b2d02f629860e3ee57","go","nats","N03","746567ff37cf69878b74331cb9bcc69b159dfb63"
"nats/subject.go","3062a984798b6366730bb84eb788a9fea6bb4a6c","go","nats","N03","746567ff37cf69878b74331cb9bcc69b159dfb63"
"nest/cast.go","68c49179f6cfedbecc3b06c0f36cf6480296b5a9","go","nest","CORE-BOUNDARY","746567ff37cf69878b74331cb9bcc69b159dfb63"
"nest/client.go","3c3c3936c40eed0d3035e113a5f4a81da132971f","go","nest","CORE-BOUNDARY","746567ff37cf69878b74331cb9bcc69b159dfb63"
"nest/dispatch_queue.go","1fe33556163d9537bede24b48ef58914daf2361d","go","nest","CORE-BOUNDARY","746567ff37cf69878b74331cb9bcc69b159dfb63"
"nest/dispatcher.go","e9b27622e6ed963d4bd22b4a31263250157da122","go","nest","CORE-BOUNDARY","746567ff37cf69878b74331cb9bcc69b159dfb63"
"nest/execution.go","006f20dfd6c76cf8e032ce59fbf2f0200363deb2","go","nest","CORE-BOUNDARY","746567ff37cf69878b74331cb9bcc69b159dfb63"
"nest/group_lock.go","bf5b13df21a06aefb0018f3351205660112f64f7","go","nest","CORE-BOUNDARY","746567ff37cf69878b74331cb9bcc69b159dfb63"
"nest/group_transition.go","4f0206ec36ec4f3f3ef2cc5bf508c6a6d4bd2c5f","go","nest","CORE-BOUNDARY","746567ff37cf69878b74331cb9bcc69b159dfb63"
"nest/handler.go","a2713f2c72b44422dc9c9ac3e02dfb78fbad1672","go","nest","CORE-BOUNDARY","746567ff37cf69878b74331cb9bcc69b159dfb63"
"nest/msg.go","0c439095ba9103431eeb80e66777e91e070e1274","go","nest","CORE-BOUNDARY","746567ff37cf69878b74331cb9bcc69b159dfb63"
"nest/nest_dispatch.go","42c2674d32d81dc08a76aff6331b374db3040ce9","go","nest","CORE-BOUNDARY","746567ff37cf69878b74331cb9bcc69b159dfb63"
"nest/nest.go","897f4b1ea743ea655fc7bca728aabc92bf4359e0","go","nest","CORE-BOUNDARY","746567ff37cf69878b74331cb9bcc69b159dfb63"
"nest/persist_change.go","a65708dd921560b7e2ae46b6616b4971047d594d","go","nest","CORE-BOUNDARY","746567ff37cf69878b74331cb9bcc69b159dfb63"
"nest/pipelined_completion.go","8889d122c56b9207ec5fcc71bf1b0f9908c7b78c","go","nest","CORE-BOUNDARY","746567ff37cf69878b74331cb9bcc69b159dfb63"
"nest/remote_access.go","6d7847b3f1dd5138189355bdd33730cc07cd9f10","go","nest","CORE-BOUNDARY","746567ff37cf69878b74331cb9bcc69b159dfb63"
"nest/remote_dispatch.go","6fb220338a8647f412829f622d3d7a2753d0b276","go","nest","CORE-BOUNDARY","746567ff37cf69878b74331cb9bcc69b159dfb63"
"nest/rollback.go","c5a1227f7b450015fada1fa921d727664ae5abf2","go","nest","CORE-BOUNDARY","746567ff37cf69878b74331cb9bcc69b159dfb63"
"nest/slow_load.go","e37d75edfacb7f713fffa4bc513a46aa67080c9b","go","nest","CORE-BOUNDARY","746567ff37cf69878b74331cb9bcc69b159dfb63"
"nest/stats.go","6285c93a5b3f978cfd46e9bb0e538ccdaeb585bf","go","nest","CORE-BOUNDARY","746567ff37cf69878b74331cb9bcc69b159dfb63"
"nest/ticker.go","a41f758d65fa96504c48cce4a088a86800d0550a","go","nest","CORE-BOUNDARY","746567ff37cf69878b74331cb9bcc69b159dfb63"
"nest/trace.go","ddd295010f22a5e26234e8923efe3fd37b37193d","go","nest","CORE-BOUNDARY","746567ff37cf69878b74331cb9bcc69b159dfb63"
"nest/transaction.go","e45efa3ed15cd27f57a25d5cc1350e817f1ab045","go","nest","CORE-BOUNDARY","746567ff37cf69878b74331cb9bcc69b159dfb63"
"nestwal/checkpoint.go","ed0deab89f813f3ac150792d2959718a2828220d","go","nestwal","CORE-BOUNDARY","746567ff37cf69878b74331cb9bcc69b159dfb63"
"nestwal/codec.go","5ef9ae78d1ed359443bd722563ac32880064bcf3","go","nestwal","CORE-BOUNDARY","746567ff37cf69878b74331cb9bcc69b159dfb63"
"nestwal/committer.go","865ef09321e41994c250bd2f05ff5e91f3960974","go","nestwal","CORE-BOUNDARY","746567ff37cf69878b74331cb9bcc69b159dfb63"
"nestwal/dirsync_unix.go","9211a715a52306300562e726896e85a2da406a57","go","nestwal","CORE-BOUNDARY","746567ff37cf69878b74331cb9bcc69b159dfb63"
"nestwal/dirsync_windows.go","5581889d8df9b9e15e91560e32e9a25edf4e281c","go","nestwal","CORE-BOUNDARY","746567ff37cf69878b74331cb9bcc69b159dfb63"
"nestwal/effect_inbox.go","d79b4d6ba549add4e0521dfc8b34305b4bf7fbd7","go","nestwal","CORE-BOUNDARY","746567ff37cf69878b74331cb9bcc69b159dfb63"
"nestwal/jetstream_publisher.go","d55279875265b6046dbfcd1566e89f537cb3d080","go","nestwal","CORE-BOUNDARY","746567ff37cf69878b74331cb9bcc69b159dfb63"
"nestwal/lock_unix.go","2ee0d6d17a25c663a031b98211946f1b20f3f686","go","nestwal","CORE-BOUNDARY","746567ff37cf69878b74331cb9bcc69b159dfb63"
"nestwal/lock_windows.go","16764fccf64c5f5724adb2b14a412e46051be2ce","go","nestwal","CORE-BOUNDARY","746567ff37cf69878b74331cb9bcc69b159dfb63"
"nestwal/runtime.go","844729fcfebfc8344fefb0329a425b11e37dc394","go","nestwal","CORE-BOUNDARY","746567ff37cf69878b74331cb9bcc69b159dfb63"
"nestwal/wal.go","31f084d48dce07b32fcda54b981e98039815250b","go","nestwal","CORE-BOUNDARY","746567ff37cf69878b74331cb9bcc69b159dfb63"
"ownerroute/bus.go","553c259830b7568ee5502c04599ab45e2d2339b8","go","ownerroute","N05","746567ff37cf69878b74331cb9bcc69b159dfb63"
"ownerroute/route.go","bb40ac99a4b3011888d0a57418bc1b57e607ed30","go","ownerroute","N05","746567ff37cf69878b74331cb9bcc69b159dfb63"
"redis/cas.go","b08aa3c1a5a76d5d4fe0bb23fd93dcd53b8d9674","go","redis","N04","746567ff37cf69878b74331cb9bcc69b159dfb63"
"redis/client.go","7f07a7c264276bcae336f950127e27824b6116e0","go","redis","N04","746567ff37cf69878b74331cb9bcc69b159dfb63"
"redis/config.go","189c922bd79183e7bd2bd3cae674a308d8f1979d","go","redis","N04","746567ff37cf69878b74331cb9bcc69b159dfb63"
"redis/driver/assembly.go","9803b64b42a359c823369906c936f3a226b0d967","go","redis","N04","746567ff37cf69878b74331cb9bcc69b159dfb63"
"redis/driver/client.go","d63a21e40fe10d3610c1d1f9aff4c18c93e808f3","go","redis","N04","746567ff37cf69878b74331cb9bcc69b159dfb63"
"redis/driver/cluster_recovery.go","c0c7f43ca66a6ddbda348ddc5ff36de7f0974d46","go","redis","N04","746567ff37cf69878b74331cb9bcc69b159dfb63"
"redis/driver/lock.go","19ff989f4d6c6a3a54e4da16c2f558d0242776ac","go","redis","N04","746567ff37cf69878b74331cb9bcc69b159dfb63"
"redis/driver/pipeline.go","9c3e9b76e06c33a63e3e142398dacaa48a0e027c","go","redis","N04","746567ff37cf69878b74331cb9bcc69b159dfb63"
"redis/driver/pubsub.go","5812c1e6656ed71d441652ef20f01ec8e52aa5f0","go","redis","N04","746567ff37cf69878b74331cb9bcc69b159dfb63"
"redis/errors.go","38a8fc2149e37dba793915868a1721d59c3ad466","go","redis","N04","746567ff37cf69878b74331cb9bcc69b159dfb63"
"redis/lock.go","d7ca1630f651c8a113b17356e3cecdeb02baf7ac","go","redis","N04","746567ff37cf69878b74331cb9bcc69b159dfb63"
"redis/pipeline.go","656f99b7a122ee122f4a190f633200d1493c564c","go","redis","N04","746567ff37cf69878b74331cb9bcc69b159dfb63"
"redis/pubsub.go","91799c277997763cec40fde14ef9776b3af6d440","go","redis","N04","746567ff37cf69878b74331cb9bcc69b159dfb63"
"redis/script.go","21afcb5431f3e08e4e22218d9a51ea6399b1ba70","go","redis","N04","746567ff37cf69878b74331cb9bcc69b159dfb63"
"redis/versioned_lock.go","cdb5ced00926172c05f0c5cb60d20343590e3478","go","redis","N04","746567ff37cf69878b74331cb9bcc69b159dfb63"
"remoteentity/assemble.go","aaed4754c82ccc7f7d3426a19c3ba318da498012","go","remoteentity","N05","746567ff37cf69878b74331cb9bcc69b159dfb63"
"remoteentity/assembly.go","9e943984e4506461a04337ed9bc0e820f7477d60","go","remoteentity","N05","746567ff37cf69878b74331cb9bcc69b159dfb63"
"remoteentity/backend.go","bd72237287fee8e4c20117aeba4304a22f3b528f","go","remoteentity","N05","746567ff37cf69878b74331cb9bcc69b159dfb63"
"remoteentity/batch.go","d32985ec90bdef85a6075dfd29b56e7ef220d0b9","go","remoteentity","N05","746567ff37cf69878b74331cb9bcc69b159dfb63"
"remoteentity/commit_encoding.go","4bb6b6c9a96205fd37713e013e03b366df24eefb","go","remoteentity","N05","746567ff37cf69878b74331cb9bcc69b159dfb63"
"remoteentity/config.go","1c975c3b86002199be1527f29d7f042a84624879","go","remoteentity","N05","746567ff37cf69878b74331cb9bcc69b159dfb63"
"remoteentity/doc.go","9ae003f96da92ff98921040eb3094fecb642d1f8","go","remoteentity","N05","746567ff37cf69878b74331cb9bcc69b159dfb63"
"remoteentity/interest.go","3d9c1905d4e735718d478952c5f8ffd1750153cd","go","remoteentity","N05","746567ff37cf69878b74331cb9bcc69b159dfb63"
"remoteentity/local_runtime.go","25e03b53befd0b1670f6608f2bf0f3c7074b10b0","go","remoteentity","N05","746567ff37cf69878b74331cb9bcc69b159dfb63"
"remoteentity/manager.go","6efa584ce12c10a7c7aa8004e49e5fd8ec5fc34a","go","remoteentity","N05","746567ff37cf69878b74331cb9bcc69b159dfb63"
"remoteentity/marker.go","48b20f00683797f819d4b4f0b6b348766d68ba88","go","remoteentity","N05","746567ff37cf69878b74331cb9bcc69b159dfb63"
"remoteentity/mongo_authority.go","e374a0ac4044ef4fdca13f8bd0ccd66b219bee09","go","remoteentity","N05","746567ff37cf69878b74331cb9bcc69b159dfb63"
"remoteentity/mongo_committer.go","ea1ba997bf59779ffaef4682be6ef32bb3621d14","go","remoteentity","N05","746567ff37cf69878b74331cb9bcc69b159dfb63"
"remoteentity/mongo_payload.go","a3cc6da74c62776f94090abdafb7d9bc1ec08a0a","go","remoteentity","N05","746567ff37cf69878b74331cb9bcc69b159dfb63"
"remoteentity/ownership.go","95d40a62f5e6fc92271a3771c1ac18c092fe3a5c","go","remoteentity","N05","746567ff37cf69878b74331cb9bcc69b159dfb63"
"remoteentity/snapshot_l2.go","4cc73956d916b4449c2ec5de5e9cf4827b0badf8","go","remoteentity","N05","746567ff37cf69878b74331cb9bcc69b159dfb63"
"remoteentity/syncer.go","6deeeb82b0cc20d745a388e4fb8ac6f97acd6b98","go","remoteentity","N05","746567ff37cf69878b74331cb9bcc69b159dfb63"
"remoteentity/transaction_manager.go","a713720d49b8e97b1f33b327ab7be78cf872c9ae","go","remoteentity","N05","746567ff37cf69878b74331cb9bcc69b159dfb63"
"remoteentity/transaction_tracking.go","dfd3afecfbe47a8c8a1641d663a924c941636d15","go","remoteentity","N05","746567ff37cf69878b74331cb9bcc69b159dfb63"
"remoteentity/versioned_lock_lua.go","4b6368414494b4c13ea019451e5d39e9e0e60def","go","remoteentity","N05","746567ff37cf69878b74331cb9bcc69b159dfb63"
"remoteentity/versioned_lock.go","5f308a05810d8ce654e044a2ee885c979c5063ef","go","remoteentity","N05","746567ff37cf69878b74331cb9bcc69b159dfb63"
"remoteentity/wrapper.go","c3cc962cb793d01239bd956d7ff2c8320ee7bad5","go","remoteentity","N05","746567ff37cf69878b74331cb9bcc69b159dfb63"
"robot/action/action.go","cb6386dd2925bf6ae1e1d087f329e14a7202029e","go","robot","N12","746567ff37cf69878b74331cb9bcc69b159dfb63"
"robot/action/builtin.go","7954faef26dedd2471ef20b2adfb728d112c1cc7","go","robot","N12","746567ff37cf69878b74331cb9bcc69b159dfb63"
"robot/action/call.go","9eb3394a1024d8071ac080723234818b49262940","go","robot","N12","746567ff37cf69878b74331cb9bcc69b159dfb63"
"robot/action/params.go","9af2a51b0e0d4bad7395a53a194695847a1dfeef","go","robot","N12","746567ff37cf69878b74331cb9bcc69b159dfb63"
"robot/blackboard.go","f7f38c616ddfdf459634335e1c24e9f294a21787","go","robot","N12","746567ff37cf69878b74331cb9bcc69b159dfb63"
"robot/dialers.go","dbd40101ce1c371162567c0b35fc0f90839b8112","go","robot","N12","746567ff37cf69878b74331cb9bcc69b159dfb63"
"robot/loadtest/admin.go","23f193c4f578a7dd976a005efb8bfcadaa50d781","go","robot","N12","746567ff37cf69878b74331cb9bcc69b159dfb63"
"robot/loadtest/manager.go","538593205ecf8c00820958de759d4364446d5d8f","go","robot","N12","746567ff37cf69878b74331cb9bcc69b159dfb63"
"robot/lockstep.go","8a15e9ce293c8acc378a11dd169d6b121a24b2a2","go","robot","N12","746567ff37cf69878b74331cb9bcc69b159dfb63"
"robot/protocol/registry.go","24c7c33f8d5a2e8f9dd761da190510a9e2f18a2b","go","robot","N12","746567ff37cf69878b74331cb9bcc69b159dfb63"
"robot/robot.go","2d7e69ac5024f04e08a80f97a30a6d24a50f20ea","go","robot","N12","746567ff37cf69878b74331cb9bcc69b159dfb63"
"robot/runner/runner.go","ddf3f68537e4d08b48d2ad4868d060f0afda3f5a","go","robot","N12","746567ff37cf69878b74331cb9bcc69b159dfb63"
"robot/scenario/scenario.go","341e2e99bffd85c0006e72275bb6f88301558962","go","robot","N12","746567ff37cf69878b74331cb9bcc69b159dfb63"
"robot/scenario/spec.go","70863c3e541cf7549dac6bfa1c1054cb6a0178c9","go","robot","N12","746567ff37cf69878b74331cb9bcc69b159dfb63"
"robot/session/session.go","4a626b8a2cdef33787307d1463219017185d4e9a","go","robot","N12","746567ff37cf69878b74331cb9bcc69b159dfb63"
"robot/transport/transport.go","557245327bed063354497c6e777453507ce6be74","go","robot","N12","746567ff37cf69878b74331cb9bcc69b159dfb63"
"safemap/fast.go","33bc8f3ac9a28abb1065d12214c7953e35e3e231","go","safemap","N13","746567ff37cf69878b74331cb9bcc69b159dfb63"
"safemap/hash.go","e7b8864949765368ac1fc9b866e96fe81d971409","go","safemap","N13","746567ff37cf69878b74331cb9bcc69b159dfb63"
"safemap/map.go","629f33ca9181063dd12e55e83b134e3ae94546f8","go","safemap","N13","746567ff37cf69878b74331cb9bcc69b159dfb63"
"safemap/sharded.go","6b89a907bc77b73ab5ad73148725c6b5f402ff93","go","safemap","N13","746567ff37cf69878b74331cb9bcc69b159dfb63"
"safemap/small.go","e00964e1b82d87be895b2cd25fa478b7b2e96c49","go","safemap","N13","746567ff37cf69878b74331cb9bcc69b159dfb63"
"saga/assembly.go","eca0fc5176f22a791d8b10a2a4a97e5c390468e7","go","saga","N06","746567ff37cf69878b74331cb9bcc69b159dfb63"
"saga/command_consumer.go","001015bc0643db41430d2253d18139b0c767de10","go","saga","N06","746567ff37cf69878b74331cb9bcc69b159dfb63"
"saga/dataengine_step_inbox.go","acaf5e70ef87eb6501bf226dda58e74dca233391","go","saga","N06","746567ff37cf69878b74331cb9bcc69b159dfb63"
"saga/engine.go","e7a28b103502d5242fb4b0d17a018e3c7628865c","go","saga","N06","746567ff37cf69878b74331cb9bcc69b159dfb63"
"saga/errors.go","fbe039710d106402fc328f6f47b5af193c24801d","go","saga","N06","746567ff37cf69878b74331cb9bcc69b159dfb63"
"saga/jetstream.go","a59dcc89cb104ebc9572583898ae0719d8cb48fb","go","saga","N06","746567ff37cf69878b74331cb9bcc69b159dfb63"
"saga/mongo_store.go","999f2e38cd94e7b5784dd202b6f8ab58f71eb98d","go","saga","N06","746567ff37cf69878b74331cb9bcc69b159dfb63"
"saga/nest_completion_consumer.go","6e7c34848adf1cc06e21d6986253c5469965e151","go","saga","N06","746567ff37cf69878b74331cb9bcc69b159dfb63"
"saga/nest_start_consumer.go","6f6eee898876fc22a4e06f1cdefedbcad8ed7a71","go","saga","N06","746567ff37cf69878b74331cb9bcc69b159dfb63"
"saga/nest.go","67cd4b81d1bd70331d5b694c6f8b666f984bcc5f","go","saga","N06","746567ff37cf69878b74331cb9bcc69b159dfb63"
"saga/record.go","e4682d908cd7d24af2d1d24f51797def3bb6e6fd","go","saga","N06","746567ff37cf69878b74331cb9bcc69b159dfb63"
"saga/store.go","5b8883332822c807406898525943af0ceb5b7138","go","saga","N06","746567ff37cf69878b74331cb9bcc69b159dfb63"
"scripts/perf/nest-msg/main.go","70df87c9b81532531c2d811c7ed64f4bac4293e8","go","scripts","N15","746567ff37cf69878b74331cb9bcc69b159dfb63"
"scripts/perf/sync-aoi/async.go","84eeb73f1d1f53f0168c32acea69e660ba88422b","go","scripts","N15","746567ff37cf69878b74331cb9bcc69b159dfb63"
"scripts/perf/sync-aoi/client.go","8d3681b8bef4bb43446b6127146754b3b7b8fd77","go","scripts","N15","746567ff37cf69878b74331cb9bcc69b159dfb63"
"scripts/perf/sync-aoi/main.go","de8f73ddab4e7d2915a49fae99909f3e22d66a4a","go","scripts","N15","746567ff37cf69878b74331cb9bcc69b159dfb63"
"scripts/perf/sync-aoi/nest.go","254a21a52aef1a6ef8b1a8bd034d274a702b2980","go","scripts","N15","746567ff37cf69878b74331cb9bcc69b159dfb63"
"scripts/perf/sync-aoi/trace.go","2f5c28b973f1486f6aaad5661f0f5ec77394d85f","go","scripts","N15","746567ff37cf69878b74331cb9bcc69b159dfb63"
"security/payload_signature.go","d0e5842f3d1f10c76da92f8b5fe588825f1989a8","go","security","N02","746567ff37cf69878b74331cb9bcc69b159dfb63"
"security/ratelimit.go","579844e2ba3aac512d7790fb8c52f1bdb89921dd","go","security","N02","746567ff37cf69878b74331cb9bcc69b159dfb63"
"security/session_token.go","d01370c69a608d414c85da0c89eddc1cebbf3528","go","security","N02","746567ff37cf69878b74331cb9bcc69b159dfb63"
"service/mail/mail_rpc_gen.go","7ce488c749ed5e4f83e3274085c9bcc98326cbb0","go","service","N06","746567ff37cf69878b74331cb9bcc69b159dfb63"
"service/mail/mail.go","38d22f02a53eda8a585a649776cd4dabc38b963f","go","service","N06","746567ff37cf69878b74331cb9bcc69b159dfb63"
"service/mail/mailbox.go","ca33f60ecf4bbd6b05da76defbf5aa8b84f9409a","go","service","N06","746567ff37cf69878b74331cb9bcc69b159dfb63"
"service/mail/redis_store.go","92a6cb07b7f86dc97bf83bf9328267130970b5a3","go","service","N06","746567ff37cf69878b74331cb9bcc69b159dfb63"
"service/mail/send_intent.go","b969a15ab93d8c5e3bf7e3141d35c6ebb216c4f1","go","service","N06","746567ff37cf69878b74331cb9bcc69b159dfb63"
"service/mail/service.go","eb6f526e558d67eaef31e704bdda2d20a07575c7","go","service","N06","746567ff37cf69878b74331cb9bcc69b159dfb63"
"service/mail/store.go","d37e29272be8bacb2734e1418400c9b9d02cba18","go","service","N06","746567ff37cf69878b74331cb9bcc69b159dfb63"
"service/mail/types.go","c57bbf5f2f578f94be377b003a968c1f263f53f0","go","service","N06","746567ff37cf69878b74331cb9bcc69b159dfb63"
"service/match/grouping.go","44514d7802e7041a7b2e1cb71664835a63e5c389","go","service","N06","746567ff37cf69878b74331cb9bcc69b159dfb63"
"service/match/match_rpc.go","af342f490cbcc76056727ca0820606c76a5a2879","go","service","N06","746567ff37cf69878b74331cb9bcc69b159dfb63"
"service/match/matchmaker_rpc_gen.go","507f0a072b09fbd5df8e0a0098f80864e54c5b06","go","service","N06","746567ff37cf69878b74331cb9bcc69b159dfb63"
"service/match/queue_store.go","b1f2aa68a73260d51e4d5a564bff16f46a894817","go","service","N06","746567ff37cf69878b74331cb9bcc69b159dfb63"
"service/match/redis_store.go","77b61a786212555bc2822277ec0196aa0e86b26d","go","service","N06","746567ff37cf69878b74331cb9bcc69b159dfb63"
"service/match/store.go","d9742a175b439e966b20f43bc25801c884e983aa","go","service","N06","746567ff37cf69878b74331cb9bcc69b159dfb63"
"service/match/types.go","36de1c4555a93e80f3f018b1dab080c3eca1427b","go","service","N06","746567ff37cf69878b74331cb9bcc69b159dfb63"
"service/session/admin.go","c7642fe423e47d2ace0e155a5155a3e6e8013081","go","service","N06","746567ff37cf69878b74331cb9bcc69b159dfb63"
"service/session/redis_store.go","d6630dd0acada836e02de0b970da8df2c5cc6a5d","go","service","N06","746567ff37cf69878b74331cb9bcc69b159dfb63"
"service/session/service.go","eaca93c7d675a7a8be6f42b24649450d23ba0abd","go","service","N06","746567ff37cf69878b74331cb9bcc69b159dfb63"
"service/session/session_rpc_gen.go","364b380f233bab844e8440529bef70ccd54e3ef8","go","service","N06","746567ff37cf69878b74331cb9bcc69b159dfb63"
"service/session/session_rpc.go","9a9f33c91482b771450ba98f916a6809bb70bb43","go","service","N06","746567ff37cf69878b74331cb9bcc69b159dfb63"
"service/session/sweep_source.go","36a11b0ed1100b21d57e8a5cf70841f2867f4132","go","service","N06","746567ff37cf69878b74331cb9bcc69b159dfb63"
"service/session/types.go","2326e2536907674d7d09ff175bf3fbde61f21079","go","service","N06","746567ff37cf69878b74331cb9bcc69b159dfb63"
"servicemetrics/recorder.go","f8b7b4c55d15c8b61948ff6ab842aedd0cd09a46","go","servicemetrics","N06","746567ff37cf69878b74331cb9bcc69b159dfb63"
"servicemetrics/servicemetrics.go","6bda9319ee7da7e33c5bec4a61618aeb3b6a5771","go","servicemetrics","N06","746567ff37cf69878b74331cb9bcc69b159dfb63"
"servicerpc/affinity.go","f56fe8db45236f195eab43a01e3abba90b8db0d6","go","servicerpc","N03","746567ff37cf69878b74331cb9bcc69b159dfb63"
"servicerpc/client.go","a963514ad1515b9e3f730a738bbd7b0ae3ffa3d7","go","servicerpc","N03","746567ff37cf69878b74331cb9bcc69b159dfb63"
"servicerpc/status.go","3a5eea97c8f46fba94a11891bbb2e218b6422108","go","servicerpc","N03","746567ff37cf69878b74331cb9bcc69b159dfb63"
"skill/canonical_definition.go","079849212080c10307d4ef259b5de5d09bc63c6c","go","skill","N09","746567ff37cf69878b74331cb9bcc69b159dfb63"
"skill/combat/attributes.go","297dd2fcc69b1163bb6e718c8425465ef775023a","go","skill","N09","746567ff37cf69878b74331cb9bcc69b159dfb63"
"skill/combat/buffs.go","682536dfe709266d7532a5e5f216fdf9ee1677e1","go","skill","N09","746567ff37cf69878b74331cb9bcc69b159dfb63"
"skill/combat/combat.go","5370150301a8167355fef9209d78252295eb519d","go","skill","N09","746567ff37cf69878b74331cb9bcc69b159dfb63"
"skill/combat/damage.go","7863eee82a6e5bc3d9e0cf3527c4c2a0f2ad76ba","go","skill","N09","746567ff37cf69878b74331cb9bcc69b159dfb63"
"skill/combat/roll.go","f3317229ee332b63ac55c613ebb950e549e04dc3","go","skill","N09","746567ff37cf69878b74331cb9bcc69b159dfb63"
"skill/combatcomponent/adapter.go","8855f114365d04d9ab6d9bb98ed5b231c070ba2c","go","skill","N09","746567ff37cf69878b74331cb9bcc69b159dfb63"
"skill/combatcomponent/component.go","1251b2bab8f0eaef2ee2ab4337b05a7bb7fdf5fb","go","skill","N09","746567ff37cf69878b74331cb9bcc69b159dfb63"
"skill/combatcomponent/status_bridge.go","6917be529ef6ed77061a18d99856387155959ae6","go","skill","N09","746567ff37cf69878b74331cb9bcc69b159dfb63"
"skill/compile_ability.go","3a915f87b3c892c90c184ca3c10fa7152bbdc8b8","go","skill","N09","746567ff37cf69878b74331cb9bcc69b159dfb63"
"skill/compile_authority.go","68b66ba68ecf62dac90906ed2ab02debe438a8c5","go","skill","N09","746567ff37cf69878b74331cb9bcc69b159dfb63"
"skill/compile_budget.go","e188944f8430dfba8c0042bb2a2d0a25565fa346","go","skill","N09","746567ff37cf69878b74331cb9bcc69b159dfb63"
"skill/compile_capability.go","792fe5cf1cfe4e3bfc70cfd220d70e320f2b9a14","go","skill","N09","746567ff37cf69878b74331cb9bcc69b159dfb63"
"skill/compile_context.go","0062e80f2ee3ee1dc6ddb33b2f3e7dbf2cd0f4b4","go","skill","N09","746567ff37cf69878b74331cb9bcc69b159dfb63"
"skill/compile_effect_result.go","38aececf84e4720519b81f37749f43aa5d926881","go","skill","N09","746567ff37cf69878b74331cb9bcc69b159dfb63"
"skill/compile_environment.go","4b927c872cafc3c0a8dbc702f5c46d15c637fc2d","go","skill","N09","746567ff37cf69878b74331cb9bcc69b159dfb63"
"skill/compile_graph.go","d392c8f60779baac70ebf9757be055fb647366b7","go","skill","N09","746567ff37cf69878b74331cb9bcc69b159dfb63"
"skill/compile_identity.go","026d86a68e4d6324eb9441a5238fb7ba032bb690","go","skill","N09","746567ff37cf69878b74331cb9bcc69b159dfb63"
"skill/compile_input.go","1726c97212fc086242004d59f9b9617b1ffee1d8","go","skill","N09","746567ff37cf69878b74331cb9bcc69b159dfb63"
"skill/compile_lifetime.go","4703bd0535dfabd20218cd07b4b0b2d8db6e6fea","go","skill","N09","746567ff37cf69878b74331cb9bcc69b159dfb63"
"skill/compile_memory.go","15709cc0b3308bea95ff929454aeabeaf91f81b7","go","skill","N09","746567ff37cf69878b74331cb9bcc69b159dfb63"
"skill/compile_motion.go","fa161e1679d9197a92fe7951fe495aaefd856592","go","skill","N09","746567ff37cf69878b74331cb9bcc69b159dfb63"
"skill/compile_normalize.go","774f3c16d3aa221b75db9206142a30899cfcf111","go","skill","N09","746567ff37cf69878b74331cb9bcc69b159dfb63"
"skill/compile_optional.go","8cf20a077a9da1a59a7e286ce1600fcc28341eb6","go","skill","N09","746567ff37cf69878b74331cb9bcc69b159dfb63"
"skill/compile_owned_entity.go","b07f45fc340efe8fc825a7e1c9d1f24a3961f744","go","skill","N09","746567ff37cf69878b74331cb9bcc69b159dfb63"
"skill/compile_proc.go","a1ad8b46fba0090457011eaf4aa9c4d1e29eafcf","go","skill","N09","746567ff37cf69878b74331cb9bcc69b159dfb63"
"skill/compile_quantity.go","e50b583247d8bb8a3ccbca5eb4f1158a6d4db723","go","skill","N09","746567ff37cf69878b74331cb9bcc69b159dfb63"
"skill/compile_random.go","7c5630dd8a7e32754831a1e3421f16ae0e0578ab","go","skill","N09","746567ff37cf69878b74331cb9bcc69b159dfb63"
"skill/compile_shape.go","d528951d3e83cbcece0d42b138e321f9bfe9a329","go","skill","N09","746567ff37cf69878b74331cb9bcc69b159dfb63"
"skill/compile_snapshot.go","0eea10d7ef6a645ed8e4ec54b4564b5fbe878e2d","go","skill","N09","746567ff37cf69878b74331cb9bcc69b159dfb63"
"skill/compile_state.go","01d2ae0eb6badf329762e1319d2862a0bf76fc04","go","skill","N09","746567ff37cf69878b74331cb9bcc69b159dfb63"
"skill/compile_status.go","6c120e189ff1f29e50c49e59a38d6582655dcd41","go","skill","N09","746567ff37cf69878b74331cb9bcc69b159dfb63"
"skill/compile_tags.go","d0327608dc97b9bbb2f28c952824bc8008bb3155","go","skill","N09","746567ff37cf69878b74331cb9bcc69b159dfb63"
"skill/compile_temporal.go","8c09a581457cb9df445c250493b846737e81ffd3","go","skill","N09","746567ff37cf69878b74331cb9bcc69b159dfb63"
"skill/compile_typecheck.go","358e731aaab92ab3e58014a925d74dc223caecf8","go","skill","N09","746567ff37cf69878b74331cb9bcc69b159dfb63"
"skill/compile_visual.go","86c42e57d73a2fdcf50e4efcb5bfb79d08bc75bb","go","skill","N09","746567ff37cf69878b74331cb9bcc69b159dfb63"
"skill/compile.go","bcc1dd52cb565392bb5cc0fe19706694b541a230","go","skill","N09","746567ff37cf69878b74331cb9bcc69b159dfb63"
"skill/diagnostic.go","32d4ef38d33b914a335ac7e96d055f403203e9d2","go","skill","N09","746567ff37cf69878b74331cb9bcc69b159dfb63"
"skill/doc.go","341fbced68d0111885a4f9220bb504aeac7b5aaf","go","skill","N09","746567ff37cf69878b74331cb9bcc69b159dfb63"
"skill/environment_kinds.go","610e42ac81404ad568b1440e32d49b661d858822","go","skill","N09","746567ff37cf69878b74331cb9bcc69b159dfb63"
"skill/examples/combat/main.go","d58c8dc575246d538b873f16bea4dd336d594f87","go","skill","N09","746567ff37cf69878b74331cb9bcc69b159dfb63"
"skill/examples/fireball/main.go","97ed8b10141a558e1566bfaa902ebdfbf23dffcf","go","skill","N09","746567ff37cf69878b74331cb9bcc69b159dfb63"
"skill/examples/statusbridge/main.go","4c25562c447fd1de18fa1aadedb250b3c2d7974b","go","skill","N09","746567ff37cf69878b74331cb9bcc69b159dfb63"
"skill/executor.go","2a8db3b4c59f74af5dbc89288e5a251807213299","go","skill","N09","746567ff37cf69878b74331cb9bcc69b159dfb63"
"skill/fixed_math.go","bb1ea63ad6799625c13b8911c2a95b5cd80b73ba","go","skill","N09","746567ff37cf69878b74331cb9bcc69b159dfb63"
"skill/generated.go","be7959a5187f4d3a8c63e87c1dc66fa7e19ffaa1","go","skill","N09","746567ff37cf69878b74331cb9bcc69b159dfb63"
"skill/host_combat.go","5712508c0dcc84e685ce95e03a1e143bf47b0a03","go","skill","N09","746567ff37cf69878b74331cb9bcc69b159dfb63"
"skill/host_command.go","607165cc97ddffa4e18e8fb9219eba3e94df3bbc","go","skill","N09","746567ff37cf69878b74331cb9bcc69b159dfb63"
"skill/host_event.go","4d314c1957d34ae5f707c1d01412546f3093b4ae","go","skill","N09","746567ff37cf69878b74331cb9bcc69b159dfb63"
"skill/host_owned_entity.go","bd450f3f83ab58b257327eace528e824f357eda2","go","skill","N09","746567ff37cf69878b74331cb9bcc69b159dfb63"
"skill/host_process.go","b66bc7240b0786477ded119ae3f2d7670fede422","go","skill","N09","746567ff37cf69878b74331cb9bcc69b159dfb63"
"skill/host_revision.go","d686e8b5a86dd4ff0addf0982f8ef3d26e39210a","go","skill","N09","746567ff37cf69878b74331cb9bcc69b159dfb63"
"skill/host_state.go","2ee41ebd0f9f9ac700171ea96ac864639eab4a6c","go","skill","N09","746567ff37cf69878b74331cb9bcc69b159dfb63"
"skill/host_status.go","596169e69d24a52f801efb10dc8d809f44757b56","go","skill","N09","746567ff37cf69878b74331cb9bcc69b159dfb63"
"skill/host_temporal.go","24f0d3bc81694dceda33979bfe3291d282424742","go","skill","N09","746567ff37cf69878b74331cb9bcc69b159dfb63"
"skill/host_value.go","8d014a168baef1902485f58d8809046b1d5b99c2","go","skill","N09","746567ff37cf69878b74331cb9bcc69b159dfb63"
"skill/host.go","66e32de81f79240ce53d8fe0c560ce039cd5f447","go","skill","N09","746567ff37cf69878b74331cb9bcc69b159dfb63"
"skill/inspect.go","f71475c6361d9bad80f7d0205970bfc6a75cf37c","go","skill","N09","746567ff37cf69878b74331cb9bcc69b159dfb63"
"skill/ir_ability.go","d2d3c09227aea71fb4c224832ee1e339fefd857b","go","skill","N09","746567ff37cf69878b74331cb9bcc69b159dfb63"
"skill/ir_combat.go","46b04b216c6e41fa4af9508ffa7c5a59355ffa44","go","skill","N09","746567ff37cf69878b74331cb9bcc69b159dfb63"
"skill/ir_effect_result.go","574b43924dfe2511da71ed7201850d5a9ee63bb7","go","skill","N09","746567ff37cf69878b74331cb9bcc69b159dfb63"
"skill/ir_effect.go","fe6880150823775248a3b9b1186f26db44de6a87","go","skill","N09","746567ff37cf69878b74331cb9bcc69b159dfb63"
"skill/ir_event.go","c6e2cab4597c175fd0cad84a96d944ca06931e09","go","skill","N09","746567ff37cf69878b74331cb9bcc69b159dfb63"
"skill/ir_flow.go","7dc9e07cde8acf707d46e945e204b9d80add4b39","go","skill","N09","746567ff37cf69878b74331cb9bcc69b159dfb63"
"skill/ir_input.go","09f5c571b76bd3bac077d337cfe051e989e66d88","go","skill","N09","746567ff37cf69878b74331cb9bcc69b159dfb63"
"skill/ir_motion.go","3d4d47d7627f30177882c6b96509a751dcb579ad","go","skill","N09","746567ff37cf69878b74331cb9bcc69b159dfb63"
"skill/ir_numeric.go","694f3827629796aa28981be5ce72fcdbd6d26627","go","skill","N09","746567ff37cf69878b74331cb9bcc69b159dfb63"
"skill/ir_owned_entity.go","0e8a5f6b94dd8cacab42a8a35fa18f0ebf7fc015","go","skill","N09","746567ff37cf69878b74331cb9bcc69b159dfb63"
"skill/ir_select.go","a3908278baf7285d66e68900f60b63fd9a61a6de","go","skill","N09","746567ff37cf69878b74331cb9bcc69b159dfb63"
"skill/ir_state.go","f1f6f9eb5cae993bbca6880b3d309597a176ad89","go","skill","N09","746567ff37cf69878b74331cb9bcc69b159dfb63"
"skill/ir_status.go","2b295b92b16a7d41e478d930ae578c5bf1328a22","go","skill","N09","746567ff37cf69878b74331cb9bcc69b159dfb63"
"skill/ir_temporal.go","55281d5fa81fce41b17a2c87c61db36da9bed5fc","go","skill","N09","746567ff37cf69878b74331cb9bcc69b159dfb63"
"skill/ir_visit.go","8222d074fbcf13de9591912b4ee6933ec1528fa3","go","skill","N09","746567ff37cf69878b74331cb9bcc69b159dfb63"
"skill/ir.go","d4fdd869f24e727c1cbaa0238928adb9e7fa54b7","go","skill","N09","746567ff37cf69878b74331cb9bcc69b159dfb63"
"skill/lower.go","b5eb1c53dbbb69e030e68575ba9c20b8b7fe81f4","go","skill","N09","746567ff37cf69878b74331cb9bcc69b159dfb63"
"skill/memory_host_combat.go","635ea755773f32bd6a8a07a67171ca418a4ded45","go","skill","N09","746567ff37cf69878b74331cb9bcc69b159dfb63"
"skill/memory_host_effect.go","97a6db495387f908d7eef7897f77a560c008449d","go","skill","N09","746567ff37cf69878b74331cb9bcc69b159dfb63"
"skill/memory_host_motion.go","a0fd3663ed301706b80f308f99efae36956808ba","go","skill","N09","746567ff37cf69878b74331cb9bcc69b159dfb63"
"skill/memory_host_owned_entity.go","e5a06a8fdb8f8b5bd817b0b2cc5ce335a60be7e0","go","skill","N09","746567ff37cf69878b74331cb9bcc69b159dfb63"
"skill/memory_host_process.go","4cfb82e9da9b0377627ce88f23b6425529768ea4","go","skill","N09","746567ff37cf69878b74331cb9bcc69b159dfb63"
"skill/memory_host_select.go","5292edeea304fea41698b3fe23a13535423c6e78","go","skill","N09","746567ff37cf69878b74331cb9bcc69b159dfb63"
"skill/memory_host_state.go","555f65bcac4b15ba5ca9e9012099fff137263994","go","skill","N09","746567ff37cf69878b74331cb9bcc69b159dfb63"
"skill/memory_host_status.go","e54de88282c767d0ab69d2b8df48ed251c9ebc2d","go","skill","N09","746567ff37cf69878b74331cb9bcc69b159dfb63"
"skill/memory_host_temporal.go","7f0d63a06cc3719395f15a15b90f4394d9985a6c","go","skill","N09","746567ff37cf69878b74331cb9bcc69b159dfb63"
"skill/memory_host.go","5794610568c6dae8565fe57713f401cc97dae011","go","skill","N09","746567ff37cf69878b74331cb9bcc69b159dfb63"
"skill/parse_duplicate.go","bedf3b7581ecfdc964f4735019de566e2c5e0d34","go","skill","N09","746567ff37cf69878b74331cb9bcc69b159dfb63"
"skill/parse.go","a039ed700e10ba30184d49995064e6b4e8d3a891","go","skill","N09","746567ff37cf69878b74331cb9bcc69b159dfb63"
"skill/presentation_asset_cache.go","de1b180594e79675a7b3ab414f277a843949a32d","go","skill","N09","746567ff37cf69878b74331cb9bcc69b159dfb63"
"skill/presentation_assets.go","565390ac8e9761870e286eecd908c5771a59b7dc","go","skill","N09","746567ff37cf69878b74331cb9bcc69b159dfb63"
"skill/presentation_recovery.go","74fbabdadda8b06a2a6b3c6b1e96962614684913","go","skill","N09","746567ff37cf69878b74331cb9bcc69b159dfb63"
"skill/presentation.go","28d9ae114c3e4fbdcb32ed28fd3439a111f73e7a","go","skill","N09","746567ff37cf69878b74331cb9bcc69b159dfb63"
"skill/process_area.go","ba5191f6777b358f98a6e83ffce879774d8afe08","go","skill","N09","746567ff37cf69878b74331cb9bcc69b159dfb63"
"skill/process_motion.go","44fecc1bc36e707ba742200957a39e88924b5ce8","go","skill","N09","746567ff37cf69878b74331cb9bcc69b159dfb63"
"skill/process_numeric.go","e576d77d8c195c5758ce2238c17eff9ca315cb48","go","skill","N09","746567ff37cf69878b74331cb9bcc69b159dfb63"
"skill/process_owned.go","acc8477e34c613b99fa8bce1abeca288abbce7d3","go","skill","N09","746567ff37cf69878b74331cb9bcc69b159dfb63"
"skill/process.go","8197c36bd78c98aa4da6490a0c171a36ad2aa80f","go","skill","N09","746567ff37cf69878b74331cb9bcc69b159dfb63"
"skill/program_ability.go","27ddf410569691478c61601485a1fb67cafdb628","go","skill","N09","746567ff37cf69878b74331cb9bcc69b159dfb63"
"skill/program_combat.go","bf6f67902341633971955e10a23aa874dfc5b40f","go","skill","N09","746567ff37cf69878b74331cb9bcc69b159dfb63"
"skill/program_digest.go","6293bb69fb0d8e5f7a32621c91134327d7e6b4b0","go","skill","N09","746567ff37cf69878b74331cb9bcc69b159dfb63"
"skill/program_effect_result.go","a4e2684150e15df3051d5c0fde24cb617edc0e61","go","skill","N09","746567ff37cf69878b74331cb9bcc69b159dfb63"
"skill/program_event.go","41f6f8efcbfb329ba389951db1e1acc1d6782365","go","skill","N09","746567ff37cf69878b74331cb9bcc69b159dfb63"
"skill/program_identity.go","9fe9b939e8ee9f913187772103abf3b1898c96c8","go","skill","N09","746567ff37cf69878b74331cb9bcc69b159dfb63"
"skill/program_input.go","f9298e294efabd335b7f91357bc9e0bba4f16444","go","skill","N09","746567ff37cf69878b74331cb9bcc69b159dfb63"
"skill/program_operation.go","cee7a71ca45114484a0838572545fb6b6a98caa1","go","skill","N09","746567ff37cf69878b74331cb9bcc69b159dfb63"
"skill/program_owned_entity.go","718270fb26407dac7dbaa66651300762cd7ddf0e","go","skill","N09","746567ff37cf69878b74331cb9bcc69b159dfb63"
"skill/program_process.go","441354a974b870b99ee21a050c9a2d4ddf2ac39c","go","skill","N09","746567ff37cf69878b74331cb9bcc69b159dfb63"
"skill/program_quantity.go","e8f3e27ba11f5b83814055315490fd3c2e51ddde","go","skill","N09","746567ff37cf69878b74331cb9bcc69b159dfb63"
"skill/program_random.go","c959c18f98a295dc5332ffff38fb20e1d577827b","go","skill","N09","746567ff37cf69878b74331cb9bcc69b159dfb63"
"skill/program_select.go","7550387dbeefa2945dd4420c7e4ff8d9f0907aef","go","skill","N09","746567ff37cf69878b74331cb9bcc69b159dfb63"
"skill/program_state.go","c3a35a47353c20a688b014cd9eedce47de2a0a1e","go","skill","N09","746567ff37cf69878b74331cb9bcc69b159dfb63"
"skill/program_status.go","28560482bb96b62f253eda32a68c375382be2c15","go","skill","N09","746567ff37cf69878b74331cb9bcc69b159dfb63"
"skill/program_temporal.go","408e571b6fe42d280519013de63f9b3b270a801c","go","skill","N09","746567ff37cf69878b74331cb9bcc69b159dfb63"
"skill/program_visual.go","99c007b715e8b3f67ac025078baa756ed4a3e740","go","skill","N09","746567ff37cf69878b74331cb9bcc69b159dfb63"
"skill/program.go","68739a6291d86fcbddc1cfac518eff0b5d2b70f9","go","skill","N09","746567ff37cf69878b74331cb9bcc69b159dfb63"
"skill/quantity.go","abe12cf36c6113b5581ba9383228addfdb87023e","go","skill","N09","746567ff37cf69878b74331cb9bcc69b159dfb63"
"skill/replay.go","2dfd89cb90c2ebd60c215239eb7f2fb338f56da2","go","skill","N09","746567ff37cf69878b74331cb9bcc69b159dfb63"
"skill/runtime_ability.go","5b01f1f2e02d9ce355e364b80e93c34c72d1e9fb","go","skill","N09","746567ff37cf69878b74331cb9bcc69b159dfb63"
"skill/runtime_cast_policy.go","ff0df9398f14ae1196fa87828cf8206b387e926a","go","skill","N09","746567ff37cf69878b74331cb9bcc69b159dfb63"
"skill/runtime_cast_window.go","945fa04540e8c63e63dcbda9979ca4f747a24afd","go","skill","N09","746567ff37cf69878b74331cb9bcc69b159dfb63"
"skill/runtime_cast.go","d6aea6374da70a7659a8dee3bdb6a7e17585083e","go","skill","N09","746567ff37cf69878b74331cb9bcc69b159dfb63"
"skill/runtime_checkpoint.go","18f21be577ac4d2cf6599c8dd14da9cf89daea04","go","skill","N09","746567ff37cf69878b74331cb9bcc69b159dfb63"
"skill/runtime_dispatch.go","f44bf705935f4090b287a2e19bf9c51f6452a12f","go","skill","N09","746567ff37cf69878b74331cb9bcc69b159dfb63"
"skill/runtime_effect_result.go","bbac8404636ca2e122e484d16e8d1f353714bd8c","go","skill","N09","746567ff37cf69878b74331cb9bcc69b159dfb63"
"skill/runtime_eval.go","f1a550c076bb88b3b1bb9807d0c69251281bd87e","go","skill","N09","746567ff37cf69878b74331cb9bcc69b159dfb63"
"skill/runtime_event.go","1372ff43d7668516455e6b6a3774212bbd50dff4","go","skill","N09","746567ff37cf69878b74331cb9bcc69b159dfb63"
"skill/runtime_input.go","cca1016e085b5f9c4db6ae96d1953789fb1ec021","go","skill","N09","746567ff37cf69878b74331cb9bcc69b159dfb63"
"skill/runtime_mutation.go","d6869a8df2c41bd39fbd6858014fd55cf62fe466","go","skill","N09","746567ff37cf69878b74331cb9bcc69b159dfb63"
"skill/runtime_owned_process.go","b691299d8c5e9aa602d9971a2adea03a1c3cae84","go","skill","N09","746567ff37cf69878b74331cb9bcc69b159dfb63"
"skill/runtime_proc.go","46ffbe7f3f2b08da1d8cedf462fff16e6e57b308","go","skill","N09","746567ff37cf69878b74331cb9bcc69b159dfb63"
"skill/runtime_random.go","b833ea66bfd0cbc44e093cb9c25d82a4f59ece62","go","skill","N09","746567ff37cf69878b74331cb9bcc69b159dfb63"
"skill/runtime_retention.go","3a8231c9bafc1aa810cb55bd099e53d8a5161081","go","skill","N09","746567ff37cf69878b74331cb9bcc69b159dfb63"
"skill/runtime_select.go","56c37762f2b4da4e724a6c4721f601a584396ec2","go","skill","N09","746567ff37cf69878b74331cb9bcc69b159dfb63"
"skill/runtime_state.go","e141230ba078ee59f203d148a85830ec0475ccbd","go","skill","N09","746567ff37cf69878b74331cb9bcc69b159dfb63"
"skill/runtime_sync.go","5b4493ad2a27ce5c5741175321916ca98388a3bd","go","skill","N09","746567ff37cf69878b74331cb9bcc69b159dfb63"
"skill/runtime_temporal.go","003881602d47e091d30637b8b42fca5fd88033af","go","skill","N09","746567ff37cf69878b74331cb9bcc69b159dfb63"
"skill/runtime_turn.go","c183930a4038864df04a7cc6b51251b88af6ffab","go","skill","N09","746567ff37cf69878b74331cb9bcc69b159dfb63"
"skill/runtime_value_json.go","e5afd5808f2ae0746b496916a00752eebed7e50b","go","skill","N09","746567ff37cf69878b74331cb9bcc69b159dfb63"
"skill/runtime_value_redaction.go","6faf0b05b4dc50475e789f26b1f2d9474419f778","go","skill","N09","746567ff37cf69878b74331cb9bcc69b159dfb63"
"skill/runtime_value.go","f24e180e1aee877c9474cf2ef9856eace0ca1bfd","go","skill","N09","746567ff37cf69878b74331cb9bcc69b159dfb63"
"skill/runtime.go","9c697a765192d6e7c81cbce7ccc6e54135ae8157","go","skill","N09","746567ff37cf69878b74331cb9bcc69b159dfb63"
"skill/scheduler.go","8c57235dc00e254bd8261f22998d65ac0dac85fb","go","skill","N09","746567ff37cf69878b74331cb9bcc69b159dfb63"
"skill/skillcompose/canonical.go","a140c99c0a2c24535299c397a4ac66c887cf43fc","go","skill","N09","746567ff37cf69878b74331cb9bcc69b159dfb63"
"skill/skillcompose/catalog.go","5c2dee1aa0b98260dc2dd823b81c971787d473a3","go","skill","N09","746567ff37cf69878b74331cb9bcc69b159dfb63"
"skill/skillcompose/contract_builder.go","16152c73e0ed5106e99b39d2aca88c90db296eef","go","skill","N09","746567ff37cf69878b74331cb9bcc69b159dfb63"
"skill/skillcompose/contract_validate.go","f2c38c1ee376466df155c330120ef2905bf3af52","go","skill","N09","746567ff37cf69878b74331cb9bcc69b159dfb63"
"skill/skillcompose/contract.go","e4e7a810e574e3c398a84f83858b40ef4e2048ab","go","skill","N09","746567ff37cf69878b74331cb9bcc69b159dfb63"
"skill/skillcompose/diagnostic.go","35822b2f43d64089cb9d5646d28bde5369a9d647","go","skill","N09","746567ff37cf69878b74331cb9bcc69b159dfb63"
"skill/skillcompose/doc.go","8d7af3e43968f4e428c11dcce3782edfd2a57076","go","skill","N09","746567ff37cf69878b74331cb9bcc69b159dfb63"
"skill/skillcompose/graph.go","0a58617a6fa018ea858aad42319ce35c294ad6fa","go","skill","N09","746567ff37cf69878b74331cb9bcc69b159dfb63"
"skill/skillcompose/matcher.go","767e606b2823290accde5a1fff65c66cb77338c8","go","skill","N09","746567ff37cf69878b74331cb9bcc69b159dfb63"
"skill/skillcompose/metric.go","733fefcdac4d75709f390c63589bc55db7962e09","go","skill","N09","746567ff37cf69878b74331cb9bcc69b159dfb63"
"skill/skillcompose/policy.go","0f45c68d5d559afb648b7348e3faa3a56f59fcb3","go","skill","N09","746567ff37cf69878b74331cb9bcc69b159dfb63"
"skill/skillcompose/profile_extract.go","6c9c131030df707b02db88a9b61a1067d5ed587a","go","skill","N09","746567ff37cf69878b74331cb9bcc69b159dfb63"
"skill/skillcompose/profile.go","35a81d87eca8fa43ecf010f0dc20a1df71a6a094","go","skill","N09","746567ff37cf69878b74331cb9bcc69b159dfb63"
"skill/skillcompose/prompt_view.go","0c9af04ba198a9a5f32e32802160a4bccdd3d04b","go","skill","N09","746567ff37cf69878b74331cb9bcc69b159dfb63"
"skill/skillcompose/validator.go","5c6dfbd1aedeb73484a75057910e6a26fa86cde8","go","skill","N09","746567ff37cf69878b74331cb9bcc69b159dfb63"
"skill/skillsync/applier.go","34059192b79d76fb01a171e036bdba09b5661504","go","skill","N09","746567ff37cf69878b74331cb9bcc69b159dfb63"
"skill/skillsync/coordinator.go","54006bc9edda323798714ac363485bca44f6ef37","go","skill","N09","746567ff37cf69878b74331cb9bcc69b159dfb63"
"skill/skillsync/file_outbox.go","32a14a5487e160cd1d8af0a8b5f8cc0592eec1fb","go","skill","N09","746567ff37cf69878b74331cb9bcc69b159dfb63"
"skill/skillsync/file_replace_unix.go","45faa5c677386d12bbcabbbf595691e875deb688","go","skill","N09","746567ff37cf69878b74331cb9bcc69b159dfb63"
"skill/skillsync/file_replace_windows.go","13d4f3d906013dbc86ccf34b2d0c67dcf15775a8","go","skill","N09","746567ff37cf69878b74331cb9bcc69b159dfb63"
"skill/skillsync/observability.go","52864488c98552ee4a8ad4b5e5975a2662ddf27b","go","skill","N09","746567ff37cf69878b74331cb9bcc69b159dfb63"
"skill/skillsync/outbox.go","89061fa097626f56576411c5d6d03daf2162ad6d","go","skill","N09","746567ff37cf69878b74331cb9bcc69b159dfb63"
"skill/skillsync/schema.go","88a284f2863849dac5daae781b0c38f298774d8f","go","skill","N09","746567ff37cf69878b74331cb9bcc69b159dfb63"
"skill/skillsync/skillsync.go","ef538604f2c3a765ce84da3cf3e26d676bb85f5c","go","skill","N09","746567ff37cf69878b74331cb9bcc69b159dfb63"
"skill/skillsync/visibility.go","a9c7b055d06f2cebb8bf0c593bb5c4e395c56230","go","skill","N09","746567ff37cf69878b74331cb9bcc69b159dfb63"
"skill/trace.go","310fe79d8294df407c795f88b515dd04b05ef6ef","go","skill","N09","746567ff37cf69878b74331cb9bcc69b159dfb63"
"skill/value_optional.go","ec2da7966b7f2910f7bad056d8750a3c7398a9d1","go","skill","N09","746567ff37cf69878b74331cb9bcc69b159dfb63"
"skill/value.go","61733578843b0fce8fc08f4a50e71dc860c07cea","go","skill","N09","746567ff37cf69878b74331cb9bcc69b159dfb63"
"skill/wire_activation.go","64ac1d57f71e51eecc346e5f0238040c30d8861c","go","skill","N09","746567ff37cf69878b74331cb9bcc69b159dfb63"
"skill/wire_cast_window.go","6aa679f77bf55b71283df82f3a36036c64ab6070","go","skill","N09","746567ff37cf69878b74331cb9bcc69b159dfb63"
"skill/wire_combat.go","1a606e066b642dfd11d1e2085993dc0676af3262","go","skill","N09","746567ff37cf69878b74331cb9bcc69b159dfb63"
"skill/wire_definition.go","c67f8e7dbf385da082fc60c4adf09ed22413241b","go","skill","N09","746567ff37cf69878b74331cb9bcc69b159dfb63"
"skill/wire_effect_result.go","e2bc8f144ccf22931a3433ebcd932796dd2f6da5","go","skill","N09","746567ff37cf69878b74331cb9bcc69b159dfb63"
"skill/wire_effect.go","45b4fc0f0b4d7ebef68751305b563ec8b52eb4be","go","skill","N09","746567ff37cf69878b74331cb9bcc69b159dfb63"
"skill/wire_flow.go","9fd7ec822b5758081f992366c4e6d97f1fe32142","go","skill","N09","746567ff37cf69878b74331cb9bcc69b159dfb63"
"skill/wire_input.go","a5cd3578874ab002764402c8dbb256aa4e262a04","go","skill","N09","746567ff37cf69878b74331cb9bcc69b159dfb63"
"skill/wire_motion.go","6c1e6acab51084f6118d8890dcfeb465707cb140","go","skill","N09","746567ff37cf69878b74331cb9bcc69b159dfb63"
"skill/wire_select.go","8ea668151e65140634e68f5355579eda40b362a7","go","skill","N09","746567ff37cf69878b74331cb9bcc69b159dfb63"
"skill/wire_state.go","750ddc14136f6e84f985b032a44704f9754a8cc6","go","skill","N09","746567ff37cf69878b74331cb9bcc69b159dfb63"
"skill/wire_temporal.go","e644440ac05caf858414d44992b60c315bdf5385","go","skill","N09","746567ff37cf69878b74331cb9bcc69b159dfb63"
"skill/wire_visual.go","bf49f6276e0856553cd9c96e551800e07b609e4d","go","skill","N09","746567ff37cf69878b74331cb9bcc69b159dfb63"
"spatial/block_index.go","159bd52351cc6c14fa817c77665b432b3dbadee7","go","spatial","N11","746567ff37cf69878b74331cb9bcc69b159dfb63"
"spatial/geometry.go","a4bb6907965a854e94fce77d4ad34a52e27493b1","go","spatial","N11","746567ff37cf69878b74331cb9bcc69b159dfb63"
"spatial/pathfind.go","68ca05c68dce127c79947daf3a20edbc6f642c6c","go","spatial","N11","746567ff37cf69878b74331cb9bcc69b159dfb63"
"spatial/terrain.go","def252aa6dd49164a8733434ccc06361925dfece","go","spatial","N11","746567ff37cf69878b74331cb9bcc69b159dfb63"
"sync/entitysync/counters.go","e0cf56c8450bd151b018145d49d492d66c2f7f70","go","sync","CORE-BOUNDARY","746567ff37cf69878b74331cb9bcc69b159dfb63"
"sync/entitysync/drain.go","fcf1cdc7325779633b81bf732d492cfe4be489ac","go","sync","CORE-BOUNDARY","746567ff37cf69878b74331cb9bcc69b159dfb63"
"sync/entitysync/errors.go","4143dd96cbb71288f23002a235ff036426009ed7","go","sync","CORE-BOUNDARY","746567ff37cf69878b74331cb9bcc69b159dfb63"
"sync/entitysync/flush.go","d2cde03e72dd99729d229418564985ec060ff611","go","sync","CORE-BOUNDARY","746567ff37cf69878b74331cb9bcc69b159dfb63"
"sync/entitysync/manager.go","270573aae098fa0393701325b1cc5e55e1402f6d","go","sync","CORE-BOUNDARY","746567ff37cf69878b74331cb9bcc69b159dfb63"
"sync/entitysync/mode.go","8cbd82a2e5c17aa29bcb3905c22fc3943a84d20e","go","sync","CORE-BOUNDARY","746567ff37cf69878b74331cb9bcc69b159dfb63"
"sync/entitysync/policy_queue.go","793bd0d62dbf7cf62a5f36a701e96d238d55c8db","go","sync","CORE-BOUNDARY","746567ff37cf69878b74331cb9bcc69b159dfb63"
"sync/entitysync/policy/aoi_cluster.go","c34eaa6f0334273b5c02c460bf8b4262fc30ba7e","go","sync","CORE-BOUNDARY","746567ff37cf69878b74331cb9bcc69b159dfb63"
"sync/entitysync/policy/aoi.go","0ea398fcd45b01146d62bf37426b0aa8804fb263","go","sync","CORE-BOUNDARY","746567ff37cf69878b74331cb9bcc69b159dfb63"
"sync/entitysync/policy/direct.go","b05c5381173e06c923fe6dad5d9a117c1a7f233c","go","sync","CORE-BOUNDARY","746567ff37cf69878b74331cb9bcc69b159dfb63"
"sync/entitysync/policy/group.go","1c74ea777d2705fa3b57f3d9f1a2b3db3748c9bd","go","sync","CORE-BOUNDARY","746567ff37cf69878b74331cb9bcc69b159dfb63"
"sync/entitysync/policy/interest_queue.go","5ea9b2ce5d4b0cfc2dc9a3685e066b56f7319814","go","sync","CORE-BOUNDARY","746567ff37cf69878b74331cb9bcc69b159dfb63"
"sync/entitysync/policy/interest.go","b5461a4b90bfb6a4744c86f43b52ef54a660c7d5","go","sync","CORE-BOUNDARY","746567ff37cf69878b74331cb9bcc69b159dfb63"
"sync/entitysync/policy/profiles.go","8129a4caf8fa840dd121675e70d653c98eaa04f8","go","sync","CORE-BOUNDARY","746567ff37cf69878b74331cb9bcc69b159dfb63"
"sync/entitysync/policy/source.go","eda9886643e79c7bb5b4557fc290534ab2c125a4","go","sync","CORE-BOUNDARY","746567ff37cf69878b74331cb9bcc69b159dfb63"
"sync/entitysync/session.go","e717b5f219e370c9fe4403488bdda6f76f60f725","go","sync","CORE-BOUNDARY","746567ff37cf69878b74331cb9bcc69b159dfb63"
"sync/entitysync/snapshot_budget.go","d0045068a7f30172a3d3929d52352e5c34013932","go","sync","CORE-BOUNDARY","746567ff37cf69878b74331cb9bcc69b159dfb63"
"sync/entitysync/snapshot_requests.go","5da81fc87bbfeef2e91826a0d0cdcd4e070caba7","go","sync","CORE-BOUNDARY","746567ff37cf69878b74331cb9bcc69b159dfb63"
"sync/entitysync/subject.go","b56dfa90d262e3a52407e62fc21fa063b230649a","go","sync","CORE-BOUNDARY","746567ff37cf69878b74331cb9bcc69b159dfb63"
"sync/entitysync/subscriptions.go","e596fb1fa6429db053b5848e51c78e35708b7efa","go","sync","CORE-BOUNDARY","746567ff37cf69878b74331cb9bcc69b159dfb63"
"sync/entitysync/trace.go","bd26d4a4f83de118f60381ac3d478a902d7ec709","go","sync","CORE-BOUNDARY","746567ff37cf69878b74331cb9bcc69b159dfb63"
"sync/entitysync/transport.go","e8ab50373570219d8f91304fbb34de5d16f44f9a","go","sync","CORE-BOUNDARY","746567ff37cf69878b74331cb9bcc69b159dfb63"
"sync/entitysync/wire.go","2b8f373f789cf3cb391c050dc5133d74034a8672","go","sync","CORE-BOUNDARY","746567ff37cf69878b74331cb9bcc69b159dfb63"
"sync/entitysync/workspace.go","5017d6478f5c0b99396e193581e2b7b83cddfb34","go","sync","CORE-BOUNDARY","746567ff37cf69878b74331cb9bcc69b159dfb63"
"sync/frame/codec.go","cef2138d4a1912fb484cb20700b80b304e9f46e4","go","sync","CORE-BOUNDARY","746567ff37cf69878b74331cb9bcc69b159dfb63"
"sync/frame/frame_limits.go","ed036cdd00eded096fabcd9661fa1b5d48168e70","go","sync","CORE-BOUNDARY","746567ff37cf69878b74331cb9bcc69b159dfb63"
"sync/lockstep/assembler.go","aede593eb471dcd9d3696af7579e23ccc61a5f61","go","sync","CORE-BOUNDARY","746567ff37cf69878b74331cb9bcc69b159dfb63"
"sync/lockstep/desync.go","08d71c267d2bdf7c8e65a962d1b92abebbae8d3a","go","sync","CORE-BOUNDARY","746567ff37cf69878b74331cb9bcc69b159dfb63"
"sync/lockstep/history.go","8bbac9dd7b8a9e607916e7d9e0660a811265d50f","go","sync","CORE-BOUNDARY","746567ff37cf69878b74331cb9bcc69b159dfb63"
"sync/lockstep/room.go","a5fce6b8893c0d2dd14ddb15846d7b360e456e10","go","sync","CORE-BOUNDARY","746567ff37cf69878b74331cb9bcc69b159dfb63"
"sync/lockstep/sequencer.go","fde2251858b9fa93896ed55c59db695c125b7065","go","sync","CORE-BOUNDARY","746567ff37cf69878b74331cb9bcc69b159dfb63"
"sync/lockstep/wire.go","b357a8467ccc1a02c17907ef4d2db920406201c0","go","sync","CORE-BOUNDARY","746567ff37cf69878b74331cb9bcc69b159dfb63"
"sync/nettransport/channel.go","bd30a2c8918f1e5ffdcd907b75856341215611ba","go","sync","CORE-BOUNDARY","746567ff37cf69878b74331cb9bcc69b159dfb63"
"sync/nettransport/counters.go","70d4477885697f4151824b741bb0348f4fc0175a","go","sync","CORE-BOUNDARY","746567ff37cf69878b74331cb9bcc69b159dfb63"
"sync/nettransport/kcp_transport.go","6bf2f983014ca93de0e8cf45ab04f2dabcc46f90","go","sync","CORE-BOUNDARY","746567ff37cf69878b74331cb9bcc69b159dfb63"
"sync/nettransport/quic_transport.go","8439670ab6b32ef2ceb7f7b3aa99e15bd2cf6dfd","go","sync","CORE-BOUNDARY","746567ff37cf69878b74331cb9bcc69b159dfb63"
"sync/nettransport/sender.go","8b0f6762a74be423255c3c1d36787743b0d4d296","go","sync","CORE-BOUNDARY","746567ff37cf69878b74331cb9bcc69b159dfb63"
"sync/nettransport/session.go","3cb24bcf5ce60cc2d878faf9b6f17feb6283e7b9","go","sync","CORE-BOUNDARY","746567ff37cf69878b74331cb9bcc69b159dfb63"
"sync/nettransport/transport.go","fa830b64befd77d5731e20e5eaeefff320d90b1d","go","sync","CORE-BOUNDARY","746567ff37cf69878b74331cb9bcc69b159dfb63"
"sync/nettransport/udp_crypto.go","5e8033673e109d0755f91ddcc3fa689e34328fd6","go","sync","CORE-BOUNDARY","746567ff37cf69878b74331cb9bcc69b159dfb63"
"sync/nettransport/udp_transport.go","e33aecb9f65f4557a720ec3beb1a8e5f9bebab1f","go","sync","CORE-BOUNDARY","746567ff37cf69878b74331cb9bcc69b159dfb63"
"sync/syncbus/delivery_id.go","b3d9e89e780691e8cd1a75ddb2f58e0b5969e92e","go","sync","CORE-BOUNDARY","746567ff37cf69878b74331cb9bcc69b159dfb63"
"sync/syncbus/driver/jetstream.go","6463c8e249b599803aad9c2052223dda08c40efe","go","sync","CORE-BOUNDARY","746567ff37cf69878b74331cb9bcc69b159dfb63"
"sync/syncbus/driver/nats.go","deac4155e1d11a64a3172e546a3caf07379f595d","go","sync","CORE-BOUNDARY","746567ff37cf69878b74331cb9bcc69b159dfb63"
"sync/syncbus/mirror/envelope.go","61ca80ae8fe0560d37b19e12fcbb7f56a403d3fb","go","sync","CORE-BOUNDARY","746567ff37cf69878b74331cb9bcc69b159dfb63"
"sync/syncbus/patch_syncer.go","2b543f40a79b7d79cdfa3c83d136452fd7907dfe","go","sync","CORE-BOUNDARY","746567ff37cf69878b74331cb9bcc69b159dfb63"
"sync/syncbus/sync.go","286dd40e5f01024e886089969baa08983edb4791","go","sync","CORE-BOUNDARY","746567ff37cf69878b74331cb9bcc69b159dfb63"
"syncstream/file_durability_unix.go","a4fd2f56ebb5500d7b0741fadb82811dcb373346","go","syncstream","CORE-BOUNDARY","746567ff37cf69878b74331cb9bcc69b159dfb63"
"syncstream/file_durability_windows.go","202443c7e65f1d09c1225fbe86f2507c242967b8","go","syncstream","CORE-BOUNDARY","746567ff37cf69878b74331cb9bcc69b159dfb63"
"syncstream/file_journal.go","46a0aea1b01594f581aef14ee7eaae6d41b6391f","go","syncstream","CORE-BOUNDARY","746567ff37cf69878b74331cb9bcc69b159dfb63"
"syncstream/lifecycle_journal.go","5e0b6071dc4e8746c565c206c2a006e4b65ad4a1","go","syncstream","CORE-BOUNDARY","746567ff37cf69878b74331cb9bcc69b159dfb63"
"syncstream/observability_impl.go","8728d59946b25190df118752cc3a4da0627e69a7","go","syncstream","CORE-BOUNDARY","746567ff37cf69878b74331cb9bcc69b159dfb63"
"syncstream/observability.go","dd4659c90456181482a706fae3a028a6a232a2ff","go","syncstream","CORE-BOUNDARY","746567ff37cf69878b74331cb9bcc69b159dfb63"
"syncstream/publisher.go","10d3e627d4aac382026f78354232110a90ce3ed2","go","syncstream","CORE-BOUNDARY","746567ff37cf69878b74331cb9bcc69b159dfb63"
"syncstream/syncstream.go","4da5bb797861b65040c8efbe2d634f5420212a2e","go","syncstream","CORE-BOUNDARY","746567ff37cf69878b74331cb9bcc69b159dfb63"
"timer/scheduler.go","ca9180d9bbca8137127568828f6774cb1ad5c923","go","timer","N11","746567ff37cf69878b74331cb9bcc69b159dfb63"
"versionstore/codec.go","6bd73b6a85bed1ba21744ba54fca52bd23929fce","go","versionstore","CORE-BOUNDARY","746567ff37cf69878b74331cb9bcc69b159dfb63"
"versionstore/memory_store.go","74b6fc02219c12a5f87b4a5ffe9f84dfe58c71c5","go","versionstore","CORE-BOUNDARY","746567ff37cf69878b74331cb9bcc69b159dfb63"
"versionstore/redis_store.go","59bca77f6df0432603c9e9799924ffe6bb7373d0","go","versionstore","CORE-BOUNDARY","746567ff37cf69878b74331cb9bcc69b159dfb63"
"versionstore/versionstore.go","1080486516b2abae2718fe44462a280a1176340c","go","versionstore","CORE-BOUNDARY","746567ff37cf69878b74331cb9bcc69b159dfb63"
"webroute/route.go","81f71365b5b679a849ae9348c31919ed008c70f8","go","webroute","N02","746567ff37cf69878b74331cb9bcc69b159dfb63"
"worker/pool.go","2684803f598f818818e49695d85028040aa205ca","go","worker","CORE-BOUNDARY","746567ff37cf69878b74331cb9bcc69b159dfb63"
"worker/worker.go","91cc44214c373a8e05a45cead8a3184864d66ff8","go","worker","CORE-BOUNDARY","746567ff37cf69878b74331cb9bcc69b159dfb63"
